week_start,sku_id,units_sold,gb_prediction,forecast_lower_80,forecast_upper_80
2023-07-03,S001_P0001,611,982.6489135417187,592.1159225349827,1342.6674763999554
2023-07-10,S001_P0001,797,957.2259110112612,566.6929200045251,1317.244473869498
2023-07-17,S001_P0001,1217,979.8572074871205,589.3242164803844,1339.875770345357
2023-07-24,S001_P0001,1470,967.8305137373319,577.2975227305958,1327.8490765955685
2023-07-31,S001_P0001,969,969.6559068493946,579.1229158426586,1329.6744697076313
2023-08-07,S001_P0001,1261,969.6559068493946,579.1229158426586,1329.6744697076313
2023-08-14,S001_P0001,999,959.4541276799721,568.9211366732361,1319.4726905382088
2023-08-21,S001_P0001,981,952.658796030603,562.1258050238669,1312.6773588888395
2023-08-28,S001_P0001,722,969.6559068493946,579.1229158426586,1329.6744697076313
2023-09-04,S001_P0001,771,972.5849380602817,582.0519470535457,1332.6035009185184
2023-09-11,S001_P0001,462,939.7079539517127,549.1749629449766,1299.7265168099493
2023-09-18,S001_P0001,1292,949.7451837685833,559.2121927618473,1309.76374662682
2023-09-25,S001_P0001,1083,927.5253641397828,536.9923731330468,1287.5439269980195
2023-10-02,S001_P0001,856,952.6611334589236,562.1281424521876,1312.6796963171603
2023-10-09,S001_P0001,506,937.1703533622085,546.6373623554725,1297.1889162204452
2023-10-16,S001_P0001,1103,871.6748750124177,481.1418840056817,1231.6934378706544
2023-10-23,S001_P0001,1098,961.3398305753029,570.8068395685668,1321.3583934335397
2023-10-30,S001_P0001,1164,961.3398305753029,570.8068395685668,1321.3583934335397
2023-11-06,S001_P0001,899,921.5230439721151,530.9900529653792,1281.5416068303518
2023-11-13,S001_P0001,928,952.6611334589236,562.1281424521876,1312.6796963171603
2023-11-20,S001_P0001,1183,952.6611334589236,562.1281424521876,1312.6796963171603
2023-11-27,S001_P0001,1137,955.2622755116304,564.7292845048944,1315.280838369867
2023-12-04,S001_P0001,904,893.5775545798424,503.04456357310636,1253.596117438079
2023-12-11,S001_P0001,805,919.8904738706564,529.3574828639203,1279.9090367288932
2023-12-18,S001_P0001,1285,963.9062409439024,573.3732499371663,1323.9248038021392
2023-12-25,S001_P0001,619,961.3398305753029,570.8068395685668,1321.3583934335397
2023-07-03,S001_P0002,1291,975.655522002899,585.122530996163,1335.6740848611357
2023-07-10,S001_P0002,951,935.604228048551,545.071237041815,1295.6227909067877
2023-07-17,S001_P0002,333,935.604228048551,545.071237041815,1295.6227909067877
2023-07-24,S001_P0002,810,1008.7156104385774,618.1826194318414,1368.734173296814
2023-07-31,S001_P0002,947,962.8600966683289,572.3271056615929,1322.8786595265656
2023-08-07,S001_P0002,704,962.5345449384691,572.001553931733,1322.5531077967057
2023-08-14,S001_P0002,580,983.8928578941543,593.3598668874183,1343.911420752391
2023-08-21,S001_P0002,840,939.1849933452168,548.6520023384808,1299.2035562034534
2023-08-28,S001_P0002,634,968.6121000021417,578.0791089954057,1328.6306628603784
2023-09-04,S001_P0002,607,947.8660278899167,557.3330368831807,1307.8845907481534
2023-09-11,S001_P0002,628,939.1873307735374,548.6543397668013,1299.205893631774
2023-09-18,S001_P0002,715,985.7163645790332,595.1833735722971,1345.73492743727
2023-09-25,S001_P0002,861,962.9279218773482,572.3949308706121,1322.9464847355848
2023-10-02,S001_P0002,1166,918.8466670234035,528.3136760166674,1278.86522988164
2023-10-09,S001_P0002,985,960.29602372805,569.763032721314,1320.3145865862866
2023-10-16,S001_P0002,671,948.5369093531737,558.0039183464376,1308.5554722114102
2023-10-23,S001_P0002,704,938.7080555677471,548.1750645610111,1298.7266184259838
2023-10-30,S001_P0002,398,973.511344488365,582.978353481629,1333.5299073466017
2023-11-06,S001_P0002,974,943.6676287049107,553.1346376981746,1303.6861915631475
2023-11-13,S001_P0002,1248,960.29602372805,569.763032721314,1320.3145865862866
2023-11-20,S001_P0002,1628,954.2184686643775,563.6854776576415,1314.2370315226142
2023-11-27,S001_P0002,904,874.1278975693908,483.5949065626548,1234.1464604276275
2023-12-04,S001_P0002,847,952.6611334589236,562.1281424521876,1312.6796963171603
2023-12-11,S001_P0002,580,952.6611334589236,562.1281424521876,1312.6796963171603
2023-12-18,S001_P0002,1123,937.66669921357,547.133708206834,1297.6852620718068
2023-12-25,S001_P0002,485,944.6487143379567,554.1157233312206,1304.6672771961935
2023-07-03,S001_P0003,898,952.658796030603,562.1258050238669,1312.6773588888395
2023-07-10,S001_P0003,1658,952.658796030603,562.1258050238669,1312.6773588888395
2023-07-17,S001_P0003,719,980.0036242086675,589.4706332019314,1340.0221870669043
2023-07-24,S001_P0003,695,963.9039035155818,573.3709125088458,1323.9224663738185
2023-07-31,S001_P0003,1037,958.3363921223802,567.8034011156442,1318.3549549806169
2023-08-07,S001_P0003,844,967.0914684421743,576.5584774354384,1327.110031300411
2023-08-14,S001_P0003,1514,968.6121000021417,578.0791089954057,1328.6306628603784
2023-08-21,S001_P0003,914,971.8266086764122,581.2936176696762,1331.845171534649
2023-08-28,S001_P0003,868,963.578351785722,573.0453607789859,1323.5969146439588
2023-09-04,S001_P0003,1488,952.6611334589236,562.1281424521876,1312.6796963171603
2023-09-11,S001_P0003,1161,961.3398305753029,570.8068395685668,1321.3583934335397
2023-09-18,S001_P0003,791,961.3398305753029,570.8068395685668,1321.3583934335397
2023-09-25,S001_P0003,1489,972.5849380602817,582.0519470535457,1332.6035009185184
2023-10-02,S001_P0003,999,952.6611334589236,562.1281424521876,1312.6796963171603
2023-10-09,S001_P0003,544,961.3398305753029,570.8068395685668,1321.3583934335397
2023-10-16,S001_P0003,731,973.3632703000209,582.8302792932848,1333.3818331582575
2023-10-23,S001_P0003,771,972.5849380602817,582.0519470535457,1332.6035009185184
2023-10-30,S001_P0003,1189,962.8624340966495,572.3294430899134,1322.880996954886
2023-11-06,S001_P0003,697,960.29602372805,569.763032721314,1320.3145865862866
2023-11-13,S001_P0003,695,947.4167233025059,556.88373229577,1307.4352861607426
2023-11-20,S001_P0003,1057,989.3912840973721,598.8582930906362,1349.4098469556088
2023-11-27,S001_P0003,1065,929.5066533139868,538.9736623072508,1289.5252161722235
2023-12-04,S001_P0003,1172,951.6173266116707,561.0843356049347,1311.6358894699074
2023-12-11,S001_P0003,941,1007.9236974319186,617.3907064251825,1367.9422602901554
2023-12-18,S001_P0003,655,913.9444456477057,523.4114546409696,1273.9630085059425
2023-12-25,S001_P0003,1337,936.1069135150403,545.5739225083043,1296.125476373277
2023-07-03,S001_P0004,956,912.4570636311404,521.9240726244043,1272.4756264893772
2023-07-10,S001_P0004,1029,948.7578021061317,558.2248110993958,1308.7763649643684
2023-07-17,S001_P0004,1074,969.6559068493946,579.1229158426586,1329.6744697076313
2023-07-24,S001_P0004,741,969.6559068493946,579.1229158426586,1329.6744697076313
2023-07-31,S001_P0004,615,980.9010143343734,590.3680233276373,1340.9195771926102
2023-08-07,S001_P0004,442,873.9897172970412,483.4567262903052,1234.008280155278
2023-08-14,S001_P0004,479,958.0612600426749,567.5282690359388,1318.0798229009115
2023-08-21,S001_P0004,723,967.798094938466,577.26510393173,1327.8166577967027
2023-08-28,S001_P0004,910,999.3306253260112,608.7976343192752,1359.3491881842479
2023-09-04,S001_P0004,1318,991.0545883906206,600.5215973838845,1351.0731512488574
2023-09-11,S001_P0004,1023,938.1784450945293,547.6454540877933,1298.197007952766
2023-09-18,S001_P0004,1384,982.6512509700393,592.1182599633032,1342.669813828276
2023-09-25,S001_P0004,1166,952.6611334589236,562.1281424521876,1312.6796963171603
2023-10-02,S001_P0004,858,961.3398305753029,570.8068395685668,1321.3583934335397
2023-10-09,S001_P0004,592,952.6611334589236,562.1281424521876,1312.6796963171603
2023-10-16,S001_P0004,1378,948.9098347371696,558.3768437304336,1308.9283975954063
2023-10-23,S001_P0004,1444,955.2622755116304,564.7292845048944,1315.280838369867
2023-10-30,S001_P0004,845,955.2622755116304,564.7292845048944,1315.280838369867
2023-11-06,S001_P0004,1192,945.6925211852096,555.1595301784735,1305.7110840434461
2023-11-13,S001_P0004,1099,952.6611334589236,562.1281424521876,1312.6796963171603
2023-11-20,S001_P0004,1245,952.6611334589236,562.1281424521876,1312.6796963171603
2023-11-27,S001_P0004,807,999.1901672644194,608.6571762576834,1359.208730122656
2023-12-04,S001_P0004,1478,972.5849380602817,582.0519470535457,1332.6035009185184
2023-12-11,S001_P0004,773,957.215606469553,566.682615462817,1317.2341693277897
2023-12-18,S001_P0004,795,1010.4352747493982,619.9022837426621,1370.4538376076348
2023-12-25,S001_P0004,1116,999.0165217860944,608.4835307793583,1359.0350846443312
2023-07-03,S001_P0005,1028,952.658796030603,562.1258050238669,1312.6773588888395
2023-07-10,S001_P0005,1036,969.6559068493946,579.1229158426586,1329.6744697076313
2023-07-17,S001_P0005,971,952.658796030603,562.1258050238669,1312.6773588888395
2023-07-24,S001_P0005,768,969.6559068493946,579.1229158426586,1329.6744697076313
2023-07-31,S001_P0005,597,976.7767902286234,586.2437992218875,1336.7953530868601
2023-08-07,S001_P0005,677,983.3130028537709,592.7800118470348,1343.3315657120074
2023-08-14,S001_P0005,757,956.1821041640084,565.6491131572723,1316.200667022245
2023-08-21,S001_P0005,704,955.8914843946148,565.3584933878788,1315.9100472528517
2023-08-28,S001_P0005,910,987.9049758261292,597.3719848193932,1347.923538684366
2023-09-04,S001_P0005,1122,951.6173266116707,561.0843356049347,1311.6358894699074
2023-09-11,S001_P0005,1028,954.2184686643775,563.6854776576415,1314.2370315226142
2023-09-18,S001_P0005,1425,955.2622755116304,564.7292845048944,1315.280838369867
2023-09-25,S001_P0005,591,945.1350251859462,554.6020341792102,1305.153588044183
2023-10-02,S001_P0005,559,940.2311376207903,549.6981466140542,1300.249700479027
2023-10-09,S001_P0005,928,942.832279673497,552.299288666761,1302.8508425317336
2023-10-16,S001_P0005,787,951.6173266116707,561.0843356049347,1311.6358894699074
2023-10-23,S001_P0005,1021,965.4635761493563,574.9305851426202,1325.482139007593
2023-10-30,S001_P0005,1065,944.6487143379567,554.1157233312206,1304.6672771961935
2023-11-06,S001_P0005,707,952.6611334589236,562.1281424521876,1312.6796963171603
2023-11-13,S001_P0005,878,1001.9441267940268,611.4111357872907,1361.9626896522636
2023-11-20,S001_P0005,886,999.1901672644194,608.6571762576834,1359.208730122656
2023-11-27,S001_P0005,909,954.2184686643775,563.6854776576415,1314.2370315226142
2023-12-04,S001_P0005,1099,960.29602372805,569.763032721314,1320.3145865862866
2023-12-11,S001_P0005,989,961.3398305753029,570.8068395685668,1321.3583934335397
2023-12-18,S001_P0005,1226,961.3398305753029,570.8068395685668,1321.3583934335397
2023-12-25,S001_P0005,1087,952.6611334589236,562.1281424521876,1312.6796963171603
2023-07-03,S001_P0006,809,994.3721983744517,603.8392073677157,1354.3907612326884
2023-07-10,S001_P0006,779,993.8940210266975,603.3610300199614,1353.912583884934
2023-07-17,S001_P0006,908,980.9010143343734,590.3680233276373,1340.9195771926102
2023-07-24,S001_P0006,804,945.6901837568889,555.157192750153,1305.7087466151256
2023-07-31,S001_P0006,1050,962.8600966683289,572.3271056615929,1322.8786595265656
2023-08-07,S001_P0006,690,951.6149891833501,561.081998176614,1311.6335520415869
2023-08-14,S001_P0006,627,895.4645279359587,504.93153692922266,1255.4830907941955
2023-08-21,S001_P0006,521,988.4331661848471,597.9001751781111,1348.4517290430838
2023-08-28,S001_P0006,1079,928.1891165158933,537.6561255091572,1288.2076793741298
2023-09-04,S001_P0006,846,965.0193994377776,574.4864084310416,1325.0379622960143
2023-09-11,S001_P0006,838,951.6173266116707,561.0843356049347,1311.6358894699074
2023-09-18,S001_P0006,1387,977.8541748957084,587.3211838889724,1337.872737753945
2023-09-25,S001_P0006,1487,961.3398305753029,570.8068395685668,1321.3583934335397
2023-10-02,S001_P0006,1278,952.6611334589236,562.1281424521876,1312.6796963171603
2023-10-09,S001_P0006,1168,912.9218615969423,522.3888705902064,1272.940424455179
2023-10-16,S001_P0006,933,961.3398305753029,570.8068395685668,1321.3583934335397
2023-10-23,S001_P0006,825,999.1901672644194,608.6571762576834,1359.208730122656
2023-10-30,S001_P0006,1056,952.6611334589236,562.1281424521876,1312.6796963171603
2023-11-06,S001_P0006,1156,955.2622755116304,564.7292845048944,1315.280838369867
2023-11-13,S001_P0006,813,952.6611334589236,562.1281424521876,1312.6796963171603
2023-11-20,S001_P0006,605,972.5849380602817,582.0519470535457,1332.6035009185184
2023-11-27,S001_P0006,616,940.2311376207903,549.6981466140542,1300.249700479027
2023-12-04,S001_P0006,853,900.4706429623195,509.9376519555835,1260.4892058205562
2023-12-11,S001_P0006,778,960.29602372805,569.763032721314,1320.3145865862866
2023-12-18,S001_P0006,969,962.8624340966495,572.3294430899134,1322.880996954886
2023-12-25,S001_P0006,519,951.6173266116707,561.0843356049347,1311.6358894699074
2023-07-03,S001_P0007,934,968.6121000021417,578.0791089954057,1328.6306628603784
2023-07-10,S001_P0007,1186,951.6149891833501,561.081998176614,1311.6335520415869
2023-07-17,S001_P0007,879,952.658796030603,562.1258050238669,1312.6773588888395
2023-07-24,S001_P0007,1077,969.6559068493946,579.1229158426586,1329.6744697076313
2023-07-31,S001_P0007,1058,1007.5062435385111,616.973252531775,1367.5248063967479
2023-08-07,S001_P0007,745,969.6559068493946,579.1229158426586,1329.6744697076313
2023-08-14,S001_P0007,723,980.9010143343734,590.3680233276373,1340.9195771926102
2023-08-21,S001_P0007,938,980.9010143343734,590.3680233276373,1340.9195771926102
2023-08-28,S001_P0007,850,962.5345449384691,572.001553931733,1322.5531077967057
2023-09-04,S001_P0007,470,951.6173266116707,561.0843356049347,1311.6358894699074
2023-09-11,S001_P0007,787,949.7451837685833,559.2121927618473,1309.76374662682
2023-09-18,S001_P0007,741,997.9727149388415,607.4397239321054,1357.991277797078
2023-09-25,S001_P0007,871,951.7695977171855,561.2366067104495,1311.7881605754224
2023-10-02,S001_P0007,704,888.4399371225196,497.90694611578357,1248.4584999807562
2023-10-09,S001_P0007,1007,946.8182399637703,556.2852489570344,1306.836802822007
2023-10-16,S001_P0007,343,951.6173266116707,561.0843356049347,1311.6358894699074
2023-10-23,S001_P0007,746,969.1444113689734,578.6114203622374,1329.16297422721
2023-10-30,S001_P0007,579,967.4169071072789,576.8839161005428,1327.4354699655155
2023-11-06,S001_P0007,992,939.1873307735374,548.6543397668013,1299.205893631774
2023-11-13,S001_P0007,887,947.6052086796958,557.0722176729598,1307.6237715379325
2023-11-20,S001_P0007,1230,960.29602372805,569.763032721314,1320.3145865862866
2023-11-27,S001_P0007,797,957.215606469553,566.682615462817,1317.2341693277897
2023-12-04,S001_P0007,1041,993.8963584550181,603.3633674482821,1353.9149213132548
2023-12-11,S001_P0007,1452,961.3398305753029,570.8068395685668,1321.3583934335397
2023-12-18,S001_P0007,841,961.3398305753029,570.8068395685668,1321.3583934335397
2023-12-25,S001_P0007,1198,955.2622755116304,564.7292845048944,1315.280838369867
2023-07-03,S001_P0008,1199,952.658796030603,562.1258050238669,1312.6773588888395
2023-07-10,S001_P0008,1109,969.6559068493946,579.1229158426586,1329.6744697076313
2023-07-17,S001_P0008,679,969.6559068493946,579.1229158426586,1329.6744697076313
2023-07-24,S001_P0008,842,951.1483559475887,560.6153649408527,1311.1669188058254
2023-07-31,S001_P0008,1025,969.6559068493946,579.1229158426586,1329.6744697076313
2023-08-07,S001_P0008,1026,952.658796030603,562.1258050238669,1312.6773588888395
2023-08-14,S001_P0008,869,963.578351785722,573.0453607789859,1323.5969146439588
2023-08-21,S001_P0008,998,969.6559068493946,579.1229158426586,1329.6744697076313
2023-08-28,S001_P0008,801,1007.5062435385111,616.973252531775,1367.5248063967479
2023-09-04,S001_P0008,954,972.5849380602817,582.0519470535457,1332.6035009185184
2023-09-11,S001_P0008,431,952.6611334589236,562.1281424521876,1312.6796963171603
2023-09-18,S001_P0008,760,941.0664866522039,550.5334956454678,1301.0850495104405
2023-09-25,S001_P0008,915,971.5411312130288,581.0081402062929,1331.5596940712655
2023-10-02,S001_P0008,870,954.2184686643775,563.6854776576415,1314.2370315226142
2023-10-09,S001_P0008,1135,915.7522675808617,525.2192765741256,1275.7708304390985
2023-10-16,S001_P0008,1025,955.2622755116304,564.7292845048944,1315.280838369867
2023-10-23,S001_P0008,2269,952.6611334589236,562.1281424521876,1312.6796963171603
2023-10-30,S001_P0008,1587,824.7162067593971,434.18321575266106,1184.734769617634
2023-11-06,S001_P0008,983,782.7785239427325,392.24553293599644,1142.7970868009693
2023-11-13,S001_P0008,853,759.5792239363342,369.04623292959815,1119.5977867945708
2023-11-20,S001_P0008,726,699.9370478841613,309.40405687742526,1059.955610742398
2023-11-27,S001_P0008,1053,993.8963584550181,603.3633674482821,1353.9149213132548
2023-12-04,S001_P0008,419,957.215606469553,566.682615462817,1317.2341693277897
2023-12-11,S001_P0008,1109,941.0664866522039,550.5334956454678,1301.0850495104405
2023-12-18,S001_P0008,961,960.29602372805,569.763032721314,1320.3145865862866
2023-12-25,S001_P0008,1044,1098.4912513334284,707.9582603266924,1458.509814191665
2023-07-03,S001_P0009,889,952.658796030603,562.1258050238669,1312.6773588888395
2023-07-10,S001_P0009,858,992.1935054205424,601.6605144138064,1352.212068278779
2023-07-17,S001_P0009,1633,952.658796030603,562.1258050238669,1312.6773588888395
2023-07-24,S001_P0009,962,952.658796030603,562.1258050238669,1312.6773588888395
2023-07-31,S001_P0009,1289,952.658796030603,562.1258050238669,1312.6773588888395
2023-08-07,S001_P0009,282,919.8881364423357,529.3551454355998,1279.9066993005724
2023-08-14,S001_P0009,1224,992.392424438918,601.859433432182,1352.4109872971549
2023-08-21,S001_P0009,1117,967.0914684421743,576.5584774354384,1327.110031300411
2023-08-28,S001_P0009,1296,947.2371705461644,556.7041795394284,1307.255733404401
2023-09-04,S001_P0009,872,906.8232061180756,516.2902151113396,1266.8417689763123
2023-09-11,S001_P0009,1188,941.5682970794596,551.0353060727236,1301.5868599376963
2023-09-18,S001_P0009,981,948.5369093531737,558.0039183464376,1308.5554722114102
2023-09-25,S001_P0009,902,945.1350251859462,554.6020341792102,1305.153588044183
2023-10-02,S001_P0009,1294,952.6611334589236,562.1281424521876,1312.6796963171603
2023-10-09,S001_P0009,1221,999.1901672644194,608.6571762576834,1359.208730122656
2023-10-16,S001_P0009,647,948.5369093531737,558.0039183464376,1308.5554722114102
2023-10-23,S001_P0009,877,948.9098347371696,558.3768437304336,1308.9283975954063
2023-10-30,S001_P0009,1676,952.6611334589236,562.1281424521876,1312.6796963171603
2023-11-06,S001_P0009,819,969.1231095273556,578.5901185206196,1329.1416723855923
2023-11-13,S001_P0009,960,961.3418025366822,570.8088115299461,1321.360365394919
2023-11-20,S001_P0009,920,955.2622755116304,564.7292845048944,1315.280838369867
2023-11-27,S001_P0009,780,961.3398305753029,570.8068395685668,1321.3583934335397
2023-12-04,S001_P0009,820,955.8938218229355,565.3608308161995,1315.9123846811722
2023-12-11,S001_P0009,1423,904.8226620648212,514.2896710580851,1264.8412249230578
2023-12-18,S001_P0009,1411,982.6512509700393,592.1182599633032,1342.669813828276
2023-12-25,S001_P0009,765,952.6611334589236,562.1281424521876,1312.6796963171603
2023-07-03,S001_P0010,1131,952.658796030603,562.1258050238669,1312.6773588888395
2023-07-10,S001_P0010,701,948.534571924853,558.001580918117,1308.5531347830897
2023-07-17,S001_P0010,559,960.9008305296004,570.3678395228644,1320.919393387837
2023-07-24,S001_P0010,738,957.2259110112612,566.6929200045251,1317.244473869498
2023-07-31,S001_P0010,1226,962.8600966683289,572.3271056615929,1322.8786595265656
2023-08-07,S001_P0010,1175,962.5345449384691,572.001553931733,1322.5531077967057
2023-08-14,S001_P0010,1192,963.578351785722,573.0453607789859,1323.5969146439588
2023-08-21,S001_P0010,1369,952.658796030603,562.1258050238669,1312.6773588888395
2023-08-28,S001_P0010,890,969.6559068493946,579.1229158426586,1329.6744697076313
2023-09-04,S001_P0010,1095,955.2622755116304,564.7292845048944,1315.280838369867
2023-09-11,S001_P0010,1284,961.3398305753029,570.8068395685668,1321.3583934335397
2023-09-18,S001_P0010,1138,952.6611334589236,562.1281424521876,1312.6796963171603
2023-09-25,S001_P0010,1271,961.3398305753029,570.8068395685668,1321.3583934335397
2023-10-02,S001_P0010,953,961.3398305753029,570.8068395685668,1321.3583934335397
2023-10-09,S001_P0010,673,961.3398305753029,570.8068395685668,1321.3583934335397
2023-10-16,S001_P0010,960,948.9098347371696,558.3768437304336,1308.9283975954063
2023-10-23,S001_P0010,1031,982.6512509700393,592.1182599633032,1342.669813828276
2023-10-30,S001_P0010,427,961.3398305753029,570.8068395685668,1321.3583934335397
2023-11-06,S001_P0010,916,985.194496160758,594.661505154022,1345.2130590189947
2023-11-13,S001_P0010,1046,981.6074441227864,591.0744531160503,1341.6260069810232
2023-11-20,S001_P0010,619,956.3555613102931,565.8225703035571,1316.3741241685298
2023-11-27,S001_P0010,1807,935.1752128415625,544.6422218348264,1295.193775699799
2023-12-04,S001_P0010,823,900.246431238032,509.7134402312959,1260.2649940962688
2023-12-11,S001_P0010,755,913.1031492893123,522.5701582825764,1273.121712147549
2023-12-18,S001_P0010,1031,932.6216884167541,542.0886974100181,1292.6402512749908
2023-12-25,S001_P0010,1022,1015.612782739149,625.079791732413,1375.6313455973857
2023-07-03,S001_P0011,879,884.2880917936814,493.7551007869453,1244.306654651918
2023-07-10,S001_P0011,802,918.6071172297594,528.0741262230233,1278.625680087996
2023-07-17,S001_P0011,1007,955.8914843946148,565.3584933878788,1315.9100472528517
2023-07-24,S001_P0011,1032,951.6149891833501,561.081998176614,1311.6335520415869
2023-07-31,S001_P0011,855,969.6559068493946,579.1229158426586,1329.6744697076313
2023-08-07,S001_P0011,811,982.6489135417187,592.1159225349827,1342.6674763999554
2023-08-14,S001_P0011,854,993.8940210266975,603.3610300199614,1353.912583884934
2023-08-21,S001_P0011,957,965.5316827436446,574.9986917369085,1325.5502456018812
2023-08-28,S001_P0011,1243,951.6149891833501,561.081998176614,1311.6335520415869
2023-09-04,S001_P0011,1331,955.2622755116304,564.7292845048944,1315.280838369867
2023-09-11,S001_P0011,1637,928.5691709870357,538.0361799802997,1288.5877338452724
2023-09-18,S001_P0011,878,945.1350251859462,554.6020341792102,1305.153588044183
2023-09-25,S001_P0011,1612,961.3398305753029,570.8068395685668,1321.3583934335397
2023-10-02,S001_P0011,752,1039.3412137492026,648.8082227424666,1399.3597766074392
2023-10-09,S001_P0011,1020,926.1570148387816,535.6240238320456,1286.1755776970183
2023-10-16,S001_P0011,1273,999.1901672644194,608.6571762576834,1359.208730122656
2023-10-23,S001_P0011,725,952.6611334589236,562.1281424521876,1312.6796963171603
2023-10-30,S001_P0011,1189,966.5073829966092,575.9743919898731,1326.5259458548458
2023-11-06,S001_P0011,1233,986.0561221003601,595.523131093624,1346.0746849585967
2023-11-13,S001_P0011,406,986.0561221003601,595.523131093624,1346.0746849585967
2023-11-20,S001_P0011,1202,1139.724196991353,749.191205984617,1499.7427598495897
2023-11-27,S001_P0011,846,952.6611334589236,562.1281424521876,1312.6796963171603
2023-12-04,S001_P0011,1437,961.3398305753029,570.8068395685668,1321.3583934335397
2023-12-11,S001_P0011,800,954.9229718602247,564.3899808534886,1314.9415347184613
2023-12-18,S001_P0011,1295,931.1355813556352,540.6025903488992,1291.1541442138719
2023-12-25,S001_P0011,1035,952.6611334589236,562.1281424521876,1312.6796963171603
2023-07-03,S001_P0012,971,939.1849933452168,548.6520023384808,1299.2035562034534
2023-07-10,S001_P0012,1280,1019.1781231233907,628.6451321166546,1379.1966859816275
2023-07-17,S001_P0012,1202,994.3721983744517,603.8392073677157,1354.3907612326884
2023-07-24,S001_P0012,1655,969.6559068493946,579.1229158426586,1329.6744697076313
2023-07-31,S001_P0012,884,963.0065133898759,572.4735223831399,1323.0250762481126
2023-08-07,S001_P0012,951,963.578351785722,573.0453607789859,1323.5969146439588
2023-08-14,S001_P0012,831,945.1326877576256,554.5996967508895,1305.1512506158624
2023-08-21,S001_P0012,1005,948.534571924853,558.001580918117,1308.5531347830897
2023-08-28,S001_P0012,648,969.6559068493946,579.1229158426586,1329.6744697076313
2023-09-04,S001_P0012,892,947.8660278899167,557.3330368831807,1307.8845907481534
2023-09-11,S001_P0012,699,960.29602372805,569.763032721314,1320.3145865862866
2023-09-18,S001_P0012,1097,951.5409474082559,561.0079564015198,1311.5595102664925
2023-09-25,S001_P0012,1189,944.6487143379567,554.1157233312206,1304.6672771961935
2023-10-02,S001_P0012,1020,945.6925211852096,555.1595301784735,1305.7110840434461
2023-10-09,S001_P0012,916,987.7714143011156,597.2384232943796,1347.7899771593522
2023-10-16,S001_P0012,1124,952.6611334589236,562.1281424521876,1312.6796963171603
2023-10-23,S001_P0012,951,961.3398305753029,570.8068395685668,1321.3583934335397
2023-10-30,S001_P0012,933,945.6925211852096,555.1595301784735,1305.7110840434461
2023-11-06,S001_P0012,584,955.2622755116304,564.7292845048944,1315.280838369867
2023-11-13,S001_P0012,770,948.9098347371696,558.3768437304336,1308.9283975954063
2023-11-20,S001_P0012,951,971.5411312130288,581.0081402062929,1331.5596940712655
2023-11-27,S001_P0012,278,951.6173266116707,561.0843356049347,1311.6358894699074
2023-12-04,S001_P0012,1008,992.742053313614,602.209062306878,1352.7606161718506
2023-12-11,S001_P0012,1052,951.6173266116707,561.0843356049347,1311.6358894699074
2023-12-18,S001_P0012,793,981.6074441227864,591.0744531160503,1341.6260069810232
2023-12-25,S001_P0012,1233,988.8404336757903,598.3074426690544,1348.858996534027
2023-07-03,S001_P0013,1411,965.5316827436446,574.9986917369085,1325.5502456018812
2023-07-10,S001_P0013,1044,952.658796030603,562.1258050238669,1312.6773588888395
2023-07-17,S001_P0013,1064,930.8076921974548,540.2747011907188,1290.8262550556915
2023-07-24,S001_P0013,906,945.1326877576256,554.5996967508895,1305.1512506158624
2023-07-31,S001_P0013,811,969.6559068493946,579.1229158426586,1329.6744697076313
2023-08-07,S001_P0013,1450,1005.6173058594305,615.0843148526944,1365.635868717667
2023-08-14,S001_P0013,846,1099.5327207523608,708.9997297456248,1459.5512836105975
2023-08-21,S001_P0013,779,952.658796030603,562.1258050238669,1312.6773588888395
2023-08-28,S001_P0013,893,980.9010143343734,590.3680233276373,1340.9195771926102
2023-09-04,S001_P0013,995,952.6611334589236,562.1281424521876,1312.6796963171603
2023-09-11,S001_P0013,806,960.29602372805,569.763032721314,1320.3145865862866
2023-09-18,S001_P0013,1042,971.5411312130288,581.0081402062929,1331.5596940712655
2023-09-25,S001_P0013,742,961.3398305753029,570.8068395685668,1321.3583934335397
2023-10-02,S001_P0013,1174,966.5073829966092,575.9743919898731,1326.5259458548458
2023-10-09,S001_P0013,902,955.2622755116304,564.7292845048944,1315.280838369867
2023-10-16,S001_P0013,1034,961.3398305753029,570.8068395685668,1321.3583934335397
2023-10-23,S001_P0013,586,961.3398305753029,570.8068395685668,1321.3583934335397
2023-10-30,S001_P0013,1215,948.9098347371696,558.3768437304336,1308.9283975954063
2023-11-06,S001_P0013,897,945.6925211852096,555.1595301784735,1305.7110840434461
2023-11-13,S001_P0013,919,982.6512509700393,592.1182599633032,1342.669813828276
2023-11-20,S001_P0013,508,919.8904738706564,529.3574828639203,1279.9090367288932
2023-11-27,S001_P0013,558,928.1914539442139,537.6584629374779,1288.2100168024506
2023-12-04,S001_P0013,1276,916.0328506286006,525.4998596218645,1276.0514134868372
2023-12-11,S001_P0013,738,956.1717996223001,565.6388086155641,1316.1903624805368
2023-12-18,S001_P0013,760,938.5332592594382,548.0002682527022,1298.5518221176749
2023-12-25,S001_P0013,874,1022.1071543342779,631.5741633275418,1382.1257171925145
2023-07-03,S001_P0014,1257,967.798094938466,577.26510393173,1327.8166577967027
2023-07-10,S001_P0014,1317,951.6149891833501,561.081998176614,1311.6335520415869
2023-07-17,S001_P0014,564,969.6559068493946,579.1229158426586,1329.6744697076313
2023-07-24,S001_P0014,1016,901.8626005629238,511.3296095561878,1261.8811634211606
2023-07-31,S001_P0014,1103,945.6901837568889,555.157192750153,1305.7087466151256
2023-08-07,S001_P0014,1039,982.6489135417187,592.1159225349827,1342.6674763999554
2023-08-14,S001_P0014,1410,969.6559068493946,579.1229158426586,1329.6744697076313
2023-08-21,S001_P0014,616,969.6559068493946,579.1229158426586,1329.6744697076313
2023-08-28,S001_P0014,1328,951.1483559475887,560.6153649408527,1311.1669188058254
2023-09-04,S001_P0014,1375,949.8039463817053,559.2709553749692,1309.822509239942
2023-09-11,S001_P0014,789,955.2622755116304,564.7292845048944,1315.280838369867
2023-09-18,S001_P0014,685,972.5849380602817,582.0519470535457,1332.6035009185184
2023-09-25,S001_P0014,612,952.5847542555088,562.0517632487727,1312.6033171137456
2023-10-02,S001_P0014,1200,947.8660278899167,557.3330368831807,1307.8845907481534
2023-10-09,S001_P0014,1002,947.4931025059208,556.9601114991847,1307.5116653641576
2023-10-16,S001_P0014,1229,997.7280016852397,607.1950106785036,1357.7465645434763
2023-10-23,S001_P0014,804,928.5691709870357,538.0361799802997,1288.5877338452724
2023-10-30,S001_P0014,1151,972.5849380602817,582.0519470535457,1332.6035009185184
2023-11-06,S001_P0014,1139,961.3398305753029,570.8068395685668,1321.3583934335397
2023-11-13,S001_P0014,1021,961.3398305753029,570.8068395685668,1321.3583934335397
2023-11-20,S001_P0014,1003,945.6925211852096,555.1595301784735,1305.7110840434461
2023-11-27,S001_P0014,776,955.2622755116304,564.7292845048944,1315.280838369867
2023-12-04,S001_P0014,1071,966.5073829966092,575.9743919898731,1326.5259458548458
2023-12-11,S001_P0014,981,961.3398305753029,570.8068395685668,1321.3583934335397
2023-12-18,S001_P0014,1129,961.3398305753029,570.8068395685668,1321.3583934335397
2023-12-25,S001_P0014,959,999.1901672644194,608.6571762576834,1359.208730122656
2023-07-03,S001_P0015,1490,969.6559068493946,579.1229158426586,1329.6744697076313
2023-07-10,S001_P0015,1408,963.578351785722,573.0453607789859,1323.5969146439588
2023-07-17,S001_P0015,865,952.658796030603,562.1258050238669,1312.6773588888395
2023-07-24,S001_P0015,1200,969.6559068493946,579.1229158426586,1329.6744697076313
2023-07-31,S001_P0015,1119,945.1326877576256,554.5996967508895,1305.1512506158624
2023-08-07,S001_P0015,646,969.6559068493946,579.1229158426586,1329.6744697076313
2023-08-14,S001_P0015,1087,940.2288001924696,549.6958091857337,1300.2473630507063
2023-08-21,S001_P0015,1369,982.6489135417187,592.1159225349827,1342.6674763999554
2023-08-28,S001_P0015,794,901.893630853934,511.360639847198,1261.9121937121708
2023-09-04,S001_P0015,452,972.5849380602817,582.0519470535457,1332.6035009185184
2023-09-11,S001_P0015,1323,1018.7161656749607,628.1831746682246,1378.7347285331975
2023-09-18,S001_P0015,810,950.0966950517034,559.5637040449674,1310.11525790994
2023-09-25,S001_P0015,1052,944.289986763548,553.7569957568119,1304.3085496217846
2023-10-02,S001_P0015,1558,958.4817737569449,567.9487827502089,1318.5003366151816
2023-10-09,S001_P0015,890,961.3398305753029,570.8068395685668,1321.3583934335397
2023-10-16,S001_P0015,957,961.3398305753029,570.8068395685668,1321.3583934335397
2023-10-23,S001_P0015,930,961.3398305753029,570.8068395685668,1321.3583934335397
2023-10-30,S001_P0015,710,961.3398305753029,570.8068395685668,1321.3583934335397
2023-11-06,S001_P0015,957,963.9415901619442,573.4085991552081,1323.9601530201808
2023-11-13,S001_P0015,434,961.3398305753029,570.8068395685668,1321.3583934335397
2023-11-20,S001_P0015,770,943.6676287049107,553.1346376981746,1303.6861915631475
2023-11-27,S001_P0015,1534,967.4169071072789,576.8839161005428,1327.4354699655155
2023-12-04,S001_P0015,539,938.4644110424722,547.9314200357362,1298.4829739007089
2023-12-11,S001_P0015,1027,823.295716661296,432.7627256545599,1183.3142795195326
2023-12-18,S001_P0015,823,992.195842848863,601.6628518421269,1352.2144057070996
2023-12-25,S001_P0015,669,955.2622755116304,564.7292845048944,1315.280838369867
2023-07-03,S001_P0016,1130,952.658796030603,562.1258050238669,1312.6773588888395
2023-07-10,S001_P0016,1692,994.3721983744517,603.8392073677157,1354.3907612326884
2023-07-17,S001_P0016,1193,998.8169426930297,608.2839516862937,1358.8355055512664
2023-07-24,S001_P0016,650,969.6559068493946,579.1229158426586,1329.6744697076313
2023-07-31,S001_P0016,982,957.2259110112612,566.6929200045251,1317.244473869498
2023-08-07,S001_P0016,381,969.6559068493946,579.1229158426586,1329.6744697076313
2023-08-14,S001_P0016,1296,938.7019044963873,548.1689134896512,1298.720467354624
2023-08-21,S001_P0016,1159,951.6149891833501,561.081998176614,1311.6335520415869
2023-08-28,S001_P0016,603,945.6901837568889,555.157192750153,1305.7087466151256
2023-09-04,S001_P0016,998,943.8539099579418,553.3209189512058,1303.8724728161785
2023-09-11,S001_P0016,1754,945.6925211852096,555.1595301784735,1305.7110840434461
2023-09-18,S001_P0016,903,915.2423715441329,524.7093805373968,1275.2609344023695
2023-09-25,S001_P0016,870,927.6938241214968,537.1608331147609,1287.7123869797335
2023-10-02,S001_P0016,582,949.8039463817053,559.2709553749692,1309.822509239942
2023-10-09,S001_P0016,941,891.3864659984962,500.85347499176015,1251.4050288567328
2023-10-16,S001_P0016,1205,954.2184686643775,563.6854776576415,1314.2370315226142
2023-10-23,S001_P0016,1477,982.6512509700393,592.1182599633032,1342.669813828276
2023-10-30,S001_P0016,1513,934.088686125822,543.5556951190861,1294.1072489840587
2023-11-06,S001_P0016,613,961.3398305753029,570.8068395685668,1321.3583934335397
2023-11-13,S001_P0016,871,942.832279673497,552.299288666761,1302.8508425317336
2023-11-20,S001_P0016,1086,958.7753921680827,568.2424011613466,1318.7939550263195
2023-11-27,S001_P0016,483,961.3398305753029,570.8068395685668,1321.3583934335397
2023-12-04,S001_P0016,933,920.2370673296404,529.7040763229043,1280.2556301878772
2023-12-11,S001_P0016,1126,951.6173266116707,561.0843356049347,1311.6358894699074
2023-12-18,S001_P0016,1377,952.6611334589236,562.1281424521876,1312.6796963171603
2023-12-25,S001_P0016,1023,921.5230439721151,530.9900529653792,1281.5416068303518
2023-07-03,S001_P0017,902,942.5682493504054,552.0352583436693,1302.5868122086422
2023-07-10,S001_P0017,786,950.0943576233827,559.5613666166466,1310.1129204816193
2023-07-17,S001_P0017,910,960.0029095911106,569.4699185843745,1320.0214724493471
2023-07-24,S001_P0017,1370,952.658796030603,562.1258050238669,1312.6773588888395
2023-07-31,S001_P0017,1483,969.6559068493946,579.1229158426586,1329.6744697076313
2023-08-07,S001_P0017,1201,952.658796030603,562.1258050238669,1312.6773588888395
2023-08-14,S001_P0017,1330,952.658796030603,562.1258050238669,1312.6773588888395
2023-08-21,S001_P0017,981,1181.0666669971913,790.5336759904553,1541.085229855428
2023-08-28,S001_P0017,734,952.658796030603,562.1258050238669,1312.6773588888395
2023-09-04,S001_P0017,724,956.380132670925,565.8471416641889,1316.3986955291616
2023-09-11,S001_P0017,865,963.9062409439024,573.3732499371663,1323.9248038021392
2023-09-18,S001_P0017,1040,951.6173266116707,561.0843356049347,1311.6358894699074
2023-09-25,S001_P0017,929,951.6173266116707,561.0843356049347,1311.6358894699074
2023-10-02,S001_P0017,1051,999.1901672644194,608.6571762576834,1359.208730122656
2023-10-09,S001_P0017,1248,1099.5350581806813,709.0020671739453,1459.553621038918
2023-10-16,S001_P0017,1248,961.3398305753029,570.8068395685668,1321.3583934335397
2023-10-23,S001_P0017,1184,952.6611334589236,562.1281424521876,1312.6796963171603
2023-10-30,S001_P0017,1173,961.3398305753029,570.8068395685668,1321.3583934335397
2023-11-06,S001_P0017,1151,941.4236778637523,550.8906868570164,1301.442240721989
2023-11-13,S001_P0017,729,938.8225358110456,548.2895448043096,1298.8410986692822
2023-11-20,S001_P0017,1206,963.9062409439024,573.3732499371663,1323.9248038021392
2023-11-27,S001_P0017,1301,952.6611334589236,562.1281424521876,1312.6796963171603
2023-12-04,S001_P0017,687,952.6611334589236,562.1281424521876,1312.6796963171603
2023-12-11,S001_P0017,771,943.9060571391294,553.3730661323934,1303.924619997366
2023-12-18,S001_P0017,755,961.0490538666841,570.5160628599481,1321.0676167249208
2023-12-25,S001_P0017,1061,904.8226620648212,514.2896710580851,1264.8412249230578
2023-07-03,S001_P0018,619,956.1821041640084,565.6491131572723,1316.200667022245
2023-07-10,S001_P0018,1647,939.1849933452168,548.6520023384808,1299.2035562034534
2023-07-17,S001_P0018,1362,837.9998810423899,447.4668900356539,1198.0184439006266
2023-07-24,S001_P0018,1064,865.5215146306102,474.9885236238742,1225.540077488847
2023-07-31,S001_P0018,1167,993.0781327524766,602.5451417457405,1353.0966956107131
2023-08-07,S001_P0018,1043,945.6901837568889,555.157192750153,1305.7087466151256
2023-08-14,S001_P0018,924,969.6559068493946,579.1229158426586,1329.6744697076313
2023-08-21,S001_P0018,831,952.658796030603,562.1258050238669,1312.6773588888395
2023-08-28,S001_P0018,1226,994.3721983744517,603.8392073677157,1354.3907612326884
2023-09-04,S001_P0018,892,986.0561221003601,595.523131093624,1346.0746849585967
2023-09-11,S001_P0018,829,952.6611334589236,562.1281424521876,1312.6796963171603
2023-09-18,S001_P0018,1410,945.6925211852096,555.1595301784735,1305.7110840434461
2023-09-25,S001_P0018,1173,961.3398305753029,570.8068395685668,1321.3583934335397
2023-10-02,S001_P0018,1263,955.2622755116304,564.7292845048944,1315.280838369867
2023-10-09,S001_P0018,1372,928.5691709870357,538.0361799802997,1288.5877338452724
2023-10-16,S001_P0018,1005,952.6611334589236,562.1281424521876,1312.6796963171603
2023-10-23,S001_P0018,1121,961.3398305753029,570.8068395685668,1321.3583934335397
2023-10-30,S001_P0018,948,952.6611334589236,562.1281424521876,1312.6796963171603
2023-11-06,S001_P0018,1331,952.6611334589236,562.1281424521876,1312.6796963171603
2023-11-13,S001_P0018,772,952.6611334589236,562.1281424521876,1312.6796963171603
2023-11-20,S001_P0018,1074,993.8963584550181,603.3633674482821,1353.9149213132548
2023-11-27,S001_P0018,665,961.3398305753029,570.8068395685668,1321.3583934335397
2023-12-04,S001_P0018,1205,940.2311376207903,549.6981466140542,1300.249700479027
2023-12-11,S001_P0018,604,961.3398305753029,570.8068395685668,1321.3583934335397
2023-12-18,S001_P0018,642,928.6247772423926,538.0917862356566,1288.6433401006293
2023-12-25,S001_P0018,534,983.3153402820915,592.7823492753555,1343.3339031403282
2023-07-03,S001_P0019,828,928.6015707342,538.0685797274639,1288.6201335924366
2023-07-10,S001_P0019,545,968.6121000021417,578.0791089954057,1328.6306628603784
2023-07-17,S001_P0019,685,972.3171260244474,581.7841350177114,1332.335688882684
2023-07-24,S001_P0019,844,895.4645279359587,504.93153692922266,1255.4830907941955
2023-07-31,S001_P0019,1125,951.6149891833501,561.081998176614,1311.6335520415869
2023-08-07,S001_P0019,1013,968.6121000021417,578.0791089954057,1328.6306628603784
2023-08-14,S001_P0019,1014,952.658796030603,562.1258050238669,1312.6773588888395
2023-08-21,S001_P0019,1036,952.658796030603,562.1258050238669,1312.6773588888395
2023-08-28,S001_P0019,1330,952.658796030603,562.1258050238669,1312.6773588888395
2023-09-04,S001_P0019,1034,955.2622755116304,564.7292845048944,1315.280838369867
2023-09-11,S001_P0019,1091,955.2622755116304,564.7292845048944,1315.280838369867
2023-09-18,S001_P0019,870,961.3398305753029,570.8068395685668,1321.3583934335397
2023-09-25,S001_P0019,1193,999.1901672644194,608.6571762576834,1359.208730122656
2023-10-02,S001_P0019,597,952.6611334589236,562.1281424521876,1312.6796963171603
2023-10-09,S001_P0019,691,907.460478032523,516.9274870257871,1267.4790408907597
2023-10-16,S001_P0019,942,951.5409474082559,561.0079564015198,1311.5595102664925
2023-10-23,S001_P0019,811,944.6487143379567,554.1157233312206,1304.6672771961935
2023-10-30,S001_P0019,1091,965.4635761493563,574.9305851426202,1325.482139007593
2023-11-06,S001_P0019,787,981.6074441227864,591.0744531160503,1341.6260069810232
2023-11-13,S001_P0019,828,966.5073829966092,575.9743919898731,1326.5259458548458
2023-11-20,S001_P0019,1070,985.0123152531072,594.4793242463711,1345.030878111344
2023-11-27,S001_P0019,753,952.6611334589236,562.1281424521876,1312.6796963171603
2023-12-04,S001_P0019,734,971.5411312130288,581.0081402062929,1331.5596940712655
2023-12-11,S001_P0019,982,971.5411312130288,581.0081402062929,1331.5596940712655
2023-12-18,S001_P0019,956,998.1463604171665,607.6133694104306,1358.1649232754032
2023-12-25,S001_P0019,810,981.6074441227864,591.0744531160503,1341.6260069810232
2023-07-03,S001_P0020,881,952.658796030603,562.1258050238669,1312.6773588888395
2023-07-10,S001_P0020,1429,963.578351785722,573.0453607789859,1323.5969146439588
2023-07-17,S001_P0020,1005,1007.5062435385111,616.973252531775,1367.5248063967479
2023-07-24,S001_P0020,1152,952.658796030603,562.1258050238669,1312.6773588888395
2023-07-31,S001_P0020,872,945.1326877576256,554.5996967508895,1305.1512506158624
2023-08-07,S001_P0020,569,945.6901837568889,555.157192750153,1305.7087466151256
2023-08-14,S001_P0020,623,957.2259110112612,566.6929200045251,1317.244473869498
2023-08-21,S001_P0020,1558,983.3130028537709,592.7800118470348,1343.3315657120074
2023-08-28,S001_P0020,332,938.4620736141516,547.9290826074155,1298.4806364723881
2023-09-04,S001_P0020,406,907.6980133351176,517.1650223283816,1267.7165761933543
2023-09-11,S001_P0020,889,869.1786213228767,478.6456303161406,1229.1971841811132
2023-09-18,S001_P0020,1256,947.0091353100041,556.476144303268,1307.027698168241
2023-09-25,S001_P0020,757,977.5953261908115,587.0623351840754,1337.6138890490483
2023-10-02,S001_P0020,984,951.8817038909606,561.3487128842246,1311.9002667491973
2023-10-09,S001_P0020,599,999.1901672644194,608.6571762576834,1359.208730122656
2023-10-16,S001_P0020,931,948.9098347371696,558.3768437304336,1308.9283975954063
2023-10-23,S001_P0020,500,985.0123152531072,594.4793242463711,1345.030878111344
2023-10-30,S001_P0020,977,940.0086008254837,549.4756098187477,1300.0271636837203
2023-11-06,S001_P0020,995,951.6173266116707,561.0843356049347,1311.6358894699074
2023-11-13,S001_P0020,517,904.2219416840735,513.6889506773375,1264.2405045423102
2023-11-20,S001_P0020,786,898.6779421960085,508.1449511892725,1258.6965050542453
2023-11-27,S001_P0020,804,992.8525516077652,602.3195606010293,1352.871114466002
2023-12-04,S001_P0020,1003,965.4635761493563,574.9305851426202,1325.482139007593
2023-12-11,S001_P0020,1322,918.60945465808,528.076463651344,1278.6280175163167
2023-12-18,S001_P0020,790,955.2622755116304,564.7292845048944,1315.280838369867
2023-12-25,S001_P0020,822,963.9062409439024,573.3732499371663,1323.9248038021392
2023-07-03,S002_P0001,392,982.6489135417187,592.1159225349827,1342.6674763999554
2023-07-10,S002_P0001,1776,963.7303293333509,573.197338326615,1323.7488921915876
2023-07-17,S002_P0001,1354,917.6897780538675,527.1567870471315,1277.7083409121042
2023-07-24,S002_P0001,1152,873.5264200132121,482.9934290064761,1233.5449828714488
2023-07-31,S002_P0001,943,859.5034192901744,468.97042828343837,1219.521982148411
2023-08-07,S002_P0001,857,956.8748591913264,566.3418681845903,1316.893422049563
2023-08-14,S002_P0001,670,969.6559068493946,579.1229158426586,1329.6744697076313
2023-08-21,S002_P0001,875,957.2259110112612,566.6929200045251,1317.244473869498
2023-08-28,S002_P0001,1366,951.6149891833501,561.081998176614,1311.6335520415869
2023-09-04,S002_P0001,803,952.6611334589236,562.1281424521876,1312.6796963171603
2023-09-11,S002_P0001,966,972.5849380602817,582.0519470535457,1332.6035009185184
2023-09-18,S002_P0001,1144,955.2622755116304,564.7292845048944,1315.280838369867
2023-09-25,S002_P0001,901,999.1901672644194,608.6571762576834,1359.208730122656
2023-10-02,S002_P0001,1216,952.6611334589236,562.1281424521876,1312.6796963171603
2023-10-09,S002_P0001,1124,961.3398305753029,570.8068395685668,1321.3583934335397
2023-10-16,S002_P0001,777,961.3398305753029,570.8068395685668,1321.3583934335397
2023-10-23,S002_P0001,547,963.9062409439024,573.3732499371663,1323.9248038021392
2023-10-30,S002_P0001,1445,931.8364028441736,541.3034118374376,1291.8549657024103
2023-11-06,S002_P0001,712,952.6611334589236,562.1281424521876,1312.6796963171603
2023-11-13,S002_P0001,1062,973.511344488365,582.978353481629,1333.5299073466017
2023-11-20,S002_P0001,1095,955.2622755116304,564.7292845048944,1315.280838369867
2023-11-27,S002_P0001,768,952.6611334589236,562.1281424521876,1312.6796963171603
2023-12-04,S002_P0001,874,953.4674472310982,562.9344562243621,1313.4860100893347
2023-12-11,S002_P0001,1412,955.2622755116304,564.7292845048944,1315.280838369867
2023-12-18,S002_P0001,846,961.3398305753029,570.8068395685668,1321.3583934335397
2023-12-25,S002_P0001,1509,952.6611334589236,562.1281424521876,1312.6796963171603
2023-07-03,S002_P0002,1260,952.658796030603,562.1258050238669,1312.6773588888395
2023-07-10,S002_P0002,845,952.658796030603,562.1258050238669,1312.6773588888395
2023-07-17,S002_P0002,525,952.658796030603,562.1258050238669,1312.6773588888395
2023-07-24,S002_P0002,1260,946.2300341819378,555.6970431752018,1306.2485970401744
2023-07-31,S002_P0002,1164,952.658796030603,562.1258050238669,1312.6773588888395
2023-08-07,S002_P0002,816,969.6559068493946,579.1229158426586,1329.6744697076313
2023-08-14,S002_P0002,506,984.5300054461163,593.9970144393803,1344.548568304353
2023-08-21,S002_P0002,573,929.2329233631461,538.69993235641,1289.251486221383
2023-08-28,S002_P0002,1179,956.1821041640084,565.6491131572723,1316.200667022245
2023-09-04,S002_P0002,584,951.6173266116707,561.0843356049347,1311.6358894699074
2023-09-11,S002_P0002,1171,950.3074683285008,559.7744773217648,1310.3260311867375
2023-09-18,S002_P0002,1024,944.6487143379567,554.1157233312206,1304.6672771961935
2023-09-25,S002_P0002,992,952.6611334589236,562.1281424521876,1312.6796963171603
2023-10-02,S002_P0002,582,952.6611334589236,562.1281424521876,1312.6796963171603
2023-10-09,S002_P0002,811,940.2311376207903,549.6981466140542,1300.249700479027
2023-10-16,S002_P0002,631,971.5411312130288,581.0081402062929,1331.5596940712655
2023-10-23,S002_P0002,778,946.040634777854,555.507643771118,1306.0591976360906
2023-10-30,S002_P0002,521,997.9727149388415,607.4397239321054,1357.991277797078
2023-11-06,S002_P0002,1168,936.8701510605932,546.3371600538571,1296.88871391883
2023-11-13,S002_P0002,891,986.7276074538627,596.1946164471267,1346.7461703120994
2023-11-20,S002_P0002,956,944.6487143379567,554.1157233312206,1304.6672771961935
2023-11-27,S002_P0002,743,936.1265465149556,545.5935555082197,1296.1451093731923
2023-12-04,S002_P0002,624,972.5849380602817,582.0519470535457,1332.6035009185184
2023-12-11,S002_P0002,589,942.6816909789227,552.1486999721867,1302.7002538371594
2023-12-18,S002_P0002,551,947.8660278899167,557.3330368831807,1307.8845907481534
2023-12-25,S002_P0002,936,926.2867284495765,535.7537374428405,1286.3052913078131
2023-07-03,S002_P0003,721,981.6051066944658,591.0721156877298,1341.6236695527025
2023-07-10,S002_P0003,1375,961.0467164383634,570.5137254316273,1321.0652792966002
2023-07-17,S002_P0003,792,1099.5327207523608,708.9997297456248,1459.5512836105975
2023-07-24,S002_P0003,1020,980.9010143343734,590.3680233276373,1340.9195771926102
2023-07-31,S002_P0003,585,1007.5062435385111,616.973252531775,1367.5248063967479
2023-08-07,S002_P0003,870,940.2288001924696,549.6958091857337,1300.2473630507063
2023-08-14,S002_P0003,706,951.6149891833501,561.081998176614,1311.6335520415869
2023-08-21,S002_P0003,456,1012.6212673511864,622.0882763444504,1372.639830209423
2023-08-28,S002_P0003,1488,967.3328987121431,576.7999077054071,1327.3514615703798
2023-09-04,S002_P0003,957,975.0395525147527,584.5065615080166,1335.0581153729895
2023-09-11,S002_P0003,1458,973.5746918846642,583.0417008779282,1333.5932547429009
2023-09-18,S002_P0003,1264,837.8273376174972,447.2943466107611,1197.8459004757337
2023-09-25,S002_P0003,767,952.6611334589236,562.1281424521876,1312.6796963171603
2023-10-02,S002_P0003,331,966.5073829966092,575.9743919898731,1326.5259458548458
2023-10-09,S002_P0003,1047,968.6108299789257,578.0778389721897,1328.6293928371624
2023-10-16,S002_P0003,1220,951.6173266116707,561.0843356049347,1311.6358894699074
2023-10-23,S002_P0003,908,947.7318887841426,557.1988977774065,1307.7504516423792
2023-10-30,S002_P0003,767,956.4436034201921,565.910612413456,1316.4621662784289
2023-11-06,S002_P0003,951,993.8963584550181,603.3633674482821,1353.9149213132548
2023-11-13,S002_P0003,575,945.6925211852096,555.1595301784735,1305.7110840434461
2023-11-20,S002_P0003,973,939.1873307735374,548.6543397668013,1299.205893631774
2023-11-27,S002_P0003,1451,951.6173266116707,561.0843356049347,1311.6358894699074
2023-12-04,S002_P0003,1253,961.3398305753029,570.8068395685668,1321.3583934335397
2023-12-11,S002_P0003,992,928.5691709870357,538.0361799802997,1288.5877338452724
2023-12-18,S002_P0003,992,952.6611334589236,562.1281424521876,1312.6796963171603
2023-12-25,S002_P0003,431,952.6611334589236,562.1281424521876,1312.6796963171603
2023-07-03,S002_P0004,853,965.5316827436446,574.9986917369085,1325.5502456018812
2023-07-10,S002_P0004,638,919.8881364423357,529.3551454355998,1279.9066993005724
2023-07-17,S002_P0004,1347,1101.2406169116662,710.7076259049302,1461.2591797699029
2023-07-24,S002_P0004,674,952.658796030603,562.1258050238669,1312.6773588888395
2023-07-31,S002_P0004,495,950.1045491003358,559.5715580935998,1310.1231119585725
2023-08-07,S002_P0004,1317,948.3246770995753,557.7916860928392,1308.3432399578119
2023-08-14,S002_P0004,1218,936.8852472611273,546.3522562543912,1296.9038101193642
2023-08-21,S002_P0004,464,969.6559068493946,579.1229158426586,1329.6744697076313
2023-08-28,S002_P0004,635,956.2971471858289,565.7641561790929,1316.3157100440656
2023-09-04,S002_P0004,1062,948.9098347371696,558.3768437304336,1308.9283975954063
2023-09-11,S002_P0004,962,951.6173266116707,561.0843356049347,1311.6358894699074
2023-09-18,S002_P0004,736,918.60945465808,528.076463651344,1278.6280175163167
2023-09-25,S002_P0004,417,971.5411312130288,581.0081402062929,1331.5596940712655
2023-10-02,S002_P0004,785,945.6209596628333,555.0879686560972,1305.63952252107
2023-10-09,S002_P0004,723,996.257422738086,605.72443173135,1356.2759855963227
2023-10-16,S002_P0004,800,965.4635761493563,574.9305851426202,1325.482139007593
2023-10-23,S002_P0004,1036,917.037797706507,526.504806699771,1277.0563605647437
2023-10-30,S002_P0004,569,981.6074441227864,591.0744531160503,1341.6260069810232
2023-11-06,S002_P0004,492,941.7884728262442,551.2554818195081,1301.807035684481
2023-11-13,S002_P0004,1178,930.4635525870029,539.9305615802668,1290.4821154452397
2023-11-20,S002_P0004,791,912.9006388004528,522.3676477937167,1272.9192016586894
2023-11-27,S002_P0004,471,971.5411312130288,581.0081402062929,1331.5596940712655
2023-12-04,S002_P0004,1128,898.3220317555136,507.7890407487776,1258.3405946137505
2023-12-11,S002_P0004,734,961.3398305753029,570.8068395685668,1321.3583934335397
2023-12-18,S002_P0004,1077,962.8624340966495,572.3294430899134,1322.880996954886
2023-12-25,S002_P0004,885,921.2105967107868,530.6776057040508,1281.2291595690235
2023-07-03,S002_P0005,793,969.6559068493946,579.1229158426586,1329.6744697076313
2023-07-10,S002_P0005,699,961.0467164383634,570.5137254316273,1321.0652792966002
2023-07-17,S002_P0005,862,936.9351074370948,546.4021164303588,1296.9536702953314
2023-07-24,S002_P0005,874,968.6121000021417,578.0791089954057,1328.6306628603784
2023-07-31,S002_P0005,1259,951.6149891833501,561.081998176614,1311.6335520415869
2023-08-07,S002_P0005,1182,952.658796030603,562.1258050238669,1312.6773588888395
2023-08-14,S002_P0005,873,952.658796030603,562.1258050238669,1312.6773588888395
2023-08-21,S002_P0005,939,994.3721983744517,603.8392073677157,1354.3907612326884
2023-08-28,S002_P0005,927,969.6559068493946,579.1229158426586,1329.6744697076313
2023-09-04,S002_P0005,1151,982.6512509700393,592.1182599633032,1342.669813828276
2023-09-11,S002_P0005,503,955.2622755116304,564.7292845048944,1315.280838369867
2023-09-18,S002_P0005,615,936.8701510605932,546.3371600538571,1296.88871391883
2023-09-25,S002_P0005,1014,947.8660278899167,557.3330368831807,1307.8845907481534
2023-10-02,S002_P0005,1096,981.6074441227864,591.0744531160503,1341.6260069810232
2023-10-09,S002_P0005,1120,948.5995721691958,558.0665811624597,1308.6181350274323
2023-10-16,S002_P0005,692,961.3398305753029,570.8068395685668,1321.3583934335397
2023-10-23,S002_P0005,1856,896.5106722115322,505.97768120479617,1256.529235069769
2023-10-30,S002_P0005,721,908.9251283544113,518.3921373476753,1268.943691212648
2023-11-06,S002_P0005,745,930.2812389445315,539.7482479377954,1290.2998018027683
2023-11-13,S002_P0005,911,950.5139410731259,559.9809500663898,1310.5325039313625
2023-11-20,S002_P0005,770,906.2550838014846,515.7220927947485,1266.2736466597212
2023-11-27,S002_P0005,821,958.7382099908996,568.2052189841636,1318.7567728491363
2023-12-04,S002_P0005,773,962.8624340966495,572.3294430899134,1322.880996954886
2023-12-11,S002_P0005,967,938.7704716247616,548.2374806180255,1298.7890344829984
2023-12-18,S002_P0005,851,954.2184686643775,563.6854776576415,1314.2370315226142
2023-12-25,S002_P0005,1078,947.4931025059208,556.9601114991847,1307.5116653641576
2023-07-03,S002_P0006,912,876.128698475868,485.5957074691319,1236.1472613341048
2023-07-10,S002_P0006,633,969.6559068493946,579.1229158426586,1329.6744697076313
2023-07-17,S002_P0006,1704,939.1849933452168,548.6520023384808,1299.2035562034534
2023-07-24,S002_P0006,917,917.2412046285029,526.7082136217668,1277.2597674867397
2023-07-31,S002_P0006,908,917.3236980351155,526.7907070283795,1277.3422608933522
2023-08-07,S002_P0006,1448,950.0943576233827,559.5613666166466,1310.1129204816193
2023-08-14,S002_P0006,969,1062.0164949682676,671.4835039615316,1422.0350578265043
2023-08-21,S002_P0006,747,963.578351785722,573.0453607789859,1323.5969146439588
2023-08-28,S002_P0006,628,1018.7513510234899,628.2183600167539,1378.7699138817266
2023-09-04,S002_P0006,825,936.1069135150403,545.5739225083043,1296.125476373277
2023-09-11,S002_P0006,635,927.5253641397828,536.9923731330468,1287.5439269980195
2023-09-18,S002_P0006,999,947.8660278899167,557.3330368831807,1307.8845907481534
2023-09-25,S002_P0006,973,951.6173266116707,561.0843356049347,1311.6358894699074
2023-10-02,S002_P0006,601,960.29602372805,569.763032721314,1320.3145865862866
2023-10-09,S002_P0006,587,947.8660278899167,557.3330368831807,1307.8845907481534
2023-10-16,S002_P0006,1112,983.3153402820915,592.7823492753555,1343.3339031403282
2023-10-23,S002_P0006,544,960.29602372805,569.763032721314,1320.3145865862866
2023-10-30,S002_P0006,1139,936.8701510605932,546.3371600538571,1296.88871391883
2023-11-06,S002_P0006,860,1098.4912513334284,707.9582603266924,1458.509814191665
2023-11-13,S002_P0006,1149,919.8904738706564,529.3574828639203,1279.9090367288932
2023-11-20,S002_P0006,763,961.3398305753029,570.8068395685668,1321.3583934335397
2023-11-27,S002_P0006,640,963.9062409439024,573.3732499371663,1323.9248038021392
2023-12-04,S002_P0006,1294,947.8660278899167,557.3330368831807,1307.8845907481534
2023-12-11,S002_P0006,658,982.6512509700393,592.1182599633032,1342.669813828276
2023-12-18,S002_P0006,842,939.1873307735374,548.6543397668013,1299.205893631774
2023-12-25,S002_P0006,868,960.29602372805,569.763032721314,1320.3145865862866
2023-07-03,S002_P0007,967,993.3283915271988,602.7954005204629,1353.3469543854355
2023-07-10,S002_P0007,658,962.5345449384691,572.001553931733,1322.5531077967057
2023-07-17,S002_P0007,805,939.1849933452168,548.6520023384808,1299.2035562034534
2023-07-24,S002_P0007,667,955.8914843946148,565.3584933878788,1315.9100472528517
2023-07-31,S002_P0007,1574,956.1821041640084,565.6491131572723,1316.200667022245
2023-08-07,S002_P0007,877,969.6559068493946,579.1229158426586,1329.6744697076313
2023-08-14,S002_P0007,1076,969.6559068493946,579.1229158426586,1329.6744697076313
2023-08-21,S002_P0007,1412,952.658796030603,562.1258050238669,1312.6773588888395
2023-08-28,S002_P0007,1222,952.658796030603,562.1258050238669,1312.6773588888395
2023-09-04,S002_P0007,1241,986.0561221003601,595.523131093624,1346.0746849585967
2023-09-11,S002_P0007,1174,955.2622755116304,564.7292845048944,1315.280838369867
2023-09-18,S002_P0007,1009,952.6611334589236,562.1281424521876,1312.6796963171603
2023-09-25,S002_P0007,1052,961.3398305753029,570.8068395685668,1321.3583934335397
2023-10-02,S002_P0007,984,949.8039463817053,559.2709553749692,1309.822509239942
2023-10-09,S002_P0007,766,987.7714143011156,597.2384232943796,1347.7899771593522
2023-10-16,S002_P0007,919,963.9062409439024,573.3732499371663,1323.9248038021392
2023-10-23,S002_P0007,857,961.3398305753029,570.8068395685668,1321.3583934335397
2023-10-30,S002_P0007,1137,960.29602372805,569.763032721314,1320.3145865862866
2023-11-06,S002_P0007,938,987.7714143011156,597.2384232943796,1347.7899771593522
2023-11-13,S002_P0007,791,982.6512509700393,592.1182599633032,1342.669813828276
2023-11-20,S002_P0007,768,977.664615161131,587.131624154395,1337.6831780193677
2023-11-27,S002_P0007,1179,1110.7801656656602,720.2471746589242,1470.798728523897
2023-12-04,S002_P0007,843,982.6512509700393,592.1182599633032,1342.669813828276
2023-12-11,S002_P0007,841,955.2622755116304,564.7292845048944,1315.280838369867
2023-12-18,S002_P0007,1880,952.6611334589236,562.1281424521876,1312.6796963171603
2023-12-25,S002_P0007,1095,900.246431238032,509.7134402312959,1260.2649940962688
2023-07-03,S002_P0008,859,968.6121000021417,578.0791089954057,1328.6306628603784
2023-07-10,S002_P0008,884,935.604228048551,545.071237041815,1295.6227909067877
2023-07-17,S002_P0008,1135,951.6149891833501,561.081998176614,1311.6335520415869
2023-07-24,S002_P0008,1244,963.578351785722,573.0453607789859,1323.5969146439588
2023-07-31,S002_P0008,1150,982.6489135417187,592.1159225349827,1342.6674763999554
2023-08-07,S002_P0008,857,952.658796030603,562.1258050238669,1312.6773588888395
2023-08-14,S002_P0008,1466,961.6015387861845,571.0685477794484,1321.620101644421
2023-08-21,S002_P0008,1080,945.1326877576256,554.5996967508895,1305.1512506158624
2023-08-28,S002_P0008,997,930.8076921974548,540.2747011907188,1290.8262550556915
2023-09-04,S002_P0008,384,945.1350251859462,554.6020341792102,1305.153588044183
2023-09-11,S002_P0008,978,976.1479418649363,585.6149508582002,1336.1665047231731
2023-09-18,S002_P0008,561,954.2184686643775,563.6854776576415,1314.2370315226142
2023-09-25,S002_P0008,801,939.1873307735374,548.6543397668013,1299.205893631774
2023-10-02,S002_P0008,611,958.8503161646746,568.3173251579385,1318.8688790229112
2023-10-09,S002_P0008,1056,941.7884728262442,551.2554818195081,1301.807035684481
2023-10-16,S002_P0008,1309,948.7601395344524,558.2271485277163,1308.778702392689
2023-10-23,S002_P0008,1152,952.6611334589236,562.1281424521876,1312.6796963171603
2023-10-30,S002_P0008,931,952.6611334589236,562.1281424521876,1312.6796963171603
2023-11-06,S002_P0008,760,928.5691709870357,538.0361799802997,1288.5877338452724
2023-11-13,S002_P0008,935,972.5849380602817,582.0519470535457,1332.6035009185184
2023-11-20,S002_P0008,1226,961.3398305753029,570.8068395685668,1321.3583934335397
2023-11-27,S002_P0008,1777,952.6611334589236,562.1281424521876,1312.6796963171603
2023-12-04,S002_P0008,677,983.3819550010884,592.8489639943523,1343.4005178593252
2023-12-11,S002_P0008,384,918.3380826769567,527.8050916702207,1278.3566455351934
2023-12-18,S002_P0008,1299,908.9611878715828,518.4281968648468,1268.9797507298194
2023-12-25,S002_P0008,1042,811.4381126218437,420.9051216151077,1171.4566754800803
2023-07-03,S002_P0009,1263,940.2288001924696,549.6958091857337,1300.2473630507063
2023-07-10,S002_P0009,1055,968.6121000021417,578.0791089954057,1328.6306628603784
2023-07-17,S002_P0009,937,969.6559068493946,579.1229158426586,1329.6744697076313
2023-07-24,S002_P0009,1250,952.658796030603,562.1258050238669,1312.6773588888395
2023-07-31,S002_P0009,806,969.6559068493946,579.1229158426586,1329.6744697076313
2023-08-07,S002_P0009,683,963.9039035155818,573.3709125088458,1323.9224663738185
2023-08-14,S002_P0009,1514,957.2259110112612,566.6929200045251,1317.244473869498
2023-08-21,S002_P0009,1031,945.1326877576256,554.5996967508895,1305.1512506158624
2023-08-28,S002_P0009,1065,952.658796030603,562.1258050238669,1312.6773588888395
2023-09-04,S002_P0009,1185,955.2622755116304,564.7292845048944,1315.280838369867
2023-09-11,S002_P0009,929,961.3398305753029,570.8068395685668,1321.3583934335397
2023-09-18,S002_P0009,896,928.5691709870357,538.0361799802997,1288.5877338452724
2023-09-25,S002_P0009,928,952.6611334589236,562.1281424521876,1312.6796963171603
2023-10-02,S002_P0009,851,999.1901672644194,608.6571762576834,1359.208730122656
2023-10-09,S002_P0009,911,947.5012329274249,556.9682419206888,1307.5197957856617
2023-10-16,S002_P0009,955,908.6530182754851,518.120027268749,1268.6715811337217
2023-10-23,S002_P0009,1128,906.0518762227783,515.5188852160422,1266.0704390810151
2023-10-30,S002_P0009,1182,1099.5350581806813,709.0020671739453,1459.553621038918
2023-11-06,S002_P0009,684,961.3398305753029,570.8068395685668,1321.3583934335397
2023-11-13,S002_P0009,818,948.9098347371696,558.3768437304336,1308.9283975954063
2023-11-20,S002_P0009,1503,966.5073829966092,575.9743919898731,1326.5259458548458
2023-11-27,S002_P0009,860,955.2622755116304,564.7292845048944,1315.280838369867
2023-12-04,S002_P0009,718,945.6925211852096,555.1595301784735,1305.7110840434461
2023-12-11,S002_P0009,946,1018.4830430884069,627.950052081671,1378.5016059466436
2023-12-18,S002_P0009,1739,961.3398305753029,570.8068395685668,1321.3583934335397
2023-12-25,S002_P0009,1158,985.9830970537952,595.4501060470591,1346.0016599120318
2023-07-03,S002_P0010,973,951.6149891833501,561.081998176614,1311.6335520415869
2023-07-10,S002_P0010,1230,958.4794363286243,567.9464453218882,1318.4979991868609
2023-07-17,S002_P0010,1118,952.658796030603,562.1258050238669,1312.6773588888395
2023-07-24,S002_P0010,880,949.8016089533846,559.2686179466486,1309.8201718116213
2023-07-31,S002_P0010,1533,969.6559068493946,579.1229158426586,1329.6744697076313
2023-08-07,S002_P0010,1270,969.6559068493946,579.1229158426586,1329.6744697076313
2023-08-14,S002_P0010,800,952.658796030603,562.1258050238669,1312.6773588888395
2023-08-21,S002_P0010,1067,896.1416275201212,505.6086365133852,1256.160190378358
2023-08-28,S002_P0010,758,969.6559068493946,579.1229158426586,1329.6744697076313
2023-09-04,S002_P0010,1044,966.5073829966092,575.9743919898731,1326.5259458548458
2023-09-11,S002_P0010,1083,955.2622755116304,564.7292845048944,1315.280838369867
2023-09-18,S002_P0010,630,955.2622755116304,564.7292845048944,1315.280838369867
2023-09-25,S002_P0010,548,939.1873307735374,548.6543397668013,1299.205893631774
2023-10-02,S002_P0010,1097,957.4622184799005,566.9292274731645,1317.4807813381371
2023-10-09,S002_P0010,589,960.29602372805,569.763032721314,1320.3145865862866
2023-10-16,S002_P0010,952,947.8660278899167,557.3330368831807,1307.8845907481534
2023-10-23,S002_P0010,1320,981.6074441227864,591.0744531160503,1341.6260069810232
2023-10-30,S002_P0010,891,952.6611334589236,562.1281424521876,1312.6796963171603
2023-11-06,S002_P0010,935,961.3398305753029,570.8068395685668,1321.3583934335397
2023-11-13,S002_P0010,946,952.6611334589236,562.1281424521876,1312.6796963171603
2023-11-20,S002_P0010,701,955.2622755116304,564.7292845048944,1315.280838369867
2023-11-27,S002_P0010,922,942.8622502918765,552.3292592851406,1302.8808131501132
2023-12-04,S002_P0010,1436,951.6173266116707,561.0843356049347,1311.6358894699074
2023-12-11,S002_P0010,757,961.3398305753029,570.8068395685668,1321.3583934335397
2023-12-18,S002_P0010,1023,972.5849380602817,582.0519470535457,1332.6035009185184
2023-12-25,S002_P0010,987,952.6611334589236,562.1281424521876,1312.6796963171603
2023-07-03,S002_P0011,760,963.9039035155818,573.3709125088458,1323.9224663738185
2023-07-10,S002_P0011,1181,962.8600966683289,572.3271056615929,1322.8786595265656
2023-07-17,S002_P0011,1185,965.5316827436446,574.9986917369085,1325.5502456018812
2023-07-24,S002_P0011,1135,952.658796030603,562.1258050238669,1312.6773588888395
2023-07-31,S002_P0011,1128,969.6559068493946,579.1229158426586,1329.6744697076313
2023-08-07,S002_P0011,716,955.8173092015165,565.2843181947806,1315.8358720597532
2023-08-14,S002_P0011,1128,971.9516718545905,581.4186808478544,1331.9702347128273
2023-08-21,S002_P0011,737,969.6559068493946,579.1229158426586,1329.6744697076313
2023-08-28,S002_P0011,1288,949.0678370730573,558.5348460663213,1309.086399931294
2023-09-04,S002_P0011,1081,982.6512509700393,592.1182599633032,1342.669813828276
2023-09-11,S002_P0011,983,952.6611334589236,562.1281424521876,1312.6796963171603
2023-09-18,S002_P0011,1059,884.8988574634631,494.365866456727,1244.9174203216999
2023-09-25,S002_P0011,494,917.4845289287553,526.9515379220193,1277.503091786992
2023-10-02,S002_P0011,1549,940.6077818969952,550.0747908902592,1300.626344755232
2023-10-09,S002_P0011,678,949.8039463817053,559.2709553749692,1309.822509239942
2023-10-16,S002_P0011,1121,933.5424751078201,543.0094841010841,1293.5610379660568
2023-10-23,S002_P0011,1389,866.9574989971951,476.42450799045906,1226.976061855432
2023-10-30,S002_P0011,893,945.6925211852096,555.1595301784735,1305.7110840434461
2023-11-06,S002_P0011,416,945.6925211852096,555.1595301784735,1305.7110840434461
2023-11-13,S002_P0011,717,978.7123802721566,588.1793892654205,1338.7309431303934
2023-11-20,S002_P0011,781,1017.439236241154,626.9062452344181,1377.4577990993907
2023-11-27,S002_P0011,921,955.8938218229355,565.3608308161995,1315.9123846811722
2023-12-04,S002_P0011,956,897.1139931051489,506.58100209841285,1257.1325559633856
2023-12-11,S002_P0011,938,960.29602372805,569.763032721314,1320.3145865862866
2023-12-18,S002_P0011,960,961.3398305753029,570.8068395685668,1321.3583934335397
2023-12-25,S002_P0011,565,1031.8287660693338,641.2957750625978,1391.8473289275705
2023-07-03,S002_P0012,1404,924.9953924148846,534.4624014081485,1285.0139552731212
2023-07-10,S002_P0012,1357,904.2558247277839,513.7228337210479,1264.2743875860206
2023-07-17,S002_P0012,896,889.7508471998243,499.21785619308827,1249.769410058061
2023-07-24,S002_P0012,1050,952.658796030603,562.1258050238669,1312.6773588888395
2023-07-31,S002_P0012,1196,963.578351785722,573.0453607789859,1323.5969146439588
2023-08-07,S002_P0012,1087,963.578351785722,573.0453607789859,1323.5969146439588
2023-08-14,S002_P0012,491,952.658796030603,562.1258050238669,1312.6773588888395
2023-08-21,S002_P0012,1202,951.5250002237937,560.9920092170576,1311.5435630820302
2023-08-28,S002_P0012,1295,969.6559068493946,579.1229158426586,1329.6744697076313
2023-09-04,S002_P0012,1245,945.6925211852096,555.1595301784735,1305.7110840434461
2023-09-11,S002_P0012,792,937.1703533622085,546.6373623554725,1297.1889162204452
2023-09-18,S002_P0012,1225,963.9062409439024,573.3732499371663,1323.9248038021392
2023-09-25,S002_P0012,1151,952.6611334589236,562.1281424521876,1312.6796963171603
2023-10-02,S002_P0012,409,952.6611334589236,562.1281424521876,1312.6796963171603
2023-10-09,S002_P0012,767,982.2067404775419,591.6737494708059,1342.2253033357786
2023-10-16,S002_P0012,1011,972.5849380602817,582.0519470535457,1332.6035009185184
2023-10-23,S002_P0012,1810,951.6173266116707,561.0843356049347,1311.6358894699074
2023-10-30,S002_P0012,1034,898.7655980414609,508.2326070347248,1258.7841608996976
2023-11-06,S002_P0012,1204,952.6978371044102,562.1648460976742,1312.7163999626468
2023-11-13,S002_P0012,929,957.399368157546,566.86637715081,1317.4179310157826
2023-11-20,S002_P0012,1136,942.4812278535622,551.9482368468261,1302.499790711799
2023-11-27,S002_P0012,767,961.3398305753029,570.8068395685668,1321.3583934335397
2023-12-04,S002_P0012,1092,972.5849380602817,582.0519470535457,1332.6035009185184
2023-12-11,S002_P0012,733,952.6611334589236,562.1281424521876,1312.6796963171603
2023-12-18,S002_P0012,940,972.5849380602817,582.0519470535457,1332.6035009185184
2023-12-25,S002_P0012,886,960.29602372805,569.763032721314,1320.3145865862866
2023-07-03,S002_P0013,473,982.6489135417187,592.1159225349827,1342.6674763999554
2023-07-10,S002_P0013,1147,950.4811933765408,559.9482023698047,1310.4997562347776
2023-07-17,S002_P0013,1332,969.6559068493946,579.1229158426586,1329.6744697076313
2023-07-24,S002_P0013,567,990.2479742687018,599.7149832619657,1350.2665371269386
2023-07-31,S002_P0013,870,959.1435256406764,568.6105346339405,1319.1620884989131
2023-08-07,S002_P0013,1238,969.6559068493946,579.1229158426586,1329.6744697076313
2023-08-14,S002_P0013,1091,963.578351785722,573.0453607789859,1323.5969146439588
2023-08-21,S002_P0013,1015,969.6559068493946,579.1229158426586,1329.6744697076313
2023-08-28,S002_P0013,786,982.6489135417187,592.1159225349827,1342.6674763999554
2023-09-04,S002_P0013,1069,972.5849380602817,582.0519470535457,1332.6035009185184
2023-09-11,S002_P0013,437,952.6611334589236,562.1281424521876,1312.6796963171603
2023-09-18,S002_P0013,1225,957.9792551092213,567.4462641024852,1317.997817967458
2023-09-25,S002_P0013,807,960.29602372805,569.763032721314,1320.3145865862866
2023-10-02,S002_P0013,567,965.4635761493563,574.9305851426202,1325.482139007593
2023-10-09,S002_P0013,867,950.3074683285008,559.7744773217648,1310.3260311867375
2023-10-16,S002_P0013,784,951.6173266116707,561.0843356049347,1311.6358894699074
2023-10-23,S002_P0013,886,962.8624340966495,572.3294430899134,1322.880996954886
2023-10-30,S002_P0013,947,954.2184686643775,563.6854776576415,1314.2370315226142
2023-11-06,S002_P0013,588,1098.4912513334284,707.9582603266924,1458.509814191665
2023-11-13,S002_P0013,1019,941.0401186855705,550.5071276788344,1301.0586815438073
2023-11-20,S002_P0013,1223,951.6173266116707,561.0843356049347,1311.6358894699074
2023-11-27,S002_P0013,1391,982.6512509700393,592.1182599633032,1342.669813828276
2023-12-04,S002_P0013,1169,952.6611334589236,562.1281424521876,1312.6796963171603
2023-12-11,S002_P0013,670,961.3398305753029,570.8068395685668,1321.3583934335397
2023-12-18,S002_P0013,945,940.2311376207903,549.6981466140542,1300.249700479027
2023-12-25,S002_P0013,1142,952.6611334589236,562.1281424521876,1312.6796963171603
2023-07-03,S002_P0014,1519,935.604228048551,545.071237041815,1295.6227909067877
2023-07-10,S002_P0014,761,884.8965200351424,494.3635290284064,1244.9150828933791
2023-07-17,S002_P0014,1253,933.5056294067762,542.9726384000401,1293.524192265013
2023-07-24,S002_P0014,832,969.6559068493946,579.1229158426586,1329.6744697076313
2023-07-31,S002_P0014,804,969.6559068493946,579.1229158426586,1329.6744697076313
2023-08-07,S002_P0014,1045,944.9436129673073,554.4106219605712,1304.962175825544
2023-08-14,S002_P0014,1240,969.6559068493946,579.1229158426586,1329.6744697076313
2023-08-21,S002_P0014,1127,952.658796030603,562.1258050238669,1312.6773588888395
2023-08-28,S002_P0014,1000,952.658796030603,562.1258050238669,1312.6773588888395
2023-09-04,S002_P0014,490,952.6611334589236,562.1281424521876,1312.6796963171603
2023-09-11,S002_P0014,1069,943.208923949702,552.675932942966,1303.2274868079387
2023-09-18,S002_P0014,669,961.3398305753029,570.8068395685668,1321.3583934335397
2023-09-25,S002_P0014,566,925.1869344873767,534.6539434806407,1285.2054973456134
2023-10-02,S002_P0014,1087,914.858155936326,524.3251649295901,1274.8767187945627
2023-10-09,S002_P0014,1315,960.29602372805,569.763032721314,1320.3145865862866
2023-10-16,S002_P0014,1591,982.6512509700393,592.1182599633032,1342.669813828276
2023-10-23,S002_P0014,612,912.364365597679,521.8313745909429,1272.3829284559156
2023-10-30,S002_P0014,1143,940.2311376207903,549.6981466140542,1300.249700479027
2023-11-06,S002_P0014,463,945.1350251859462,554.6020341792102,1305.153588044183
2023-11-13,S002_P0014,1292,953.766075389165,563.2330843824291,1313.7846382474017
2023-11-20,S002_P0014,1012,960.29602372805,569.763032721314,1320.3145865862866
2023-11-27,S002_P0014,685,952.6611334589236,562.1281424521876,1312.6796963171603
2023-12-04,S002_P0014,489,909.8543783382859,519.3213873315499,1269.8729411965226
2023-12-11,S002_P0014,1082,939.5639750497423,549.0309840430064,1299.582537907979
2023-12-18,S002_P0014,1314,948.8367845345192,558.3037935277832,1308.855347392756
2023-12-25,S002_P0014,836,941.5682970794596,551.0353060727236,1301.5868599376963
2023-07-03,S002_P0015,660,975.5071566851424,584.9741656784063,1335.5257195433792
2023-07-10,S002_P0015,1248,935.0607692394668,544.5277782327307,1295.0793320977036
2023-07-17,S002_P0015,686,954.4153775856903,563.8823865789543,1314.433940443927
2023-07-24,S002_P0015,609,949.7673506867001,559.234359679964,1309.7859135449366
2023-07-31,S002_P0015,1461,939.1849933452168,548.6520023384808,1299.2035562034534
2023-08-07,S002_P0015,770,963.578351785722,573.0453607789859,1323.5969146439588
2023-08-14,S002_P0015,985,951.7672602888649,561.2342692821289,1311.7858231471016
2023-08-21,S002_P0015,957,963.578351785722,573.0453607789859,1323.5969146439588
2023-08-28,S002_P0015,840,982.6489135417187,592.1159225349827,1342.6674763999554
2023-09-04,S002_P0015,1206,961.3398305753029,570.8068395685668,1321.3583934335397
2023-09-11,S002_P0015,860,952.6611334589236,562.1281424521876,1312.6796963171603
2023-09-18,S002_P0015,652,952.6611334589236,562.1281424521876,1312.6796963171603
2023-09-25,S002_P0015,1025,984.3591471293444,593.8261561226084,1344.377709987581
2023-10-02,S002_P0015,1016,982.6512509700393,592.1182599633032,1342.669813828276
2023-10-09,S002_P0015,946,961.3398305753029,570.8068395685668,1321.3583934335397
2023-10-16,S002_P0015,1205,952.6611334589236,562.1281424521876,1312.6796963171603
2023-10-23,S002_P0015,1317,982.6512509700393,592.1182599633032,1342.669813828276
2023-10-30,S002_P0015,575,945.6925211852096,555.1595301784735,1305.7110840434461
2023-11-06,S002_P0015,1081,948.9098347371696,558.3768437304336,1308.9283975954063
2023-11-13,S002_P0015,761,952.6611334589236,562.1281424521876,1312.6796963171603
2023-11-20,S002_P0015,611,963.9062409439024,573.3732499371663,1323.9248038021392
2023-11-27,S002_P0015,921,941.7884728262442,551.2554818195081,1301.807035684481
2023-12-04,S002_P0015,762,960.29602372805,569.763032721314,1320.3145865862866
2023-12-11,S002_P0015,818,971.5411312130288,581.0081402062929,1331.5596940712655
2023-12-18,S002_P0015,1211,962.8624340966495,572.3294430899134,1322.880996954886
2023-12-25,S002_P0015,559,961.3398305753029,570.8068395685668,1321.3583934335397
2023-07-03,S002_P0016,820,969.6559068493946,579.1229158426586,1329.6744697076313
2023-07-10,S002_P0016,1099,994.8899602520238,604.3569692452877,1354.9085231102604
2023-07-17,S002_P0016,902,1007.5062435385111,616.973252531775,1367.5248063967479
2023-07-24,S002_P0016,784,969.6559068493946,579.1229158426586,1329.6744697076313
2023-07-31,S002_P0016,863,980.9010143343734,590.3680233276373,1340.9195771926102
2023-08-07,S002_P0016,935,969.6559068493946,579.1229158426586,1329.6744697076313
2023-08-14,S002_P0016,1157,951.6149891833501,561.081998176614,1311.6335520415869
2023-08-21,S002_P0016,792,912.9195241686217,522.3865331618856,1272.9380870268583
2023-08-28,S002_P0016,581,963.9039035155818,573.3709125088458,1323.9224663738185
2023-09-04,S002_P0016,1093,939.1873307735374,548.6543397668013,1299.205893631774
2023-09-11,S002_P0016,1346,961.3398305753029,570.8068395685668,1321.3583934335397
2023-09-18,S002_P0016,573,905.2657485313264,514.7327575245904,1265.284311389563
2023-09-25,S002_P0016,522,940.2311376207903,549.6981466140542,1300.249700479027
2023-10-02,S002_P0016,633,928.1914539442139,537.6584629374779,1288.2100168024506
2023-10-09,S002_P0016,1048,939.1873307735374,548.6543397668013,1299.205893631774
2023-10-16,S002_P0016,1175,904.2219416840735,513.6889506773375,1264.2405045423102
2023-10-23,S002_P0016,952,927.2881517744594,536.7551607677233,1287.3067146326962
2023-10-30,S002_P0016,1211,952.6611334589236,562.1281424521876,1312.6796963171603
2023-11-06,S002_P0016,761,905.2657485313264,514.7327575245904,1265.284311389563
2023-11-13,S002_P0016,1537,997.3012295853389,606.7682385786029,1357.3197924435756
2023-11-20,S002_P0016,762,952.6611334589236,562.1281424521876,1312.6796963171603
2023-11-27,S002_P0016,723,896.1439649484419,505.6109739417058,1256.1625278066786
2023-12-04,S002_P0016,981,972.5849380602817,582.0519470535457,1332.6035009185184
2023-12-11,S002_P0016,1684,961.3398305753029,570.8068395685668,1321.3583934335397
2023-12-18,S002_P0016,1146,969.1231095273556,578.5901185206196,1329.1416723855923
2023-12-25,S002_P0016,945,952.6611334589236,562.1281424521876,1312.6796963171603
2023-07-03,S002_P0017,527,964.4878758963918,573.9548848896557,1324.5064387546286
2023-07-10,S002_P0017,283,928.1891165158933,537.6561255091572,1288.2076793741298
2023-07-17,S002_P0017,818,991.666804170795,601.1338131640589,1351.6853670290316
2023-07-24,S002_P0017,1676,993.2530702623386,602.7200792556025,1353.2716331205752
2023-07-31,S002_P0017,1001,829.8556984672667,439.3227074605307,1189.8742613255035
2023-08-07,S002_P0017,467,924.308644265118,533.7756532583819,1284.3272071233546
2023-08-14,S002_P0017,990,952.6908262463461,562.15783523961,1312.709389104583
2023-08-21,S002_P0017,894,919.0337940312321,528.500803024496,1279.0523568894687
2023-08-28,S002_P0017,636,968.6121000021417,578.0791089954057,1328.6306628603784
2023-09-04,S002_P0017,684,914.858155936326,524.3251649295901,1274.8767187945627
2023-09-11,S002_P0017,652,947.8660278899167,557.3330368831807,1307.8845907481534
2023-09-18,S002_P0017,687,939.1873307735374,548.6543397668013,1299.205893631774
2023-09-25,S002_P0017,858,937.7023497603778,547.1693587536417,1297.7209126186144
2023-10-02,S002_P0017,622,960.29602372805,569.763032721314,1320.3145865862866
2023-10-09,S002_P0017,586,941.7884728262442,551.2554818195081,1301.807035684481
2023-10-16,S002_P0017,899,939.1873307735374,548.6543397668013,1299.205893631774
2023-10-23,S002_P0017,557,981.6074441227864,591.0744531160503,1341.6260069810232
2023-10-30,S002_P0017,691,939.1873307735374,548.6543397668013,1299.205893631774
2023-11-06,S002_P0017,1455,951.5409474082559,561.0079564015198,1311.5595102664925
2023-11-13,S002_P0017,564,952.6611334589236,562.1281424521876,1312.6796963171603
2023-11-20,S002_P0017,1257,947.8660278899167,557.3330368831807,1307.8845907481534
2023-11-27,S002_P0017,1177,952.6611334589236,562.1281424521876,1312.6796963171603
2023-12-04,S002_P0017,1530,961.3398305753029,570.8068395685668,1321.3583934335397
2023-12-11,S002_P0017,769,952.6611334589236,562.1281424521876,1312.6796963171603
2023-12-18,S002_P0017,884,972.5849380602817,582.0519470535457,1332.6035009185184
2023-12-25,S002_P0017,1058,957.215606469553,566.682615462817,1317.2341693277897
2023-07-03,S002_P0018,1078,967.0914684421743,576.5584774354384,1327.110031300411
2023-07-10,S002_P0018,919,936.8852472611273,546.3522562543912,1296.9038101193642
2023-07-17,S002_P0018,1147,952.658796030603,562.1258050238669,1312.6773588888395
2023-07-24,S002_P0018,820,941.0084636518757,550.4754726451397,1301.0270265101124
2023-07-31,S002_P0018,1246,909.5399063142705,519.0069153075344,1269.558469172507
2023-08-07,S002_P0018,982,969.6559068493946,579.1229158426586,1329.6744697076313
2023-08-14,S002_P0018,972,945.6901837568889,555.157192750153,1305.7087466151256
2023-08-21,S002_P0018,1222,952.658796030603,562.1258050238669,1312.6773588888395
2023-08-28,S002_P0018,735,969.6559068493946,579.1229158426586,1329.6744697076313
2023-09-04,S002_P0018,720,956.9376286701884,566.4046376634524,1316.956191528425
2023-09-11,S002_P0018,1107,963.9062409439024,573.3732499371663,1323.9248038021392
2023-09-18,S002_P0018,630,945.6925211852096,555.1595301784735,1305.7110840434461
2023-09-25,S002_P0018,938,947.8660278899167,557.3330368831807,1307.8845907481534
2023-10-02,S002_P0018,871,954.2184686643775,563.6854776576415,1314.2370315226142
2023-10-09,S002_P0018,1323,952.6611334589236,562.1281424521876,1312.6796963171603
2023-10-16,S002_P0018,777,972.2301238953728,581.6971328886368,1332.2486867536095
2023-10-23,S002_P0018,1350,931.1355813556352,540.6025903488992,1291.1541442138719
2023-10-30,S002_P0018,771,952.6611334589236,562.1281424521876,1312.6796963171603
2023-11-06,S002_P0018,886,972.5849380602817,582.0519470535457,1332.6035009185184
2023-11-13,S002_P0018,928,952.6611334589236,562.1281424521876,1312.6796963171603
2023-11-20,S002_P0018,970,961.3398305753029,570.8068395685668,1321.3583934335397
2023-11-27,S002_P0018,891,961.3398305753029,570.8068395685668,1321.3583934335397
2023-12-04,S002_P0018,884,947.5012329274249,556.9682419206888,1307.5197957856617
2023-12-11,S002_P0018,1189,935.9653487338272,545.4323577270911,1295.983911592064
2023-12-18,S002_P0018,1281,952.6611334589236,562.1281424521876,1312.6796963171603
2023-12-25,S002_P0018,1203,986.0561221003601,595.523131093624,1346.0746849585967
2023-07-03,S002_P0019,943,944.646376909636,554.1133859029001,1304.6649397678727
2023-07-10,S002_P0019,590,937.3488376206859,546.8158466139498,1297.3674004789227
2023-07-17,S002_P0019,988,950.1045491003358,559.5715580935998,1310.1231119585725
2023-07-24,S002_P0019,1041,981.6051066944658,591.0721156877298,1341.6236695527025
2023-07-31,S002_P0019,504,952.658796030603,562.1258050238669,1312.6773588888395
2023-08-07,S002_P0019,1162,972.3171260244474,581.7841350177114,1332.335688882684
2023-08-14,S002_P0019,890,969.6559068493946,579.1229158426586,1329.6744697076313
2023-08-21,S002_P0019,1264,969.6559068493946,579.1229158426586,1329.6744697076313
2023-08-28,S002_P0019,937,917.3964824380446,526.8634914313086,1277.4150452962813
2023-09-04,S002_P0019,860,955.2622755116304,564.7292845048944,1315.280838369867
2023-09-11,S002_P0019,739,952.6611334589236,562.1281424521876,1312.6796963171603
2023-09-18,S002_P0019,681,966.5073829966092,575.9743919898731,1326.5259458548458
2023-09-25,S002_P0019,1607,941.7884728262442,551.2554818195081,1301.807035684481
2023-10-02,S002_P0019,987,952.6611334589236,562.1281424521876,1312.6796963171603
2023-10-09,S002_P0019,1099,884.8988574634631,494.365866456727,1244.9174203216999
2023-10-16,S002_P0019,787,961.3398305753029,570.8068395685668,1321.3583934335397
2023-10-23,S002_P0019,645,963.9062409439024,573.3732499371663,1323.9248038021392
2023-10-30,S002_P0019,854,939.1873307735374,548.6543397668013,1299.205893631774
2023-11-06,S002_P0019,968,960.29602372805,569.763032721314,1320.3145865862866
2023-11-13,S002_P0019,935,960.29602372805,569.763032721314,1320.3145865862866
2023-11-20,S002_P0019,375,921.4478090761103,530.9148180693742,1281.466371934347
2023-11-27,S002_P0019,805,936.942262546454,546.409271539718,1296.9608254046907
2023-12-04,S002_P0019,877,962.8624340966495,572.3294430899134,1322.880996954886
2023-12-11,S002_P0019,785,954.2184686643775,563.6854776576415,1314.2370315226142
2023-12-18,S002_P0019,864,938.3492181012434,547.8162270945074,1298.3677809594801
2023-12-25,S002_P0019,1324,905.0080693755255,514.4750783687894,1265.026632233762
2023-07-03,S002_P0020,1121,952.658796030603,562.1258050238669,1312.6773588888395
2023-07-10,S002_P0020,1358,969.6559068493946,579.1229158426586,1329.6744697076313
2023-07-17,S002_P0020,1067,969.6559068493946,579.1229158426586,1329.6744697076313
2023-07-24,S002_P0020,619,963.578351785722,573.0453607789859,1323.5969146439588
2023-07-31,S002_P0020,1142,940.2288001924696,549.6958091857337,1300.2473630507063
2023-08-07,S002_P0020,840,952.658796030603,562.1258050238669,1312.6773588888395
2023-08-14,S002_P0020,642,969.6559068493946,579.1229158426586,1329.6744697076313
2023-08-21,S002_P0020,397,942.6793535506021,552.146362543866,1302.6979164088389
2023-08-28,S002_P0020,1092,941.0641492238833,550.5311582171473,1301.08271208212
2023-09-04,S002_P0020,501,947.7318887841426,557.1988977774065,1307.7504516423792
2023-09-11,S002_P0020,1267,950.803321547995,560.270330541259,1310.8218844062317
2023-09-18,S002_P0020,1003,977.5953261908115,587.0623351840754,1337.6138890490483
2023-09-25,S002_P0020,1128,961.3398305753029,570.8068395685668,1321.3583934335397
2023-10-02,S002_P0020,751,933.0461292564586,542.5131382497225,1293.0646921146954
2023-10-09,S002_P0020,1160,972.5849380602817,582.0519470535457,1332.6035009185184
2023-10-16,S002_P0020,1305,961.3398305753029,570.8068395685668,1321.3583934335397
2023-10-23,S002_P0020,583,961.3398305753029,570.8068395685668,1321.3583934335397
2023-10-30,S002_P0020,891,942.832279673497,552.299288666761,1302.8508425317336
2023-11-06,S002_P0020,716,952.6611334589236,562.1281424521876,1312.6796963171603
2023-11-13,S002_P0020,1410,979.5888995520376,589.0559085453015,1339.6074624102744
2023-11-20,S002_P0020,1073,998.7718085324926,608.2388175257565,1358.7903713907294
2023-11-27,S002_P0020,683,955.2622755116304,564.7292845048944,1315.280838369867
2023-12-04,S002_P0020,1019,948.9098347371696,558.3768437304336,1308.9283975954063
2023-12-11,S002_P0020,892,919.8904738706564,529.3574828639203,1279.9090367288932
2023-12-18,S002_P0020,612,948.5369093531737,558.0039183464376,1308.5554722114102
2023-12-25,S002_P0020,1410,947.8660278899167,557.3330368831807,1307.8845907481534
2023-07-03,S003_P0001,795,948.534571924853,558.001580918117,1308.5531347830897
2023-07-10,S003_P0001,1236,963.9039035155818,573.3709125088458,1323.9224663738185
2023-07-17,S003_P0001,879,969.6559068493946,579.1229158426586,1329.6744697076313
2023-07-24,S003_P0001,831,969.6559068493946,579.1229158426586,1329.6744697076313
2023-07-31,S003_P0001,905,969.6559068493946,579.1229158426586,1329.6744697076313
2023-08-07,S003_P0001,860,963.578351785722,573.0453607789859,1323.5969146439588
2023-08-14,S003_P0001,670,937.776391535472,547.243400528736,1297.7949543937088
2023-08-21,S003_P0001,1540,983.3130028537709,592.7800118470348,1343.3315657120074
2023-08-28,S003_P0001,614,952.658796030603,562.1258050238669,1312.6773588888395
2023-09-04,S003_P0001,539,948.9098347371696,558.3768437304336,1308.9283975954063
2023-09-11,S003_P0001,755,918.5492045383919,528.0162135316559,1278.5677673966286
2023-09-18,S003_P0001,337,951.2668537329049,560.7338627261688,1311.2854165911417
2023-09-25,S003_P0001,798,986.6644982499414,596.1315072432053,1346.6830611081782
2023-10-02,S003_P0001,917,978.2116278297902,587.6786368230541,1338.230190688027
2023-10-09,S003_P0001,815,941.9953354279967,551.4623444212607,1302.0138982862334
2023-10-16,S003_P0001,1610,961.4514582173814,570.9184672106453,1321.4700210756182
2023-10-23,S003_P0001,731,961.3398305753029,570.8068395685668,1321.3583934335397
2023-10-30,S003_P0001,1372,956.9376286701884,566.4046376634524,1316.956191528425
2023-11-06,S003_P0001,887,952.6611334589236,562.1281424521876,1312.6796963171603
2023-11-13,S003_P0001,849,986.0561221003601,595.523131093624,1346.0746849585967
2023-11-20,S003_P0001,711,955.2622755116304,564.7292845048944,1315.280838369867
2023-11-27,S003_P0001,837,1005.3489979243476,614.8160069176115,1365.3675607825844
2023-12-04,S003_P0001,698,960.29602372805,569.763032721314,1320.3145865862866
2023-12-11,S003_P0001,617,945.4633923445833,554.9304013378473,1305.48195520282
2023-12-18,S003_P0001,902,939.1873307735374,548.6543397668013,1299.205893631774
2023-12-25,S003_P0001,575,950.0942445586276,559.5612535518915,1310.1128074168641
2023-07-03,S003_P0002,1002,963.578351785722,573.0453607789859,1323.5969146439588
2023-07-10,S003_P0002,867,952.658796030603,562.1258050238669,1312.6773588888395
2023-07-17,S003_P0002,897,963.578351785722,573.0453607789859,1323.5969146439588
2023-07-24,S003_P0002,917,952.658796030603,562.1258050238669,1312.6773588888395
2023-07-31,S003_P0002,798,891.7305423330187,501.1975513262826,1251.7491051912552
2023-08-07,S003_P0002,817,962.8600966683289,572.3271056615929,1322.8786595265656
2023-08-14,S003_P0002,1730,973.7796524234479,583.246661416712,1333.7982152816846
2023-08-21,S003_P0002,1001,1000.3767283915594,609.8437373848233,1360.3952912497962
2023-08-28,S003_P0002,539,968.5549136607076,578.0219226539716,1328.5734765189443
2023-09-04,S003_P0002,1010,899.1046189974812,508.5716279907452,1259.123181855718
2023-09-11,S003_P0002,805,927.7148285759321,537.181837569196,1287.7333914341689
2023-09-18,S003_P0002,848,1109.7363588184073,719.2033678116713,1469.754921676644
2023-09-25,S003_P0002,1106,918.8466670234035,528.3136760166674,1278.86522988164
2023-10-02,S003_P0002,1064,955.2622755116304,564.7292845048944,1315.280838369867
2023-10-09,S003_P0002,896,955.2622755116304,564.7292845048944,1315.280838369867
2023-10-16,S003_P0002,984,982.6512509700393,592.1182599633032,1342.669813828276
2023-10-23,S003_P0002,968,952.6611334589236,562.1281424521876,1312.6796963171603
2023-10-30,S003_P0002,655,949.8805913817721,559.3476003750361,1309.8991542400088
2023-11-06,S003_P0002,1314,947.8660278899167,557.3330368831807,1307.8845907481534
2023-11-13,S003_P0002,1044,905.2657485313264,514.7327575245904,1265.284311389563
2023-11-20,S003_P0002,813,961.3398305753029,570.8068395685668,1321.3583934335397
2023-11-27,S003_P0002,1061,963.9062409439024,573.3732499371663,1323.9248038021392
2023-12-04,S003_P0002,982,952.6611334589236,562.1281424521876,1312.6796963171603
2023-12-11,S003_P0002,1150,986.0561221003601,595.523131093624,1346.0746849585967
2023-12-18,S003_P0002,1100,961.3398305753029,570.8068395685668,1321.3583934335397
2023-12-25,S003_P0002,1753,961.3398305753029,570.8068395685668,1321.3583934335397
2023-07-03,S003_P0003,1428,962.5345449384691,572.001553931733,1322.5531077967057
2023-07-10,S003_P0003,852,968.6121000021417,578.0791089954057,1328.6306628603784
2023-07-17,S003_P0003,1224,969.6559068493946,579.1229158426586,1329.6744697076313
2023-07-24,S003_P0003,1387,969.6559068493946,579.1229158426586,1329.6744697076313
2023-07-31,S003_P0003,743,945.6901837568889,555.157192750153,1305.7087466151256
2023-08-07,S003_P0003,939,980.9010143343734,590.3680233276373,1340.9195771926102
2023-08-14,S003_P0003,553,952.658796030603,562.1258050238669,1312.6773588888395
2023-08-21,S003_P0003,670,951.1483559475887,560.6153649408527,1311.1669188058254
2023-08-28,S003_P0003,786,939.1849933452168,548.6520023384808,1299.2035562034534
2023-09-04,S003_P0003,897,962.8624340966495,572.3294430899134,1322.880996954886
2023-09-11,S003_P0003,809,944.6487143379567,554.1157233312206,1304.6672771961935
2023-09-18,S003_P0003,687,965.4635761493563,574.9305851426202,1325.482139007593
2023-09-25,S003_P0003,959,983.3153402820915,592.7823492753555,1343.3339031403282
2023-10-02,S003_P0003,954,951.6173266116707,561.0843356049347,1311.6358894699074
2023-10-09,S003_P0003,900,960.29602372805,569.763032721314,1320.3145865862866
2023-10-16,S003_P0003,647,951.6173266116707,561.0843356049347,1311.6358894699074
2023-10-23,S003_P0003,1142,947.8660278899167,557.3330368831807,1307.8845907481534
2023-10-30,S003_P0003,374,961.3398305753029,570.8068395685668,1321.3583934335397
2023-11-06,S003_P0003,857,949.7451837685833,559.2121927618473,1309.76374662682
2023-11-13,S003_P0003,1289,944.6487143379567,554.1157233312206,1304.6672771961935
2023-11-20,S003_P0003,1078,982.6512509700393,592.1182599633032,1342.669813828276
2023-11-27,S003_P0003,753,986.1335975720227,595.6006065652866,1346.1521604302593
2023-12-04,S003_P0003,502,963.9062409439024,573.3732499371663,1323.9248038021392
2023-12-11,S003_P0003,908,929.2352607914668,538.7022697847308,1289.2538236497035
2023-12-18,S003_P0003,863,960.29602372805,569.763032721314,1320.3145865862866
2023-12-25,S003_P0003,1111,918.8466670234035,528.3136760166674,1278.86522988164
2023-07-03,S003_P0004,765,973.7796524234479,583.246661416712,1333.7982152816846
2023-07-10,S003_P0004,810,980.9010143343734,590.3680233276373,1340.9195771926102
2023-07-17,S003_P0004,779,962.8600966683289,572.3271056615929,1322.8786595265656
2023-07-24,S003_P0004,804,955.81683066982,565.2838396630839,1315.8353935280566
2023-07-31,S003_P0004,1165,1052.073473879013,661.5404828722769,1412.0920367372496
2023-08-07,S003_P0004,1632,969.6559068493946,579.1229158426586,1329.6744697076313
2023-08-14,S003_P0004,691,945.1326877576256,554.5996967508895,1305.1512506158624
2023-08-21,S003_P0004,736,939.7794956050589,549.2465045983229,1299.7980584632955
2023-08-28,S003_P0004,752,987.3261294186638,596.7931384119277,1347.3446922769003
2023-09-04,S003_P0004,874,902.258223657601,511.72523265086494,1262.2767865158376
2023-09-11,S003_P0004,643,951.6173266116707,561.0843356049347,1311.6358894699074
2023-09-18,S003_P0004,1548,906.4166711852702,515.8836801785342,1266.4352340435069
2023-09-25,S003_P0004,824,961.3398305753029,570.8068395685668,1321.3583934335397
2023-10-02,S003_P0004,747,952.6611334589236,562.1281424521876,1312.6796963171603
2023-10-09,S003_P0004,660,963.9062409439024,573.3732499371663,1323.9248038021392
2023-10-16,S003_P0004,905,948.9098347371696,558.3768437304336,1308.9283975954063
2023-10-23,S003_P0004,822,960.29602372805,569.763032721314,1320.3145865862866
2023-10-30,S003_P0004,821,971.5411312130288,581.0081402062929,1331.5596940712655
2023-11-06,S003_P0004,854,992.8525516077652,602.3195606010293,1352.871114466002
2023-11-13,S003_P0004,769,942.3332019744221,551.8002109676861,1302.3517648326588
2023-11-20,S003_P0004,495,946.1666493715531,555.6336583648172,1306.1852122297898
2023-11-27,S003_P0004,1312,907.2379412372164,516.7049502304803,1267.2565040954532
2023-12-04,S003_P0004,803,944.6487143379567,554.1157233312206,1304.6672771961935
2023-12-11,S003_P0004,809,965.4635761493563,574.9305851426202,1325.482139007593
2023-12-18,S003_P0004,1041,882.4591772154616,491.9261862087256,1242.4777400736984
2023-12-25,S003_P0004,1237,961.3398305753029,570.8068395685668,1321.3583934335397
2023-07-03,S003_P0005,932,940.2288001924696,549.6958091857337,1300.2473630507063
2023-07-10,S003_P0005,1185,981.105258290818,590.572267284082,1341.1238211490547
2023-07-17,S003_P0005,929,965.5316827436446,574.9986917369085,1325.5502456018812
2023-07-24,S003_P0005,943,952.658796030603,562.1258050238669,1312.6773588888395
2023-07-31,S003_P0005,953,961.6015387861845,571.0685477794484,1321.620101644421
2023-08-07,S003_P0005,730,961.6015387861845,571.0685477794484,1321.620101644421
2023-08-14,S003_P0005,1327,980.9010143343734,590.3680233276373,1340.9195771926102
2023-08-21,S003_P0005,823,952.658796030603,562.1258050238669,1312.6773588888395
2023-08-28,S003_P0005,1006,963.578351785722,573.0453607789859,1323.5969146439588
2023-09-04,S003_P0005,968,999.1901672644194,608.6571762576834,1359.208730122656
2023-09-11,S003_P0005,896,961.3398305753029,570.8068395685668,1321.3583934335397
2023-09-18,S003_P0005,794,961.3398305753029,570.8068395685668,1321.3583934335397
2023-09-25,S003_P0005,1167,972.5849380602817,582.0519470535457,1332.6035009185184
2023-10-02,S003_P0005,686,922.4916159233632,531.9586249166271,1282.5101787815997
2023-10-09,S003_P0005,868,952.5847542555088,562.0517632487727,1312.6033171137456
2023-10-16,S003_P0005,1300,944.6487143379567,554.1157233312206,1304.6672771961935
2023-10-23,S003_P0005,855,945.6925211852096,555.1595301784735,1305.7110840434461
2023-10-30,S003_P0005,1455,961.3398305753029,570.8068395685668,1321.3583934335397
2023-11-06,S003_P0005,1032,955.2622755116304,564.7292845048944,1315.280838369867
2023-11-13,S003_P0005,785,961.3398305753029,570.8068395685668,1321.3583934335397
2023-11-20,S003_P0005,702,939.8142784720145,549.2812874652784,1299.832841330251
2023-11-27,S003_P0005,920,946.5071991918362,555.9742081851002,1306.525762050073
2023-12-04,S003_P0005,957,981.6074441227864,591.0744531160503,1341.6260069810232
2023-12-11,S003_P0005,677,954.2184686643775,563.6854776576415,1314.2370315226142
2023-12-18,S003_P0005,551,988.4355036131677,597.9025126064316,1348.4540664714045
2023-12-25,S003_P0005,1118,974.7204877497097,584.1874967429737,1334.7390506079464
2023-07-03,S003_P0006,949,952.658796030603,562.1258050238669,1312.6773588888395
2023-07-10,S003_P0006,790,967.8305137373319,577.2975227305958,1327.8490765955685
2023-07-17,S003_P0006,575,974.8234592707008,584.2904682639648,1334.8420221289375
2023-07-24,S003_P0006,797,963.6510260955516,573.1180350888155,1323.6695889537882
2023-07-31,S003_P0006,997,958.735872562579,568.2028815558429,1318.7544354208158
2023-08-07,S003_P0006,988,918.8443295950829,528.3113385883469,1278.8628924533195
2023-08-14,S003_P0006,643,962.5345449384691,572.001553931733,1322.5531077967057
2023-08-21,S003_P0006,1084,956.1821041640084,565.6491131572723,1316.200667022245
2023-08-28,S003_P0006,1165,969.6559068493946,579.1229158426586,1329.6744697076313
2023-09-04,S003_P0006,1001,961.3398305753029,570.8068395685668,1321.3583934335397
2023-09-11,S003_P0006,621,961.3398305753029,570.8068395685668,1321.3583934335397
2023-09-18,S003_P0006,690,948.9098347371696,558.3768437304336,1308.9283975954063
2023-09-25,S003_P0006,399,942.8622502918765,552.3292592851406,1302.8808131501132
2023-10-02,S003_P0006,639,949.7451837685833,559.2121927618473,1309.76374662682
2023-10-09,S003_P0006,720,958.660748612428,568.1277576056921,1318.6793114706647
2023-10-16,S003_P0006,1485,958.2438894636523,567.7108984569163,1318.262452321889
2023-10-23,S003_P0006,1197,988.5289823951229,597.9959913883868,1348.5475452533597
2023-10-30,S003_P0006,843,961.3398305753029,570.8068395685668,1321.3583934335397
2023-11-06,S003_P0006,1027,913.9444456477057,523.4114546409696,1273.9630085059425
2023-11-13,S003_P0006,1139,928.5691709870357,538.0361799802997,1288.5877338452724
2023-11-20,S003_P0006,1354,912.9218615969423,522.3888705902064,1272.940424455179
2023-11-27,S003_P0006,880,928.5691709870357,538.0361799802997,1288.5877338452724
2023-12-04,S003_P0006,843,952.6611334589236,562.1281424521876,1312.6796963171603
2023-12-11,S003_P0006,514,952.6611334589236,562.1281424521876,1312.6796963171603
2023-12-18,S003_P0006,482,937.9139579078461,547.38096690111,1297.9325207660827
2023-12-25,S003_P0006,1357,931.3299037091043,540.7969127023682,1291.348466567341
2023-07-03,S003_P0007,866,952.658796030603,562.1258050238669,1312.6773588888395
2023-07-10,S003_P0007,1099,969.6559068493946,579.1229158426586,1329.6744697076313
2023-07-17,S003_P0007,1331,987.7690768727949,597.2360858660588,1347.7876397310315
2023-07-24,S003_P0007,739,945.6901837568889,555.157192750153,1305.7087466151256
2023-07-31,S003_P0007,1145,963.9039035155818,573.3709125088458,1323.9224663738185
2023-08-07,S003_P0007,1114,936.8852472611273,546.3522562543912,1296.9038101193642
2023-08-14,S003_P0007,1104,945.1326877576256,554.5996967508895,1305.1512506158624
2023-08-21,S003_P0007,715,965.5316827436446,574.9986917369085,1325.5502456018812
2023-08-28,S003_P0007,178,971.9516718545905,581.4186808478544,1331.9702347128273
2023-09-04,S003_P0007,1328,821.576309573978,431.043318567242,1181.5948724322147
2023-09-11,S003_P0007,569,996.3747857370503,605.8417947303142,1356.393348595287
2023-09-18,S003_P0007,1056,867.2994654442101,476.7664744374741,1227.3180283024467
2023-09-25,S003_P0007,988,839.1504954391612,448.61750443242516,1199.169058297398
2023-10-02,S003_P0007,814,986.0561221003601,595.523131093624,1346.0746849585967
2023-10-09,S003_P0007,667,971.5411312130288,581.0081402062929,1331.5596940712655
2023-10-16,S003_P0007,1070,941.7884728262442,551.2554818195081,1301.807035684481
2023-10-23,S003_P0007,982,956.3555613102931,565.8225703035571,1316.3741241685298
2023-10-30,S003_P0007,779,960.29602372805,569.763032721314,1320.3145865862866
2023-11-06,S003_P0007,1032,955.8938218229355,565.3608308161995,1315.9123846811722
2023-11-13,S003_P0007,1380,961.3398305753029,570.8068395685668,1321.3583934335397
2023-11-20,S003_P0007,1420,961.3398305753029,570.8068395685668,1321.3583934335397
2023-11-27,S003_P0007,1371,961.3398305753029,570.8068395685668,1321.3583934335397
2023-12-04,S003_P0007,970,952.6611334589236,562.1281424521876,1312.6796963171603
2023-12-11,S003_P0007,792,928.5691709870357,538.0361799802997,1288.5877338452724
2023-12-18,S003_P0007,631,956.380132670925,565.8471416641889,1316.3986955291616
2023-12-25,S003_P0007,1266,942.832279673497,552.299288666761,1302.8508425317336
2023-07-03,S003_P0008,895,950.1045491003358,559.5715580935998,1310.1231119585725
2023-07-10,S003_P0008,909,968.6121000021417,578.0791089954057,1328.6306628603784
2023-07-17,S003_P0008,1164,935.8414404138745,545.3084494071384,1295.860003272111
2023-07-24,S003_P0008,983,963.578351785722,573.0453607789859,1323.5969146439588
2023-07-31,S003_P0008,775,963.578351785722,573.0453607789859,1323.5969146439588
2023-08-07,S003_P0008,905,956.9352912418677,566.4023002351316,1316.9538541001043
2023-08-14,S003_P0008,904,969.6559068493946,579.1229158426586,1329.6744697076313
2023-08-21,S003_P0008,1016,952.658796030603,562.1258050238669,1312.6773588888395
2023-08-28,S003_P0008,1164,936.8852472611273,546.3522562543912,1296.9038101193642
2023-09-04,S003_P0008,845,955.2622755116304,564.7292845048944,1315.280838369867
2023-09-11,S003_P0008,1083,922.4916159233632,531.9586249166271,1282.5101787815997
2023-09-18,S003_P0008,805,905.2657485313264,514.7327575245904,1265.284311389563
2023-09-25,S003_P0008,383,966.5073829966092,575.9743919898731,1326.5259458548458
2023-10-02,S003_P0008,976,985.194496160758,594.661505154022,1345.2130590189947
2023-10-09,S003_P0008,853,951.6173266116707,561.0843356049347,1311.6358894699074
2023-10-16,S003_P0008,464,951.6173266116707,561.0843356049347,1311.6358894699074
2023-10-23,S003_P0008,859,940.5487289256143,550.0157379188784,1300.567291783851
2023-10-30,S003_P0008,1143,954.2184686643775,563.6854776576415,1314.2370315226142
2023-11-06,S003_P0008,410,981.6074441227864,591.0744531160503,1341.6260069810232
2023-11-13,S003_P0008,1373,916.7373118149926,526.2043208082566,1276.7558746732293
2023-11-20,S003_P0008,978,952.6611334589236,562.1281424521876,1312.6796963171603
2023-11-27,S003_P0008,601,952.6611334589236,562.1281424521876,1312.6796963171603
2023-12-04,S003_P0008,659,943.8539099579418,553.3209189512058,1303.8724728161785
2023-12-11,S003_P0008,1273,940.2311376207903,549.6981466140542,1300.249700479027
2023-12-18,S003_P0008,1041,981.6074441227864,591.0744531160503,1341.6260069810232
2023-12-25,S003_P0008,839,952.6611334589236,562.1281424521876,1312.6796963171603
2023-07-03,S003_P0009,907,952.658796030603,562.1258050238669,1312.6773588888395
2023-07-10,S003_P0009,1677,969.6559068493946,579.1229158426586,1329.6744697076313
2023-07-17,S003_P0009,859,955.4804051168985,564.9474141101625,1315.4989679751352
2023-07-24,S003_P0009,765,969.6559068493946,579.1229158426586,1329.6744697076313
2023-07-31,S003_P0009,941,980.9010143343734,590.3680233276373,1340.9195771926102
2023-08-07,S003_P0009,423,952.658796030603,562.1258050238669,1312.6773588888395
2023-08-14,S003_P0009,808,958.0612600426749,567.5282690359388,1318.0798229009115
2023-08-21,S003_P0009,971,947.0865478988533,556.5535568921173,1307.10511075709
2023-08-28,S003_P0009,1402,951.6149891833501,561.081998176614,1311.6335520415869
2023-09-04,S003_P0009,1417,957.487410267445,566.9544192607088,1317.5059731256815
2023-09-11,S003_P0009,827,952.6611334589236,562.1281424521876,1312.6796963171603
2023-09-18,S003_P0009,1093,955.2622755116304,564.7292845048944,1315.280838369867
2023-09-25,S003_P0009,814,961.3398305753029,570.8068395685668,1321.3583934335397
2023-10-02,S003_P0009,1409,966.5073829966092,575.9743919898731,1326.5259458548458
2023-10-09,S003_P0009,1034,952.6611334589236,562.1281424521876,1312.6796963171603
2023-10-16,S003_P0009,1633,952.6611334589236,562.1281424521876,1312.6796963171603
2023-10-23,S003_P0009,1173,952.6611334589236,562.1281424521876,1312.6796963171603
2023-10-30,S003_P0009,682,955.2622755116304,564.7292845048944,1315.280838369867
2023-11-06,S003_P0009,391,948.9098347371696,558.3768437304336,1308.9283975954063
2023-11-13,S003_P0009,1247,994.2039177435764,603.6709267368403,1354.222480601813
2023-11-20,S003_P0009,1005,951.6173266116707,561.0843356049347,1311.6358894699074
2023-11-27,S003_P0009,1283,981.6074441227864,591.0744531160503,1341.6260069810232
2023-12-04,S003_P0009,838,966.1661073838243,575.6331163770883,1326.184670242061
2023-12-11,S003_P0009,1422,959.5144374632403,568.9814464565043,1319.533000321477
2023-12-18,S003_P0009,792,945.1350251859462,554.6020341792102,1305.153588044183
2023-12-25,S003_P0009,1106,963.9062409439024,573.3732499371663,1323.9248038021392
2023-07-03,S003_P0010,740,918.6071172297594,528.0741262230233,1278.625680087996
2023-07-10,S003_P0010,889,963.9039035155818,573.3709125088458,1323.9224663738185
2023-07-17,S003_P0010,531,969.6559068493946,579.1229158426586,1329.6744697076313
2023-07-24,S003_P0010,524,941.0620032289349,550.5290122221988,1301.0805660871715
2023-07-31,S003_P0010,1130,945.1862273346849,554.6532363279489,1305.2047901929216
2023-08-07,S003_P0010,1387,968.6121000021417,578.0791089954057,1328.6306628603784
2023-08-14,S003_P0010,1041,952.658796030603,562.1258050238669,1312.6773588888395
2023-08-21,S003_P0010,889,937.0501763338799,546.5171853271438,1297.0687391921165
2023-08-28,S003_P0010,1397,969.6559068493946,579.1229158426586,1329.6744697076313
2023-09-04,S003_P0010,1113,961.3398305753029,570.8068395685668,1321.3583934335397
2023-09-11,S003_P0010,886,961.3398305753029,570.8068395685668,1321.3583934335397
2023-09-18,S003_P0010,609,961.3398305753029,570.8068395685668,1321.3583934335397
2023-09-25,S003_P0010,539,948.9098347371696,558.3768437304336,1308.9283975954063
2023-10-02,S003_P0010,1473,936.8701510605932,546.3371600538571,1296.88871391883
2023-10-09,S003_P0010,1747,944.6487143379567,554.1157233312206,1304.6672771961935
2023-10-16,S003_P0010,1029,890.9789321177896,500.4459411110535,1250.9974949760262
2023-10-23,S003_P0010,679,927.6938241214968,537.1608331147609,1287.7123869797335
2023-10-30,S003_P0010,891,906.6061356214194,516.0731446146833,1266.6246984796562
2023-11-06,S003_P0010,1233,937.3156473936352,546.7826563868991,1297.3342102518718
2023-11-13,S003_P0010,582,945.6925211852096,555.1595301784735,1305.7110840434461
2023-11-20,S003_P0010,1360,947.8660278899167,557.3330368831807,1307.8845907481534
2023-11-27,S003_P0010,948,961.3398305753029,570.8068395685668,1321.3583934335397
2023-12-04,S003_P0010,869,952.6611334589236,562.1281424521876,1312.6796963171603
2023-12-11,S003_P0010,1401,948.5369093531737,558.0039183464376,1308.5554722114102
2023-12-18,S003_P0010,735,928.5469805009374,538.0139894942013,1288.5655433591742
2023-12-25,S003_P0010,704,963.9062409439024,573.3732499371663,1323.9248038021392
2023-07-03,S003_P0011,885,931.3275662807837,540.7945752740477,1291.3461291390204
2023-07-10,S003_P0011,1137,935.8414404138745,545.3084494071384,1295.860003272111
2023-07-17,S003_P0011,1166,951.6149891833501,561.081998176614,1311.6335520415869
2023-07-24,S003_P0011,1170,939.4088745726276,548.8758835658916,1299.4274374308643
2023-07-31,S003_P0011,1095,969.6559068493946,579.1229158426586,1329.6744697076313
2023-08-07,S003_P0011,1401,955.8173092015165,565.2843181947806,1315.8358720597532
2023-08-14,S003_P0011,1231,969.6559068493946,579.1229158426586,1329.6744697076313
2023-08-21,S003_P0011,955,969.6559068493946,579.1229158426586,1329.6744697076313
2023-08-28,S003_P0011,768,952.658796030603,562.1258050238669,1312.6773588888395
2023-09-04,S003_P0011,1284,968.4607139545318,577.9277229477957,1328.4792768127686
2023-09-11,S003_P0011,787,955.2622755116304,564.7292845048944,1315.280838369867
2023-09-18,S003_P0011,1002,989.7721343492682,599.2391433425321,1349.7906972075048
2023-09-25,S003_P0011,936,961.3398305753029,570.8068395685668,1321.3583934335397
2023-10-02,S003_P0011,970,952.6611334589236,562.1281424521876,1312.6796963171603
2023-10-09,S003_P0011,1182,961.3398305753029,570.8068395685668,1321.3583934335397
2023-10-16,S003_P0011,1199,945.6925211852096,555.1595301784735,1305.7110840434461
2023-10-23,S003_P0011,738,961.3398305753029,570.8068395685668,1321.3583934335397
2023-10-30,S003_P0011,984,972.5849380602817,582.0519470535457,1332.6035009185184
2023-11-06,S003_P0011,357,952.6611334589236,562.1281424521876,1312.6796963171603
2023-11-13,S003_P0011,1345,967.1910804110507,576.6580894043148,1327.2096432692874
2023-11-20,S003_P0011,1325,951.6173266116707,561.0843356049347,1311.6358894699074
2023-11-27,S003_P0011,909,950.0966950517034,559.5637040449674,1310.11525790994
2023-12-04,S003_P0011,1160,954.9229718602247,564.3899808534886,1314.9415347184613
2023-12-11,S003_P0011,1290,961.3398305753029,570.8068395685668,1321.3583934335397
2023-12-18,S003_P0011,887,961.3398305753029,570.8068395685668,1321.3583934335397
2023-12-25,S003_P0011,1048,945.1350251859462,554.6020341792102,1305.153588044183
2023-07-03,S003_P0012,1227,969.6559068493946,579.1229158426586,1329.6744697076313
2023-07-10,S003_P0012,1729,945.6901837568889,555.157192750153,1305.7087466151256
2023-07-17,S003_P0012,829,985.944055979988,595.411064973252,1345.9626188382247
2023-07-24,S003_P0012,785,945.6901837568889,555.157192750153,1305.7087466151256
2023-07-31,S003_P0012,1071,1004.3232402374554,613.7902492307194,1364.341803095692
2023-08-07,S003_P0012,949,1007.5062435385111,616.973252531775,1367.5248063967479
2023-08-14,S003_P0012,956,952.658796030603,562.1258050238669,1312.6773588888395
2023-08-21,S003_P0012,1091,969.6559068493946,579.1229158426586,1329.6744697076313
2023-08-28,S003_P0012,1234,959.4541276799721,568.9211366732361,1319.4726905382088
2023-09-04,S003_P0012,1200,952.6611334589236,562.1281424521876,1312.6796963171603
2023-09-11,S003_P0012,821,952.6611334589236,562.1281424521876,1312.6796963171603
2023-09-18,S003_P0012,803,966.5073829966092,575.9743919898731,1326.5259458548458
2023-09-25,S003_P0012,457,972.5849380602817,582.0519470535457,1332.6035009185184
2023-10-02,S003_P0012,927,949.7451837685833,559.2121927618473,1309.76374662682
2023-10-09,S003_P0012,645,954.2184686643775,563.6854776576415,1314.2370315226142
2023-10-16,S003_P0012,1053,909.017813237977,518.484822231241,1269.0363760962136
2023-10-23,S003_P0012,873,918.60945465808,528.076463651344,1278.6280175163167
2023-10-30,S003_P0012,671,985.0123152531072,594.4793242463711,1345.030878111344
2023-11-06,S003_P0012,865,939.1873307735374,548.6543397668013,1299.205893631774
2023-11-13,S003_P0012,838,956.1717996223001,565.6388086155641,1316.1903624805368
2023-11-20,S003_P0012,1528,951.6173266116707,561.0843356049347,1311.6358894699074
2023-11-27,S003_P0012,745,952.6611334589236,562.1281424521876,1312.6796963171603
2023-12-04,S003_P0012,748,972.5849380602817,582.0519470535457,1332.6035009185184
2023-12-11,S003_P0012,583,963.9062409439024,573.3732499371663,1323.9248038021392
2023-12-18,S003_P0012,964,948.9098347371696,558.3768437304336,1308.9283975954063
2023-12-25,S003_P0012,697,951.6173266116707,561.0843356049347,1311.6358894699074
2023-07-03,S003_P0013,900,969.6559068493946,579.1229158426586,1329.6744697076313
2023-07-10,S003_P0013,1212,963.578351785722,573.0453607789859,1323.5969146439588
2023-07-17,S003_P0013,1793,945.6901837568889,555.157192750153,1305.7087466151256
2023-07-24,S003_P0013,1936,1002.9411667987796,612.4081757920435,1362.9597296570164
2023-07-31,S003_P0013,1055,777.1041850243296,386.57119401759354,1137.1227478825663
2023-08-07,S003_P0013,1044,799.2223762559131,408.68938524917706,1159.2409391141498
2023-08-14,S003_P0013,789,751.1481707273679,360.61517972063183,1111.1667335856046
2023-08-21,S003_P0013,965,940.812207866656,550.2792168599199,1300.8307707248928
2023-08-28,S003_P0013,1084,969.6559068493946,579.1229158426586,1329.6744697076313
2023-09-04,S003_P0013,1249,1099.5350581806813,709.0020671739453,1459.553621038918
2023-09-11,S003_P0013,1130,961.3398305753029,570.8068395685668,1321.3583934335397
2023-09-18,S003_P0013,845,952.6611334589236,562.1281424521876,1312.6796963171603
2023-09-25,S003_P0013,406,961.3398305753029,570.8068395685668,1321.3583934335397
2023-10-02,S003_P0013,730,981.3135223248634,590.7805313181273,1341.3320851831
2023-10-09,S003_P0013,1077,971.5411312130288,581.0081402062929,1331.5596940712655
2023-10-16,S003_P0013,957,954.2184686643775,563.6854776576415,1314.2370315226142
2023-10-23,S003_P0013,909,947.6052086796958,557.0722176729598,1307.6237715379325
2023-10-30,S003_P0013,1227,999.1901672644194,608.6571762576834,1359.208730122656
2023-11-06,S003_P0013,1159,919.8904738706564,529.3574828639203,1279.9090367288932
2023-11-13,S003_P0013,1353,952.6611334589236,562.1281424521876,1312.6796963171603
2023-11-20,S003_P0013,1113,999.1901672644194,608.6571762576834,1359.208730122656
2023-11-27,S003_P0013,625,986.0561221003601,595.523131093624,1346.0746849585967
2023-12-04,S003_P0013,758,948.9098347371696,558.3768437304336,1308.9283975954063
2023-12-11,S003_P0013,1425,931.1355813556352,540.6025903488992,1291.1541442138719
2023-12-18,S003_P0013,643,961.3398305753029,570.8068395685668,1321.3583934335397
2023-12-25,S003_P0013,788,947.8660278899167,557.3330368831807,1307.8845907481534
2023-07-03,S003_P0014,991,963.578351785722,573.0453607789859,1323.5969146439588
2023-07-10,S003_P0014,777,952.658796030603,562.1258050238669,1312.6773588888395
2023-07-17,S003_P0014,623,980.9010143343734,590.3680233276373,1340.9195771926102
2023-07-24,S003_P0014,976,957.2259110112612,566.6929200045251,1317.244473869498
2023-07-31,S003_P0014,1268,968.6121000021417,578.0791089954057,1328.6306628603784
2023-08-07,S003_P0014,900,982.6489135417187,592.1159225349827,1342.6674763999554
2023-08-14,S003_P0014,920,963.578351785722,573.0453607789859,1323.5969146439588
2023-08-21,S003_P0014,1479,969.6559068493946,579.1229158426586,1329.6744697076313
2023-08-28,S003_P0014,856,969.6559068493946,579.1229158426586,1329.6744697076313
2023-09-04,S003_P0014,938,952.6611334589236,562.1281424521876,1312.6796963171603
2023-09-11,S003_P0014,1062,999.1901672644194,608.6571762576834,1359.208730122656
2023-09-18,S003_P0014,928,952.6611334589236,562.1281424521876,1312.6796963171603
2023-09-25,S003_P0014,1312,955.2622755116304,564.7292845048944,1315.280838369867
2023-10-02,S003_P0014,1205,952.6611334589236,562.1281424521876,1312.6796963171603
2023-10-09,S003_P0014,889,955.2622755116304,564.7292845048944,1315.280838369867
2023-10-16,S003_P0014,1214,945.6925211852096,555.1595301784735,1305.7110840434461
2023-10-23,S003_P0014,619,961.3398305753029,570.8068395685668,1321.3583934335397
2023-10-30,S003_P0014,1269,948.9098347371696,558.3768437304336,1308.9283975954063
2023-11-06,S003_P0014,622,986.0561221003601,595.523131093624,1346.0746849585967
2023-11-13,S003_P0014,783,943.7254978261756,553.1925068194396,1303.7440606844123
2023-11-20,S003_P0014,1217,971.5411312130288,581.0081402062929,1331.5596940712655
2023-11-27,S003_P0014,1172,952.6611334589236,562.1281424521876,1312.6796963171603
2023-12-04,S003_P0014,1012,955.2622755116304,564.7292845048944,1315.280838369867
2023-12-11,S003_P0014,1101,982.6512509700393,592.1182599633032,1342.669813828276
2023-12-18,S003_P0014,902,961.3398305753029,570.8068395685668,1321.3583934335397
2023-12-25,S003_P0014,1243,961.3398305753029,570.8068395685668,1321.3583934335397
2023-07-03,S003_P0015,725,945.6901837568889,555.157192750153,1305.7087466151256
2023-07-10,S003_P0015,769,980.9010143343734,590.3680233276373,1340.9195771926102
2023-07-17,S003_P0015,1063,963.9039035155818,573.3709125088458,1323.9224663738185
2023-07-24,S003_P0015,1024,994.3721983744517,603.8392073677157,1354.3907612326884
2023-07-31,S003_P0015,957,982.6489135417187,592.1159225349827,1342.6674763999554
2023-08-07,S003_P0015,1229,969.6559068493946,579.1229158426586,1329.6744697076313
2023-08-14,S003_P0015,1029,952.658796030603,562.1258050238669,1312.6773588888395
2023-08-21,S003_P0015,1130,952.658796030603,562.1258050238669,1312.6773588888395
2023-08-28,S003_P0015,714,961.6015387861845,571.0685477794484,1321.620101644421
2023-09-04,S003_P0015,1229,971.9540092829111,581.4210182761751,1331.9725721411478
2023-09-11,S003_P0015,1315,952.6611334589236,562.1281424521876,1312.6796963171603
2023-09-18,S003_P0015,1236,952.6611334589236,562.1281424521876,1312.6796963171603
2023-09-25,S003_P0015,810,945.6925211852096,555.1595301784735,1305.7110840434461
2023-10-02,S003_P0015,1097,952.8134045644384,562.2804135577023,1312.831967422675
2023-10-09,S003_P0015,1084,955.2622755116304,564.7292845048944,1315.280838369867
2023-10-16,S003_P0015,735,952.6611334589236,562.1281424521876,1312.6796963171603
2023-10-23,S003_P0015,1379,972.5849380602817,582.0519470535457,1332.6035009185184
2023-10-30,S003_P0015,685,952.6611334589236,562.1281424521876,1312.6796963171603
2023-11-06,S003_P0015,1394,943.9060571391294,553.3730661323934,1303.924619997366
2023-11-13,S003_P0015,1016,948.5369093531737,558.0039183464376,1308.5554722114102
2023-11-20,S003_P0015,766,952.6611334589236,562.1281424521876,1312.6796963171603
2023-11-27,S003_P0015,1103,963.9062409439024,573.3732499371663,1323.9248038021392
2023-12-04,S003_P0015,909,945.1350251859462,554.6020341792102,1305.153588044183
2023-12-11,S003_P0015,915,961.3398305753029,570.8068395685668,1321.3583934335397
2023-12-18,S003_P0015,935,877.930245189749,487.397254183013,1237.9488080479857
2023-12-25,S003_P0015,1138,961.3398305753029,570.8068395685668,1321.3583934335397
2023-07-03,S003_P0016,1047,969.6559068493946,579.1229158426586,1329.6744697076313
2023-07-10,S003_P0016,1022,969.6559068493946,579.1229158426586,1329.6744697076313
2023-07-17,S003_P0016,913,963.578351785722,573.0453607789859,1323.5969146439588
2023-07-24,S003_P0016,1077,967.8305137373319,577.2975227305958,1327.8490765955685
2023-07-31,S003_P0016,952,994.3721983744517,603.8392073677157,1354.3907612326884
2023-08-07,S003_P0016,1023,952.658796030603,562.1258050238669,1312.6773588888395
2023-08-14,S003_P0016,1024,945.6901837568889,555.157192750153,1305.7087466151256
2023-08-21,S003_P0016,1056,994.3721983744517,603.8392073677157,1354.3907612326884
2023-08-28,S003_P0016,1124,955.8173092015165,565.2843181947806,1315.8358720597532
2023-09-04,S003_P0016,453,986.0561221003601,595.523131093624,1346.0746849585967
2023-09-11,S003_P0016,697,983.266853282786,592.7338622760499,1343.2854161410228
2023-09-18,S003_P0016,484,942.8622502918765,552.3292592851406,1302.8808131501132
2023-09-25,S003_P0016,1021,936.0681384077267,545.5351474009906,1296.0867012659633
2023-10-02,S003_P0016,847,923.1639276687094,532.6309366619735,1283.1824905269461
2023-10-09,S003_P0016,711,960.29602372805,569.763032721314,1320.3145865862866
2023-10-16,S003_P0016,938,937.9023304820676,547.3693394753316,1297.9208933403042
2023-10-23,S003_P0016,883,954.2184686643775,563.6854776576415,1314.2370315226142
2023-10-30,S003_P0016,1062,954.2184686643775,563.6854776576415,1314.2370315226142
2023-11-06,S003_P0016,1523,948.5369093531737,558.0039183464376,1308.5554722114102
2023-11-13,S003_P0016,850,955.2622755116304,564.7292845048944,1315.280838369867
2023-11-20,S003_P0016,818,917.033286793438,526.500295786702,1277.0518496516747
2023-11-27,S003_P0016,1561,966.5073829966092,575.9743919898731,1326.5259458548458
2023-12-04,S003_P0016,1192,961.3398305753029,570.8068395685668,1321.3583934335397
2023-12-11,S003_P0016,628,952.6611334589236,562.1281424521876,1312.6796963171603
2023-12-18,S003_P0016,681,940.2311376207903,549.6981466140542,1300.249700479027
2023-12-25,S003_P0016,982,941.1610594189553,550.6280684122194,1301.179622277192
2023-07-03,S003_P0017,1965,968.6121000021417,578.0791089954057,1328.6306628603784
2023-07-10,S003_P0017,638,900.6926672350759,510.15967622833983,1260.7112300933127
2023-07-17,S003_P0017,842,930.3877300814117,539.8547390746758,1290.4062929396484
2023-07-24,S003_P0017,872,925.8206151007535,535.2876240940175,1285.8391779589901
2023-07-31,S003_P0017,1549,887.0636379403646,496.5306469336286,1247.0822007986012
2023-08-07,S003_P0017,950,969.6559068493946,579.1229158426586,1329.6744697076313
2023-08-14,S003_P0017,1032,969.6559068493946,579.1229158426586,1329.6744697076313
2023-08-21,S003_P0017,978,969.6559068493946,579.1229158426586,1329.6744697076313
2023-08-28,S003_P0017,931,952.658796030603,562.1258050238669,1312.6773588888395
2023-09-04,S003_P0017,1138,941.4236778637523,550.8906868570164,1301.442240721989
2023-09-11,S003_P0017,1014,961.3398305753029,570.8068395685668,1321.3583934335397
2023-09-18,S003_P0017,902,952.6611334589236,562.1281424521876,1312.6796963171603
2023-09-25,S003_P0017,997,929.5066533139868,538.9736623072508,1289.5252161722235
2023-10-02,S003_P0017,813,999.1901672644194,608.6571762576834,1359.208730122656
2023-10-09,S003_P0017,962,972.5849380602817,582.0519470535457,1332.6035009185184
2023-10-16,S003_P0017,1938,986.0561221003601,595.523131093624,1346.0746849585967
2023-10-23,S003_P0017,936,918.569124120093,528.036133113357,1278.5876869783297
2023-10-30,S003_P0017,1115,919.0361314595527,528.5031404528168,1279.0546943177894
2023-11-06,S003_P0017,1709,875.5006712746314,484.96768026789533,1235.519234132868
2023-11-13,S003_P0017,1333,787.7656309930778,397.2326399863418,1147.7841938513145
2023-11-20,S003_P0017,1267,961.3398305753029,570.8068395685668,1321.3583934335397
2023-11-27,S003_P0017,767,1229.4869734038728,838.9539823971368,1589.5055362621094
2023-12-04,S003_P0017,532,1010.4352747493982,619.9022837426621,1370.4538376076348
2023-12-11,S003_P0017,1114,929.2352607914668,538.7022697847308,1289.2538236497035
2023-12-18,S003_P0017,740,945.6925211852096,555.1595301784735,1305.7110840434461
2023-12-25,S003_P0017,1020,971.5411312130288,581.0081402062929,1331.5596940712655
2023-07-03,S003_P0018,837,1018.7513510234899,628.2183600167539,1378.7699138817266
2023-07-10,S003_P0018,1250,969.6559068493946,579.1229158426586,1329.6744697076313
2023-07-17,S003_P0018,771,918.6071172297594,528.0741262230233,1278.625680087996
2023-07-24,S003_P0018,707,993.8940210266975,603.3610300199614,1353.912583884934
2023-07-31,S003_P0018,1080,982.8712276097095,592.3382366029734,1342.889790467946
2023-08-07,S003_P0018,1447,952.658796030603,562.1258050238669,1312.6773588888395
2023-08-14,S003_P0018,769,945.6901837568889,555.157192750153,1305.7087466151256
2023-08-21,S003_P0018,981,963.9039035155818,573.3709125088458,1323.9224663738185
2023-08-28,S003_P0018,843,963.578351785722,573.0453607789859,1323.5969146439588
2023-09-04,S003_P0018,1219,945.6925211852096,555.1595301784735,1305.7110840434461
2023-09-11,S003_P0018,1258,1007.9236974319186,617.3907064251825,1367.9422602901554
2023-09-18,S003_P0018,941,952.6611334589236,562.1281424521876,1312.6796963171603
2023-09-25,S003_P0018,1252,961.3398305753029,570.8068395685668,1321.3583934335397
2023-10-02,S003_P0018,868,952.6611334589236,562.1281424521876,1312.6796963171603
2023-10-09,S003_P0018,849,961.3398305753029,570.8068395685668,1321.3583934335397
2023-10-16,S003_P0018,1238,982.6512509700393,592.1182599633032,1342.669813828276
2023-10-23,S003_P0018,743,919.8904738706564,529.3574828639203,1279.9090367288932
2023-10-30,S003_P0018,1064,999.0165217860944,608.4835307793583,1359.0350846443312
2023-11-06,S003_P0018,635,982.6512509700393,592.1182599633032,1342.669813828276
2023-11-13,S003_P0018,951,947.8369230226713,557.3039320159353,1307.855485880908
2023-11-20,S003_P0018,932,951.6173266116707,561.0843356049347,1311.6358894699074
2023-11-27,S003_P0018,1103,928.5691709870357,538.0361799802997,1288.5877338452724
2023-12-04,S003_P0018,763,945.6925211852096,555.1595301784735,1305.7110840434461
2023-12-11,S003_P0018,1784,999.0165217860944,608.4835307793583,1359.0350846443312
2023-12-18,S003_P0018,912,985.9830970537952,595.4501060470591,1346.0016599120318
2023-12-25,S003_P0018,438,950.0966950517034,559.5637040449674,1310.11525790994
2023-07-03,S003_P0019,897,952.658796030603,562.1258050238669,1312.6773588888395
2023-07-10,S003_P0019,1169,969.6559068493946,579.1229158426586,1329.6744697076313
2023-07-17,S003_P0019,1032,1007.5062435385111,616.973252531775,1367.5248063967479
2023-07-24,S003_P0019,733,952.658796030603,562.1258050238669,1312.6773588888395
2023-07-31,S003_P0019,900,956.9352912418677,566.4023002351316,1316.9538541001043
2023-08-07,S003_P0019,921,969.6559068493946,579.1229158426586,1329.6744697076313
2023-08-14,S003_P0019,1252,952.658796030603,562.1258050238669,1312.6773588888395
2023-08-21,S003_P0019,1075,952.658796030603,562.1258050238669,1312.6773588888395
2023-08-28,S003_P0019,835,952.658796030603,562.1258050238669,1312.6773588888395
2023-09-04,S003_P0019,1118,952.6611334589236,562.1281424521876,1312.6796963171603
2023-09-11,S003_P0019,451,918.4413767357287,527.9083857289927,1278.4599395939654
2023-09-18,S003_P0019,897,982.2230464355331,591.690055428797,1342.2416092937697
2023-09-25,S003_P0019,1062,948.7601395344524,558.2271485277163,1308.778702392689
2023-10-02,S003_P0019,408,951.6173266116707,561.0843356049347,1311.6358894699074
2023-10-09,S003_P0019,1026,906.5355326455701,516.0025416388341,1266.5540955038068
2023-10-16,S003_P0019,1427,951.6173266116707,561.0843356049347,1311.6358894699074
2023-10-23,S003_P0019,629,961.3398305753029,570.8068395685668,1321.3583934335397
2023-10-30,S003_P0019,1299,929.8168851656073,539.2838941588714,1289.835448023844
2023-11-06,S003_P0019,880,952.6611334589236,562.1281424521876,1312.6796963171603
2023-11-13,S003_P0019,1032,961.3398305753029,570.8068395685668,1321.3583934335397
2023-11-20,S003_P0019,1401,961.3398305753029,570.8068395685668,1321.3583934335397
2023-11-27,S003_P0019,1450,952.6611334589236,562.1281424521876,1312.6796963171603
2023-12-04,S003_P0019,679,919.8904738706564,529.3574828639203,1279.9090367288932
2023-12-11,S003_P0019,1239,940.2311376207903,549.6981466140542,1300.249700479027
2023-12-18,S003_P0019,1208,955.2622755116304,564.7292845048944,1315.280838369867
2023-12-25,S003_P0019,976,950.2551885170225,559.7221975102864,1310.273751375259
2023-07-03,S003_P0020,975,963.9039035155818,573.3709125088458,1323.9224663738185
2023-07-10,S003_P0020,1030,969.6559068493946,579.1229158426586,1329.6744697076313
2023-07-17,S003_P0020,1165,969.6559068493946,579.1229158426586,1329.6744697076313
2023-07-24,S003_P0020,670,969.6559068493946,579.1229158426586,1329.6744697076313
2023-07-31,S003_P0020,833,940.2288001924696,549.6958091857337,1300.2473630507063
2023-08-07,S003_P0020,1040,969.6559068493946,579.1229158426586,1329.6744697076313
2023-08-14,S003_P0020,880,987.7690768727949,597.2360858660588,1347.7876397310315
2023-08-21,S003_P0020,673,951.6149891833501,561.081998176614,1311.6335520415869
2023-08-28,S003_P0020,880,939.1849933452168,548.6520023384808,1299.2035562034534
2023-09-04,S003_P0020,851,954.2184686643775,563.6854776576415,1314.2370315226142
2023-09-11,S003_P0020,1332,960.29602372805,569.763032721314,1320.3145865862866
2023-09-18,S003_P0020,589,952.6611334589236,562.1281424521876,1312.6796963171603
2023-09-25,S003_P0020,1027,948.9098347371696,558.3768437304336,1308.9283975954063
2023-10-02,S003_P0020,1372,961.3398305753029,570.8068395685668,1321.3583934335397
2023-10-09,S003_P0020,795,961.3398305753029,570.8068395685668,1321.3583934335397
2023-10-16,S003_P0020,1118,972.5849380602817,582.0519470535457,1332.6035009185184
2023-10-23,S003_P0020,1259,961.3398305753029,570.8068395685668,1321.3583934335397
2023-10-30,S003_P0020,910,961.3398305753029,570.8068395685668,1321.3583934335397
2023-11-06,S003_P0020,906,951.1380514058804,560.6050603991443,1311.1566142641173
2023-11-13,S003_P0020,1220,955.2622755116304,564.7292845048944,1315.280838369867
2023-11-20,S003_P0020,892,961.3398305753029,570.8068395685668,1321.3583934335397
2023-11-27,S003_P0020,1171,928.5691709870357,538.0361799802997,1288.5877338452724
2023-12-04,S003_P0020,776,957.215606469553,566.682615462817,1317.2341693277897
2023-12-11,S003_P0020,1155,947.5850358096077,557.0520448028717,1307.6035986678444
2023-12-18,S003_P0020,1258,885.2398591709897,494.70686816425365,1245.2584220292265
2023-12-25,S003_P0020,600,961.3398305753029,570.8068395685668,1321.3583934335397
2023-07-03,S004_P0001,1065,951.9837049790024,561.4507139722664,1312.002267837239
2023-07-10,S004_P0001,1504,968.6121000021417,578.0791089954057,1328.6306628603784
2023-07-17,S004_P0001,738,950.0943576233827,559.5613666166466,1310.1129204816193
2023-07-24,S004_P0001,814,918.7703569892857,528.2373659825496,1278.7889198475223
2023-07-31,S004_P0001,847,980.9010143343734,590.3680233276373,1340.9195771926102
2023-08-07,S004_P0001,832,969.6559068493946,579.1229158426586,1329.6744697076313
2023-08-14,S004_P0001,783,968.6121000021417,578.0791089954057,1328.6306628603784
2023-08-21,S004_P0001,946,966.0186098392425,575.4856188325064,1326.037172697479
2023-08-28,S004_P0001,934,962.5345449384691,572.001553931733,1322.5531077967057
2023-09-04,S004_P0001,1957,928.4628464667339,537.929855459998,1288.4814093249706
2023-09-11,S004_P0001,1451,908.9041238999761,518.37113289324,1268.9226867582129
2023-09-18,S004_P0001,1348,867.2994323712747,476.7664413645387,1227.3179952295113
2023-09-25,S004_P0001,1229,790.9062999818215,400.3733089750854,1150.9248628400583
2023-10-02,S004_P0001,677,835.8678165659821,445.3348255592461,1195.8863794242188
2023-10-09,S004_P0001,980,940.2311376207903,549.6981466140542,1300.249700479027
2023-10-16,S004_P0001,753,952.6611334589236,562.1281424521876,1312.6796963171603
2023-10-23,S004_P0001,608,972.5849380602817,582.0519470535457,1332.6035009185184
2023-10-30,S004_P0001,539,942.6816909789227,552.1486999721867,1302.7002538371594
2023-11-06,S004_P0001,746,928.1914539442139,537.6584629374779,1288.2100168024506
2023-11-13,S004_P0001,1260,971.5411312130288,581.0081402062929,1331.5596940712655
2023-11-20,S004_P0001,1038,951.6173266116707,561.0843356049347,1311.6358894699074
2023-11-27,S004_P0001,1457,961.3398305753029,570.8068395685668,1321.3583934335397
2023-12-04,S004_P0001,965,955.2622755116304,564.7292845048944,1315.280838369867
2023-12-11,S004_P0001,841,999.1901672644194,608.6571762576834,1359.208730122656
2023-12-18,S004_P0001,781,952.6611334589236,562.1281424521876,1312.6796963171603
2023-12-25,S004_P0001,799,993.8963584550181,603.3633674482821,1353.9149213132548
2023-07-03,S004_P0002,913,932.7272835685314,542.1942925617955,1292.7458464267681
2023-07-10,S004_P0002,1206,1007.5062435385111,616.973252531775,1367.5248063967479
2023-07-17,S004_P0002,701,969.6559068493946,579.1229158426586,1329.6744697076313
2023-07-24,S004_P0002,1153,942.8599128635559,552.3269218568198,1302.8784757217927
2023-07-31,S004_P0002,850,963.578351785722,573.0453607789859,1323.5969146439588
2023-08-07,S004_P0002,1349,969.6559068493946,579.1229158426586,1329.6744697076313
2023-08-14,S004_P0002,905,952.658796030603,562.1258050238669,1312.6773588888395
2023-08-21,S004_P0002,688,952.658796030603,562.1258050238669,1312.6773588888395
2023-08-28,S004_P0002,593,943.9037197108088,553.3707287040727,1303.9222825690454
2023-09-04,S004_P0002,1149,939.1873307735374,548.6543397668013,1299.205893631774
2023-09-11,S004_P0002,658,960.29602372805,569.763032721314,1320.3145865862866
2023-09-18,S004_P0002,449,942.6816909789227,552.1486999721867,1302.7002538371594
2023-09-25,S004_P0002,903,949.7451837685833,559.2121927618473,1309.76374662682
2023-10-02,S004_P0002,401,960.29602372805,569.763032721314,1320.3145865862866
2023-10-09,S004_P0002,1008,969.2186016074739,578.6856106007378,1329.2371644657105
2023-10-16,S004_P0002,1083,894.5174921861922,503.9845011794561,1254.5360550444288
2023-10-23,S004_P0002,788,981.6074441227864,591.0744531160503,1341.6260069810232
2023-10-30,S004_P0002,712,958.8503161646746,568.3173251579385,1318.8688790229112
2023-11-06,S004_P0002,998,980.6327063992904,590.0997153925543,1340.651269257527
2023-11-13,S004_P0002,777,952.6611334589236,562.1281424521876,1312.6796963171603
2023-11-20,S004_P0002,703,965.4635761493563,574.9305851426202,1325.482139007593
2023-11-27,S004_P0002,552,970.9102024356582,580.3772114289222,1330.928765293895
2023-12-04,S004_P0002,804,972.319463452768,581.7864724460319,1332.3380263110048
2023-12-11,S004_P0002,1064,971.5411312130288,581.0081402062929,1331.5596940712655
2023-12-18,S004_P0002,1105,951.6173266116707,561.0843356049347,1311.6358894699074
2023-12-25,S004_P0002,1166,960.29602372805,569.763032721314,1320.3145865862866
2023-07-03,S004_P0003,975,962.5345449384691,572.001553931733,1322.5531077967057
2023-07-10,S004_P0003,1017,969.6559068493946,579.1229158426586,1329.6744697076313
2023-07-17,S004_P0003,813,952.658796030603,562.1258050238669,1312.6773588888395
2023-07-24,S004_P0003,799,963.9039035155818,573.3709125088458,1323.9224663738185
2023-07-31,S004_P0003,523,980.9010143343734,590.3680233276373,1340.9195771926102
2023-08-07,S004_P0003,1221,880.793731588296,490.26074058156,1240.8122944465326
2023-08-14,S004_P0003,916,948.8344471061986,558.3014560994625,1308.8530099644354
2023-08-21,S004_P0003,1190,935.8414404138745,545.3084494071384,1295.860003272111
2023-08-28,S004_P0003,924,945.4864296363002,554.9534386295641,1305.504992494537
2023-09-04,S004_P0003,1194,952.6611334589236,562.1281424521876,1312.6796963171603
2023-09-11,S004_P0003,535,961.3398305753029,570.8068395685668,1321.3583934335397
2023-09-18,S004_P0003,679,932.7296209968521,542.196629990116,1292.7481838550889
2023-09-25,S004_P0003,811,983.3153402820915,592.7823492753555,1343.3339031403282
2023-10-02,S004_P0003,812,971.5411312130288,581.0081402062929,1331.5596940712655
2023-10-09,S004_P0003,1221,992.8525516077652,602.3195606010293,1352.871114466002
2023-10-16,S004_P0003,676,948.7601395344524,558.2271485277163,1308.778702392689
2023-10-23,S004_P0003,1282,947.8660278899167,557.3330368831807,1307.8845907481534
2023-10-30,S004_P0003,825,961.3398305753029,570.8068395685668,1321.3583934335397
2023-11-06,S004_P0003,612,885.2398591709897,494.70686816425365,1245.2584220292265
2023-11-13,S004_P0003,722,939.1873307735374,548.6543397668013,1299.205893631774
2023-11-20,S004_P0003,944,962.8624340966495,572.3294430899134,1322.880996954886
2023-11-27,S004_P0003,1036,981.6074441227864,591.0744531160503,1341.6260069810232
2023-12-04,S004_P0003,652,951.6173266116707,561.0843356049347,1311.6358894699074
2023-12-11,S004_P0003,467,906.4166711852702,515.8836801785342,1266.4352340435069
2023-12-18,S004_P0003,1201,949.7451837685833,559.2121927618473,1309.76374662682
2023-12-25,S004_P0003,991,954.2184686643775,563.6854776576415,1314.2370315226142
2023-07-03,S004_P0004,634,969.6559068493946,579.1229158426586,1329.6744697076313
2023-07-10,S004_P0004,761,951.1483559475887,560.6153649408527,1311.1669188058254
2023-07-17,S004_P0004,1084,896.1416275201212,505.6086365133852,1256.160190378358
2023-07-24,S004_P0004,873,951.6149891833501,561.081998176614,1311.6335520415869
2023-07-31,S004_P0004,1004,918.8443295950829,528.3113385883469,1278.8628924533195
2023-08-07,S004_P0004,514,969.6559068493946,579.1229158426586,1329.6744697076313
2023-08-14,S004_P0004,780,928.1891165158933,537.6561255091572,1288.2076793741298
2023-08-21,S004_P0004,839,962.8600966683289,572.3271056615929,1322.8786595265656
2023-08-28,S004_P0004,1004,944.646376909636,554.1133859029001,1304.6649397678727
2023-09-04,S004_P0004,898,927.2881517744594,536.7551607677233,1287.3067146326962
2023-09-11,S004_P0004,929,960.29602372805,569.763032721314,1320.3145865862866
2023-09-18,S004_P0004,499,961.3398305753029,570.8068395685668,1321.3583934335397
2023-09-25,S004_P0004,823,939.5639750497423,549.0309840430064,1299.582537907979
2023-10-02,S004_P0004,651,911.8780547496895,521.3450637429535,1271.8966176079261
2023-10-09,S004_P0004,1119,972.5823194149739,582.0493284082379,1332.6008822732106
2023-10-16,S004_P0004,783,921.2105967107868,530.6776057040508,1281.2291595690235
2023-10-23,S004_P0004,821,958.9769962691214,568.4440052623854,1318.995559127358
2023-10-30,S004_P0004,663,971.5411312130288,581.0081402062929,1331.5596940712655
2023-11-06,S004_P0004,927,947.8660278899167,557.3330368831807,1307.8845907481534
2023-11-13,S004_P0004,1661,960.29602372805,569.763032721314,1320.3145865862866
2023-11-20,S004_P0004,1171,886.9455830593698,496.4125920526338,1246.9641459176064
2023-11-27,S004_P0004,1082,955.2622755116304,564.7292845048944,1315.280838369867
2023-12-04,S004_P0004,587,945.1350251859462,554.6020341792102,1305.153588044183
2023-12-11,S004_P0004,688,972.3320606402516,581.7990696335155,1332.3506234984884
2023-12-18,S004_P0004,939,946.3566104972618,555.8236194905257,1306.3751733554986
2023-12-25,S004_P0004,712,954.2184686643775,563.6854776576415,1314.2370315226142
2023-07-03,S004_P0005,322,969.6559068493946,579.1229158426586,1329.6744697076313
2023-07-10,S004_P0005,1462,1012.1092434578421,621.576252451106,1372.127806316079
2023-07-17,S004_P0005,634,870.1414831109182,479.6084921041822,1230.160045969155
2023-07-24,S004_P0005,1403,917.7633851686004,527.2303941618643,1277.7819480268372
2023-07-31,S004_P0005,912,889.7508471998243,499.21785619308827,1249.769410058061
2023-08-07,S004_P0005,1400,969.6559068493946,579.1229158426586,1329.6744697076313
2023-08-14,S004_P0005,473,952.658796030603,562.1258050238669,1312.6773588888395
2023-08-21,S004_P0005,1295,992.8884535693625,602.3554625626264,1352.907016427599
2023-08-28,S004_P0005,624,952.658796030603,562.1258050238669,1312.6773588888395
2023-09-04,S004_P0005,428,946.3453963299494,555.8124053232134,1306.363959188186
2023-09-11,S004_P0005,662,911.5529749039986,521.0199838972626,1271.5715377622353
2023-09-18,S004_P0005,1062,983.3153402820915,592.7823492753555,1343.3339031403282
2023-09-25,S004_P0005,835,951.6173266116707,561.0843356049347,1311.6358894699074
2023-10-02,S004_P0005,1415,956.2839057960751,565.750914789339,1316.3024686543117
2023-10-09,S004_P0005,910,961.3398305753029,570.8068395685668,1321.3583934335397
2023-10-16,S004_P0005,1164,952.6611334589236,562.1281424521876,1312.6796963171603
2023-10-23,S004_P0005,665,961.3398305753029,570.8068395685668,1321.3583934335397
2023-10-30,S004_P0005,884,939.571017583966,549.0380265772299,1299.5895804422025
2023-11-06,S004_P0005,352,961.3398305753029,570.8068395685668,1321.3583934335397
2023-11-13,S004_P0005,689,964.5899383583439,574.056947351608,1324.6085012165806
2023-11-20,S004_P0005,798,971.0143652471465,580.4813742404106,1331.0329281053832
2023-11-27,S004_P0005,1280,965.4635761493563,574.9305851426202,1325.482139007593
2023-12-04,S004_P0005,620,940.6365964059818,550.1036053992457,1300.6551592642186
2023-12-11,S004_P0005,1136,939.1873307735374,548.6543397668013,1299.205893631774
2023-12-18,S004_P0005,1159,952.6611334589236,562.1281424521876,1312.6796963171603
2023-12-25,S004_P0005,839,961.3398305753029,570.8068395685668,1321.3583934335397
2023-07-03,S004_P0006,903,952.658796030603,562.1258050238669,1312.6773588888395
2023-07-10,S004_P0006,1250,962.5345449384691,572.001553931733,1322.5531077967057
2023-07-17,S004_P0006,871,948.534571924853,558.001580918117,1308.5531347830897
2023-07-24,S004_P0006,797,982.6489135417187,592.1159225349827,1342.6674763999554
2023-07-31,S004_P0006,1137,980.9010143343734,590.3680233276373,1340.9195771926102
2023-08-07,S004_P0006,852,987.7690768727949,597.2360858660588,1347.7876397310315
2023-08-14,S004_P0006,1188,965.5316827436446,574.9986917369085,1325.5502456018812
2023-08-21,S004_P0006,1640,994.3721983744517,603.8392073677157,1354.3907612326884
2023-08-28,S004_P0006,541,969.6559068493946,579.1229158426586,1329.6744697076313
2023-09-04,S004_P0006,837,899.1046189974812,508.5716279907452,1259.123181855718
2023-09-11,S004_P0006,1019,927.7148285759321,537.181837569196,1287.7333914341689
2023-09-18,S004_P0006,544,958.7753921680827,568.2424011613466,1318.7939550263195
2023-09-25,S004_P0006,1783,928.1914539442139,537.6584629374779,1288.2100168024506
2023-10-02,S004_P0006,864,900.246431238032,509.7134402312959,1260.2649940962688
2023-10-09,S004_P0006,870,937.3588243416137,546.8258333348776,1297.3773871998505
2023-10-16,S004_P0006,1032,921.3765809317753,530.8435899250392,1281.3951437900118
2023-10-23,S004_P0006,910,948.5587829172348,558.0257919104988,1308.5773457754715
2023-10-30,S004_P0006,862,961.3398305753029,570.8068395685668,1321.3583934335397
2023-11-06,S004_P0006,1445,945.6925211852096,555.1595301784735,1305.7110840434461
2023-11-13,S004_P0006,1348,952.6611334589236,562.1281424521876,1312.6796963171603
2023-11-20,S004_P0006,821,961.3398305753029,570.8068395685668,1321.3583934335397
2023-11-27,S004_P0006,929,972.5849380602817,582.0519470535457,1332.6035009185184
2023-12-04,S004_P0006,608,952.6611334589236,562.1281424521876,1312.6796963171603
2023-12-11,S004_P0006,942,948.9098347371696,558.3768437304336,1308.9283975954063
2023-12-18,S004_P0006,650,951.6173266116707,561.0843356049347,1311.6358894699074
2023-12-25,S004_P0006,1126,941.7884728262442,551.2554818195081,1301.807035684481
2023-07-03,S004_P0007,911,939.1849933452168,548.6520023384808,1299.2035562034534
2023-07-10,S004_P0007,782,944.646376909636,554.1133859029001,1304.6649397678727
2023-07-17,S004_P0007,1081,973.7796524234479,583.246661416712,1333.7982152816846
2023-07-24,S004_P0007,793,951.6149891833501,561.081998176614,1311.6335520415869
2023-07-31,S004_P0007,870,956.9352912418677,566.4023002351316,1316.9538541001043
2023-08-07,S004_P0007,680,951.6149891833501,561.081998176614,1311.6335520415869
2023-08-14,S004_P0007,530,956.1821041640084,565.6491131572723,1316.200667022245
2023-08-21,S004_P0007,1047,945.1862273346849,554.6532363279489,1305.2047901929216
2023-08-28,S004_P0007,750,951.6149891833501,561.081998176614,1311.6335520415869
2023-09-04,S004_P0007,590,992.8525516077652,602.3195606010293,1352.871114466002
2023-09-11,S004_P0007,1007,920.98492045246,530.4519294457239,1281.0034833106965
2023-09-18,S004_P0007,1166,950.0942445586276,559.5612535518915,1310.1128074168641
2023-09-25,S004_P0007,871,960.29602372805,569.763032721314,1320.3145865862866
2023-10-02,S004_P0007,1219,961.3398305753029,570.8068395685668,1321.3583934335397
2023-10-09,S004_P0007,967,955.2622755116304,564.7292845048944,1315.280838369867
2023-10-16,S004_P0007,938,928.5691709870357,538.0361799802997,1288.5877338452724
2023-10-23,S004_P0007,595,961.3398305753029,570.8068395685668,1321.3583934335397
2023-10-30,S004_P0007,1217,940.2311376207903,549.6981466140542,1300.249700479027
2023-11-06,S004_P0007,902,952.6611334589236,562.1281424521876,1312.6796963171603
2023-11-13,S004_P0007,518,945.6925211852096,555.1595301784735,1305.7110840434461
2023-11-20,S004_P0007,592,931.6858141495992,541.1528231428631,1291.7043770078358
2023-11-27,S004_P0007,725,985.7163645790332,595.1833735722971,1345.73492743727
2023-12-04,S004_P0007,913,997.9727149388415,607.4397239321054,1357.991277797078
2023-12-11,S004_P0007,970,927.2881517744594,536.7551607677233,1287.3067146326962
2023-12-18,S004_P0007,593,981.6074441227864,591.0744531160503,1341.6260069810232
2023-12-25,S004_P0007,1048,939.1873307735374,548.6543397668013,1299.205893631774
2023-07-03,S004_P0008,1246,969.6559068493946,579.1229158426586,1329.6744697076313
2023-07-10,S004_P0008,1253,952.658796030603,562.1258050238669,1312.6773588888395
2023-07-17,S004_P0008,1238,948.534571924853,558.001580918117,1308.5531347830897
2023-07-24,S004_P0008,568,969.6559068493946,579.1229158426586,1329.6744697076313
2023-07-31,S004_P0008,1268,936.1045760867197,545.5715850799836,1296.1231389449563
2023-08-07,S004_P0008,1066,952.658796030603,562.1258050238669,1312.6773588888395
2023-08-14,S004_P0008,1080,952.658796030603,562.1258050238669,1312.6773588888395
2023-08-21,S004_P0008,752,963.578351785722,573.0453607789859,1323.5969146439588
2023-08-28,S004_P0008,833,980.9010143343734,590.3680233276373,1340.9195771926102
2023-09-04,S004_P0008,824,952.6611334589236,562.1281424521876,1312.6796963171603
2023-09-11,S004_P0008,1320,944.6487143379567,554.1157233312206,1304.6672771961935
2023-09-18,S004_P0008,877,952.6611334589236,562.1281424521876,1312.6796963171603
2023-09-25,S004_P0008,577,957.215606469553,566.682615462817,1317.2341693277897
2023-10-02,S004_P0008,646,940.2311376207903,549.6981466140542,1300.249700479027
2023-10-09,S004_P0008,713,983.3153402820915,592.7823492753555,1343.3339031403282
2023-10-16,S004_P0008,975,979.5888995520376,589.0559085453015,1339.6074624102744
2023-10-23,S004_P0008,1056,944.6487143379567,554.1157233312206,1304.6672771961935
2023-10-30,S004_P0008,458,954.2184686643775,563.6854776576415,1314.2370315226142
2023-11-06,S004_P0008,1279,949.7451837685833,559.2121927618473,1309.76374662682
2023-11-13,S004_P0008,1212,952.6611334589236,562.1281424521876,1312.6796963171603
2023-11-20,S004_P0008,1138,952.6611334589236,562.1281424521876,1312.6796963171603
2023-11-27,S004_P0008,965,963.6019370880211,573.068946081285,1323.620499946258
2023-12-04,S004_P0008,1407,954.6796170647699,564.1466260580339,1314.6981799230066
2023-12-11,S004_P0008,750,961.3398305753029,570.8068395685668,1321.3583934335397
2023-12-18,S004_P0008,1102,956.9376286701884,566.4046376634524,1316.956191528425
2023-12-25,S004_P0008,1279,955.2622755116304,564.7292845048944,1315.280838369867
2023-07-03,S004_P0009,815,868.4738314431913,477.9408404364553,1228.492394301428
2023-07-10,S004_P0009,1366,979.8572074871205,589.3242164803844,1339.875770345357
2023-07-17,S004_P0009,1166,969.6559068493946,579.1229158426586,1329.6744697076313
2023-07-24,S004_P0009,989,969.6559068493946,579.1229158426586,1329.6744697076313
2023-07-31,S004_P0009,386,952.658796030603,562.1258050238669,1312.6773588888395
2023-08-07,S004_P0009,1017,989.629598598955,599.096607592219,1349.6481614571917
2023-08-14,S004_P0009,1039,969.6559068493946,579.1229158426586,1329.6744697076313
2023-08-21,S004_P0009,930,951.6149891833501,561.081998176614,1311.6335520415869
2023-08-28,S004_P0009,679,947.6028712513752,557.0698802446391,1307.621434109612
2023-09-04,S004_P0009,548,942.832279673497,552.299288666761,1302.8508425317336
2023-09-11,S004_P0009,978,931.6858141495992,541.1528231428631,1291.7043770078358
2023-09-18,S004_P0009,479,998.1463604171665,607.6133694104306,1358.1649232754032
2023-09-25,S004_P0009,804,986.4503998409828,595.9174088342468,1346.4689626992194
2023-10-02,S004_P0009,774,997.9727149388415,607.4397239321054,1357.991277797078
2023-10-09,S004_P0009,1288,962.8624340966495,572.3294430899134,1322.880996954886
2023-10-16,S004_P0009,1114,927.2881517744594,536.7551607677233,1287.3067146326962
2023-10-23,S004_P0009,731,961.3398305753029,570.8068395685668,1321.3583934335397
2023-10-30,S004_P0009,1528,963.9062409439024,573.3732499371663,1323.9248038021392
2023-11-06,S004_P0009,910,948.5369093531737,558.0039183464376,1308.5554722114102
2023-11-13,S004_P0009,983,952.6611334589236,562.1281424521876,1312.6796963171603
2023-11-20,S004_P0009,666,961.3398305753029,570.8068395685668,1321.3583934335397
2023-11-27,S004_P0009,783,936.1069135150403,545.5739225083043,1296.125476373277
2023-12-04,S004_P0009,1356,962.8624340966495,572.3294430899134,1322.880996954886
2023-12-11,S004_P0009,1550,957.399368157546,566.86637715081,1317.4179310157826
2023-12-18,S004_P0009,811,949.8039463817053,559.2709553749692,1309.822509239942
2023-12-25,S004_P0009,1006,966.5073829966092,575.9743919898731,1326.5259458548458
2023-07-03,S004_P0010,1089,936.8852472611273,546.3522562543912,1296.9038101193642
2023-07-10,S004_P0010,574,952.658796030603,562.1258050238669,1312.6773588888395
2023-07-17,S004_P0010,1278,957.2259110112612,566.6929200045251,1317.244473869498
2023-07-24,S004_P0010,964,965.5316827436446,574.9986917369085,1325.5502456018812
2023-07-31,S004_P0010,1109,969.6559068493946,579.1229158426586,1329.6744697076313
2023-08-07,S004_P0010,583,945.6901837568889,555.157192750153,1305.7087466151256
2023-08-14,S004_P0010,608,957.2259110112612,566.6929200045251,1317.244473869498
2023-08-21,S004_P0010,557,994.0324408531249,603.4994498463889,1354.0510037113615
2023-08-28,S004_P0010,1412,939.1849933452168,548.6520023384808,1299.2035562034534
2023-09-04,S004_P0010,1058,991.1520360016101,600.619044994874,1351.170598859847
2023-09-11,S004_P0010,993,961.3398305753029,570.8068395685668,1321.3583934335397
2023-09-18,S004_P0010,827,955.2622755116304,564.7292845048944,1315.280838369867
2023-09-25,S004_P0010,701,986.0561221003601,595.523131093624,1346.0746849585967
2023-10-02,S004_P0010,653,990.435090944625,599.902099937889,1350.4536538028617
2023-10-09,S004_P0010,930,947.8660278899167,557.3330368831807,1307.8845907481534
2023-10-16,S004_P0010,977,951.6173266116707,561.0843356049347,1311.6358894699074
2023-10-23,S004_P0010,808,981.6074441227864,591.0744531160503,1341.6260069810232
2023-10-30,S004_P0010,924,965.4635761493563,574.9305851426202,1325.482139007593
2023-11-06,S004_P0010,221,957.215606469553,566.682615462817,1317.2341693277897
2023-11-13,S004_P0010,637,879.9010414989835,489.3680504922475,1239.9196043572201
2023-11-20,S004_P0010,1170,963.2152216230575,572.6822306163215,1323.2337844812942
2023-11-27,S004_P0010,852,951.6173266116707,561.0843356049347,1311.6358894699074
2023-12-04,S004_P0010,1077,947.6052086796958,557.0722176729598,1307.6237715379325
2023-12-11,S004_P0010,880,982.6512509700393,592.1182599633032,1342.669813828276
2023-12-18,S004_P0010,1028,982.6512509700393,592.1182599633032,1342.669813828276
2023-12-25,S004_P0010,782,922.4916159233632,531.9586249166271,1282.5101787815997
2023-07-03,S004_P0011,502,945.1862273346849,554.6532363279489,1305.2047901929216
2023-07-10,S004_P0011,882,972.3171260244474,581.7841350177114,1332.335688882684
2023-07-17,S004_P0011,1059,951.6149891833501,561.081998176614,1311.6335520415869
2023-07-24,S004_P0011,1281,968.6121000021417,578.0791089954057,1328.6306628603784
2023-07-31,S004_P0011,697,945.4864296363002,554.9534386295641,1305.504992494537
2023-08-07,S004_P0011,726,960.9008305296004,570.3678395228644,1320.919393387837
2023-08-14,S004_P0011,1173,963.9039035155818,573.3709125088458,1323.9224663738185
2023-08-21,S004_P0011,953,963.578351785722,573.0453607789859,1323.5969146439588
2023-08-28,S004_P0011,736,969.6559068493946,579.1229158426586,1329.6744697076313
2023-09-04,S004_P0011,987,993.8963584550181,603.3633674482821,1353.9149213132548
2023-09-11,S004_P0011,837,952.6611334589236,562.1281424521876,1312.6796963171603
2023-09-18,S004_P0011,858,927.5253641397828,536.9923731330468,1287.5439269980195
2023-09-25,S004_P0011,716,960.29602372805,569.763032721314,1320.3145865862866
2023-10-02,S004_P0011,1312,973.511344488365,582.978353481629,1333.5299073466017
2023-10-09,S004_P0011,1106,961.3398305753029,570.8068395685668,1321.3583934335397
2023-10-16,S004_P0011,1677,952.6611334589236,562.1281424521876,1312.6796963171603
2023-10-23,S004_P0011,872,971.6875479345758,581.1545569278398,1331.7061107928125
2023-10-30,S004_P0011,977,952.6611334589236,562.1281424521876,1312.6796963171603
2023-11-06,S004_P0011,1217,961.3398305753029,570.8068395685668,1321.3583934335397
2023-11-13,S004_P0011,1040,952.6611334589236,562.1281424521876,1312.6796963171603
2023-11-20,S004_P0011,1549,961.3398305753029,570.8068395685668,1321.3583934335397
2023-11-27,S004_P0011,1268,955.2622755116304,564.7292845048944,1315.280838369867
2023-12-04,S004_P0011,754,961.3398305753029,570.8068395685668,1321.3583934335397
2023-12-11,S004_P0011,1030,963.9062409439024,573.3732499371663,1323.9248038021392
2023-12-18,S004_P0011,937,952.6611334589236,562.1281424521876,1312.6796963171603
2023-12-25,S004_P0011,1160,952.6611334589236,562.1281424521876,1312.6796963171603
2023-07-03,S004_P0012,1128,961.0139133785018,570.4809223717657,1321.0324762367386
2023-07-10,S004_P0012,1295,928.4893188175085,537.9563278107726,1288.5078816757452
2023-07-17,S004_P0012,980,952.658796030603,562.1258050238669,1312.6773588888395
2023-07-24,S004_P0012,1291,969.6559068493946,579.1229158426586,1329.6744697076313
2023-07-31,S004_P0012,262,945.6901837568889,555.157192750153,1305.7087466151256
2023-08-07,S004_P0012,319,968.6084925506051,578.075501543869,1328.627055408842
2023-08-14,S004_P0012,776,893.1050010746125,502.5720100678764,1253.1235639328493
2023-08-21,S004_P0012,711,897.3104789831584,506.7774879764224,1257.329041841395
2023-08-28,S004_P0012,1089,991.7126141506553,601.1796231439193,1351.731177008892
2023-09-04,S004_P0012,1014,930.1999412632143,539.6669502564782,1290.2185041214511
2023-09-11,S004_P0012,943,955.2622755116304,564.7292845048944,1315.280838369867
2023-09-18,S004_P0012,1382,884.8988574634631,494.365866456727,1244.9174203216999
2023-09-25,S004_P0012,1087,952.6611334589236,562.1281424521876,1312.6796963171603
2023-10-02,S004_P0012,1214,945.6925211852096,555.1595301784735,1305.7110840434461
2023-10-09,S004_P0012,1134,986.0561221003601,595.523131093624,1346.0746849585967
2023-10-16,S004_P0012,881,961.3398305753029,570.8068395685668,1321.3583934335397
2023-10-23,S004_P0012,1029,952.6611334589236,562.1281424521876,1312.6796963171603
2023-10-30,S004_P0012,843,1062.018832396588,671.4858413898521,1422.0373952548248
2023-11-06,S004_P0012,1112,955.2622755116304,564.7292845048944,1315.280838369867
2023-11-13,S004_P0012,439,961.3398305753029,570.8068395685668,1321.3583934335397
2023-11-20,S004_P0012,998,986.347270541283,595.814279534547,1346.3658333995197
2023-11-27,S004_P0012,610,954.2184686643775,563.6854776576415,1314.2370315226142
2023-12-04,S004_P0012,677,947.8660278899167,557.3330368831807,1307.8845907481534
2023-12-11,S004_P0012,732,906.1794588199467,515.6464678132106,1266.1980216781835
2023-12-18,S004_P0012,795,971.5411312130288,581.0081402062929,1331.5596940712655
2023-12-25,S004_P0012,1002,965.4635761493563,574.9305851426202,1325.482139007593
2023-07-03,S004_P0013,865,963.0065133898759,572.4735223831399,1323.0250762481126
2023-07-10,S004_P0013,999,965.5316827436446,574.9986917369085,1325.5502456018812
2023-07-17,S004_P0013,789,930.8076921974548,540.2747011907188,1290.8262550556915
2023-07-24,S004_P0013,730,980.9010143343734,590.3680233276373,1340.9195771926102
2023-07-31,S004_P0013,459,975.7329833813706,585.1999923746346,1335.7515462396073
2023-08-07,S004_P0013,749,948.6699346257643,558.1369436190282,1308.688497484001
2023-08-14,S004_P0013,714,979.8572074871205,589.3242164803844,1339.875770345357
2023-08-21,S004_P0013,725,1000.8979825184533,610.3649915117173,1360.91654537669
2023-08-28,S004_P0013,1089,946.8493355335298,556.3163445267937,1306.8678983917666
2023-09-04,S004_P0013,424,951.6173266116707,561.0843356049347,1311.6358894699074
2023-09-11,S004_P0013,747,1000.3112068898323,609.7782158830962,1360.3297697480689
2023-09-18,S004_P0013,1120,1109.7363588184073,719.2033678116713,1469.754921676644
2023-09-25,S004_P0013,819,998.1463604171665,607.6133694104306,1358.1649232754032
2023-10-02,S004_P0013,630,904.4863189633634,513.9533279566274,1264.5048818216
2023-10-09,S004_P0013,442,972.5823194149739,582.0493284082379,1332.6008822732106
2023-10-16,S004_P0013,913,949.7451837685833,559.2121927618473,1309.76374662682
2023-10-23,S004_P0013,1296,960.29602372805,569.763032721314,1320.3145865862866
2023-10-30,S004_P0013,936,954.2184686643775,563.6854776576415,1314.2370315226142
2023-11-06,S004_P0013,655,928.4916562458292,537.9586652390931,1288.510219104066
2023-11-13,S004_P0013,856,1056.4548247946082,665.9218337878722,1416.4733876528448
2023-11-20,S004_P0013,592,955.2622755116304,564.7292845048944,1315.280838369867
2023-11-27,S004_P0013,1022,947.8660278899167,557.3330368831807,1307.8845907481534
2023-12-04,S004_P0013,1128,933.0448792785692,542.5118882718332,1293.0634421368059
2023-12-11,S004_P0013,931,928.5691709870357,538.0361799802997,1288.5877338452724
2023-12-18,S004_P0013,544,952.6611334589236,562.1281424521876,1312.6796963171603
2023-12-25,S004_P0013,878,937.9139579078461,547.38096690111,1297.9325207660827
2023-07-03,S004_P0014,1024,902.2197050882363,511.68671408150027,1262.2382679464731
2023-07-10,S004_P0014,1206,914.9095699254822,524.3765789187462,1274.9281327837189
2023-07-17,S004_P0014,1241,882.4669461200248,491.93395511328873,1242.4855089782614
2023-07-24,S004_P0014,1020,926.3689388071166,535.8359478003806,1286.3875016653533
2023-07-31,S004_P0014,797,969.6559068493946,579.1229158426586,1329.6744697076313
2023-08-07,S004_P0014,752,974.8234592707008,584.2904682639648,1334.8420221289375
2023-08-14,S004_P0014,969,961.0467164383634,570.5137254316273,1321.0652792966002
2023-08-21,S004_P0014,1004,968.6121000021417,578.0791089954057,1328.6306628603784
2023-08-28,S004_P0014,608,968.6121000021417,578.0791089954057,1328.6306628603784
2023-09-04,S004_P0014,1077,941.7884728262442,551.2554818195081,1301.807035684481
2023-09-11,S004_P0014,1066,952.6611334589236,562.1281424521876,1312.6796963171603
2023-09-18,S004_P0014,939,961.3398305753029,570.8068395685668,1321.3583934335397
2023-09-25,S004_P0014,1266,949.8805913817721,559.3476003750361,1309.8991542400088
2023-10-02,S004_P0014,1027,948.5369093531737,558.0039183464376,1308.5554722114102
2023-10-09,S004_P0014,1261,961.3398305753029,570.8068395685668,1321.3583934335397
2023-10-16,S004_P0014,606,952.6611334589236,562.1281424521876,1312.6796963171603
2023-10-23,S004_P0014,1429,940.2311376207903,549.6981466140542,1300.249700479027
2023-10-30,S004_P0014,1207,986.0561221003601,595.523131093624,1346.0746849585967
2023-11-06,S004_P0014,951,961.3398305753029,570.8068395685668,1321.3583934335397
2023-11-13,S004_P0014,553,945.6925211852096,555.1595301784735,1305.7110840434461
2023-11-20,S004_P0014,628,943.7254978261756,553.1925068194396,1303.7440606844123
2023-11-27,S004_P0014,691,939.1873307735374,548.6543397668013,1299.205893631774
2023-12-04,S004_P0014,1012,951.5409474082559,561.0079564015198,1311.5595102664925
2023-12-11,S004_P0014,636,951.6173266116707,561.0843356049347,1311.6358894699074
2023-12-18,S004_P0014,1092,891.7919458459402,501.25895483920414,1251.8105087041768
2023-12-25,S004_P0014,763,954.2184686643775,563.6854776576415,1314.2370315226142
2023-07-03,S004_P0015,1122,957.2259110112612,566.6929200045251,1317.244473869498
2023-07-10,S004_P0015,589,952.658796030603,562.1258050238669,1312.6773588888395
2023-07-17,S004_P0015,1042,956.1821041640084,565.6491131572723,1316.200667022245
2023-07-24,S004_P0015,1400,951.6149891833501,561.081998176614,1311.6335520415869
2023-07-31,S004_P0015,335,969.6559068493946,579.1229158426586,1329.6744697076313
2023-08-07,S004_P0015,1126,926.8632004085407,536.3302094018047,1286.8817632667774
2023-08-14,S004_P0015,1377,961.0139133785018,570.4809223717657,1321.0324762367386
2023-08-21,S004_P0015,854,909.3759880588601,518.842997052124,1269.3945509170967
2023-08-28,S004_P0015,1525,960.2854612414645,569.7524702347284,1320.304024099701
2023-09-04,S004_P0015,984,952.6611334589236,562.1281424521876,1312.6796963171603
2023-09-11,S004_P0015,850,945.6925211852096,555.1595301784735,1305.7110840434461
2023-09-18,S004_P0015,974,957.215606469553,566.682615462817,1317.2341693277897
2023-09-25,S004_P0015,824,961.3398305753029,570.8068395685668,1321.3583934335397
2023-10-02,S004_P0015,1038,928.5691709870357,538.0361799802997,1288.5877338452724
2023-10-09,S004_P0015,1297,952.6611334589236,562.1281424521876,1312.6796963171603
2023-10-16,S004_P0015,1411,945.6925211852096,555.1595301784735,1305.7110840434461
2023-10-23,S004_P0015,501,957.215606469553,566.682615462817,1317.2341693277897
2023-10-30,S004_P0015,1302,901.8910940857774,511.3581030790413,1261.909656944014
2023-11-06,S004_P0015,1013,945.1350251859462,554.6020341792102,1305.153588044183
2023-11-13,S004_P0015,811,955.2622755116304,564.7292845048944,1315.280838369867
2023-11-20,S004_P0015,1534,948.4154608471873,557.8824698404512,1308.434023705424
2023-11-27,S004_P0015,783,1052.815344476239,662.282353469503,1412.8339073344757
2023-12-04,S004_P0015,1088,972.5849380602817,582.0519470535457,1332.6035009185184
2023-12-11,S004_P0015,1210,952.6611334589236,562.1281424521876,1312.6796963171603
2023-12-18,S004_P0015,783,952.6611334589236,562.1281424521876,1312.6796963171603
2023-12-25,S004_P0015,574,963.9062409439024,573.3732499371663,1323.9248038021392
2023-07-03,S004_P0016,965,951.6149891833501,561.081998176614,1311.6335520415869
2023-07-10,S004_P0016,812,952.658796030603,562.1258050238669,1312.6773588888395
2023-07-17,S004_P0016,386,979.8572074871205,589.3242164803844,1339.875770345357
2023-07-24,S004_P0016,1030,941.0641492238833,550.5311582171473,1301.08271208212
2023-07-31,S004_P0016,1340,968.6121000021417,578.0791089954057,1328.6306628603784
2023-08-07,S004_P0016,1099,969.6559068493946,579.1229158426586,1329.6744697076313
2023-08-14,S004_P0016,364,974.4821836579159,583.9491926511798,1334.5007465161525
2023-08-21,S004_P0016,1721,989.629598598955,599.096607592219,1349.6481614571917
2023-08-28,S004_P0016,1213,900.2440938097113,509.7111028029753,1260.262656667948
2023-09-04,S004_P0016,1299,891.1479806647247,500.6149896579887,1251.1665435229615
2023-09-11,S004_P0016,1211,955.9235837796923,565.3905927729563,1315.942146637929
2023-09-18,S004_P0016,1028,1188.0376166992257,797.5046256924898,1548.0561795574624
2023-09-25,S004_P0016,685,952.6611334589236,562.1281424521876,1312.6796963171603
2023-10-02,S004_P0016,707,943.9060571391294,553.3730661323934,1303.924619997366
2023-10-09,S004_P0016,1172,971.9540092829111,581.4210182761751,1331.9725721411478
2023-10-16,S004_P0016,726,955.2622755116304,564.7292845048944,1315.280838369867
2023-10-23,S004_P0016,755,971.5411312130288,581.0081402062929,1331.5596940712655
2023-10-30,S004_P0016,1072,930.0917745083823,539.5587835016463,1290.110337366619
2023-11-06,S004_P0016,805,999.1901672644194,608.6571762576834,1359.208730122656
2023-11-13,S004_P0016,946,971.5411312130288,581.0081402062929,1331.5596940712655
2023-11-20,S004_P0016,1402,999.1901672644194,608.6571762576834,1359.208730122656
2023-11-27,S004_P0016,1124,952.6611334589236,562.1281424521876,1312.6796963171603
2023-12-04,S004_P0016,877,955.2622755116304,564.7292845048944,1315.280838369867
2023-12-11,S004_P0016,1354,961.3398305753029,570.8068395685668,1321.3583934335397
2023-12-18,S004_P0016,621,957.215606469553,566.682615462817,1317.2341693277897
2023-12-25,S004_P0016,948,948.9098347371696,558.3768437304336,1308.9283975954063
2023-07-03,S004_P0017,1160,968.6121000021417,578.0791089954057,1328.6306628603784
2023-07-10,S004_P0017,535,951.6149891833501,561.081998176614,1311.6335520415869
2023-07-17,S004_P0017,718,917.935082885204,527.4020918784679,1277.9536457434406
2023-07-24,S004_P0017,585,970.9078650073376,580.3748740006015,1330.9264278655742
2023-07-31,S004_P0017,1172,932.2163810715027,541.6833900647666,1292.2349439297395
2023-08-07,S004_P0017,1176,935.8414404138745,545.3084494071384,1295.860003272111
2023-08-14,S004_P0017,1129,982.6489135417187,592.1159225349827,1342.6674763999554
2023-08-21,S004_P0017,903,963.578351785722,573.0453607789859,1323.5969146439588
2023-08-28,S004_P0017,1074,1057.8922708625175,667.3592798557816,1417.9108337207542
2023-09-04,S004_P0017,655,955.2622755116304,564.7292845048944,1315.280838369867
2023-09-11,S004_P0017,584,948.9098347371696,558.3768437304336,1308.9283975954063
2023-09-18,S004_P0017,1061,983.3153402820915,592.7823492753555,1343.3339031403282
2023-09-25,S004_P0017,949,954.2184686643775,563.6854776576415,1314.2370315226142
2023-10-02,S004_P0017,1228,951.6173266116707,561.0843356049347,1311.6358894699074
2023-10-09,S004_P0017,559,1099.5350581806813,709.0020671739453,1459.553621038918
2023-10-16,S004_P0017,1624,948.9098347371696,558.3768437304336,1308.9283975954063
2023-10-23,S004_P0017,1364,958.7753921680827,568.2424011613466,1318.7939550263195
2023-10-30,S004_P0017,736,942.570586778726,552.03759577199,1302.5891496369627
2023-11-06,S004_P0017,1208,942.2656841824357,551.7326931756998,1302.2842470406724
2023-11-13,S004_P0017,778,945.6925211852096,555.1595301784735,1305.7110840434461
2023-11-20,S004_P0017,1213,972.5849380602817,582.0519470535457,1332.6035009185184
2023-11-27,S004_P0017,1297,982.6512509700393,592.1182599633032,1342.669813828276
2023-12-04,S004_P0017,1062,928.5691709870357,538.0361799802997,1288.5877338452724
2023-12-11,S004_P0017,1226,961.3398305753029,570.8068395685668,1321.3583934335397
2023-12-18,S004_P0017,598,955.2622755116304,564.7292845048944,1315.280838369867
2023-12-25,S004_P0017,1369,940.2311376207903,549.6981466140542,1300.249700479027
2023-07-03,S004_P0018,995,952.658796030603,562.1258050238669,1312.6773588888395
2023-07-10,S004_P0018,553,969.6559068493946,579.1229158426586,1329.6744697076313
2023-07-17,S004_P0018,548,955.4005178991986,564.8675268924626,1315.4190807574353
2023-07-24,S004_P0018,1044,972.3171260244474,581.7841350177114,1332.335688882684
2023-07-31,S004_P0018,1124,968.6121000021417,578.0791089954057,1328.6306628603784
2023-08-07,S004_P0018,807,951.6149891833501,561.081998176614,1311.6335520415869
2023-08-14,S004_P0018,1377,960.0029095911106,569.4699185843745,1320.0214724493471
2023-08-21,S004_P0018,939,941.565959651139,551.0329686444029,1301.5845225093758
2023-08-28,S004_P0018,858,1007.5062435385111,616.973252531775,1367.5248063967479
2023-09-04,S004_P0018,737,952.6611334589236,562.1281424521876,1312.6796963171603
2023-09-11,S004_P0018,717,956.9376286701884,566.4046376634524,1316.956191528425
2023-09-18,S004_P0018,1066,970.9102024356582,580.3772114289222,1330.928765293895
2023-09-25,S004_P0018,1376,951.6173266116707,561.0843356049347,1311.6358894699074
2023-10-02,S004_P0018,1233,982.6512509700393,592.1182599633032,1342.669813828276
2023-10-09,S004_P0018,927,945.1350251859462,554.6020341792102,1305.153588044183
2023-10-16,S004_P0018,672,961.3398305753029,570.8068395685668,1321.3583934335397
2023-10-23,S004_P0018,1162,948.9098347371696,558.3768437304336,1308.9283975954063
2023-10-30,S004_P0018,920,982.6512509700393,592.1182599633032,1342.669813828276
2023-11-06,S004_P0018,915,957.215606469553,566.682615462817,1317.2341693277897
2023-11-13,S004_P0018,1240,945.6925211852096,555.1595301784735,1305.7110840434461
2023-11-20,S004_P0018,1231,948.5369093531737,558.0039183464376,1308.5554722114102
2023-11-27,S004_P0018,436,945.6925211852096,555.1595301784735,1305.7110840434461
2023-12-04,S004_P0018,1115,987.3910773885359,596.8580863817999,1347.4096402467726
2023-12-11,S004_P0018,620,999.1901672644194,608.6571762576834,1359.208730122656
2023-12-18,S004_P0018,662,947.8660278899167,557.3330368831807,1307.8845907481534
2023-12-25,S004_P0018,605,906.1794588199467,515.6464678132106,1266.1980216781835
2023-07-03,S004_P0019,1182,951.6149891833501,561.081998176614,1311.6335520415869
2023-07-10,S004_P0019,390,969.6559068493946,579.1229158426586,1329.6744697076313
2023-07-17,S004_P0019,1114,985.1921587324374,594.6591677257013,1345.210721590674
2023-07-24,S004_P0019,521,963.578351785722,573.0453607789859,1323.5969146439588
2023-07-31,S004_P0019,1578,939.1086722710123,548.5756812642762,1299.1272351292491
2023-08-07,S004_P0019,947,827.5892651686509,437.0562741619148,1187.6078280268875
2023-08-14,S004_P0019,1536,969.6559068493946,579.1229158426586,1329.6744697076313
2023-08-21,S004_P0019,794,828.9250007300977,438.3920097233617,1188.9435635883344
2023-08-28,S004_P0019,1131,980.9010143343734,590.3680233276373,1340.9195771926102
2023-09-04,S004_P0019,791,961.3398305753029,570.8068395685668,1321.3583934335397
2023-09-11,S004_P0019,713,966.5073829966092,575.9743919898731,1326.5259458548458
2023-09-18,S004_P0019,849,973.511344488365,582.978353481629,1333.5299073466017
2023-09-25,S004_P0019,1460,981.6074441227864,591.0744531160503,1341.6260069810232
2023-10-02,S004_P0019,1331,952.6611334589236,562.1281424521876,1312.6796963171603
2023-10-09,S004_P0019,1425,952.6611334589236,562.1281424521876,1312.6796963171603
2023-10-16,S004_P0019,955,952.6611334589236,562.1281424521876,1312.6796963171603
2023-10-23,S004_P0019,575,961.3398305753029,570.8068395685668,1321.3583934335397
2023-10-30,S004_P0019,1214,948.9098347371696,558.3768437304336,1308.9283975954063
2023-11-06,S004_P0019,1177,961.3398305753029,570.8068395685668,1321.3583934335397
2023-11-13,S004_P0019,992,961.3398305753029,570.8068395685668,1321.3583934335397
2023-11-20,S004_P0019,1029,912.9218615969423,522.3888705902064,1272.940424455179
2023-11-27,S004_P0019,686,945.6925211852096,555.1595301784735,1305.7110840434461
2023-12-04,S004_P0019,1071,952.5847542555088,562.0517632487727,1312.6033171137456
2023-12-11,S004_P0019,629,952.6611334589236,562.1281424521876,1312.6796963171603
2023-12-18,S004_P0019,388,947.8660278899167,557.3330368831807,1307.8845907481534
2023-12-25,S004_P0019,906,944.5608468575892,554.0278558508533,1304.579409715826
2023-07-03,S004_P0020,1186,950.1045491003358,559.5715580935998,1310.1231119585725
2023-07-10,S004_P0020,617,969.6559068493946,579.1229158426586,1329.6744697076313
2023-07-17,S004_P0020,919,950.1045491003358,559.5715580935998,1310.1231119585725
2023-07-24,S004_P0020,819,962.5345449384691,572.001553931733,1322.5531077967057
2023-07-31,S004_P0020,962,962.8600966683289,572.3271056615929,1322.8786595265656
2023-08-07,S004_P0020,809,951.6149891833501,561.081998176614,1311.6335520415869
2023-08-14,S004_P0020,837,973.7796524234479,583.246661416712,1333.7982152816846
2023-08-21,S004_P0020,873,951.6149891833501,561.081998176614,1311.6335520415869
2023-08-28,S004_P0020,800,968.6121000021417,578.0791089954057,1328.6306628603784
2023-09-04,S004_P0020,1145,951.6249785014783,561.0919874947422,1311.643541359715
2023-09-11,S004_P0020,1052,952.6611334589236,562.1281424521876,1312.6796963171603
2023-09-18,S004_P0020,1267,952.6611334589236,562.1281424521876,1312.6796963171603
2023-09-25,S004_P0020,983,961.3398305753029,570.8068395685668,1321.3583934335397
2023-10-02,S004_P0020,819,961.3398305753029,570.8068395685668,1321.3583934335397
2023-10-09,S004_P0020,768,997.3012295853389,606.7682385786029,1357.3197924435756
2023-10-16,S004_P0020,1224,963.9062409439024,573.3732499371663,1323.9248038021392
2023-10-23,S004_P0020,1348,961.3398305753029,570.8068395685668,1321.3583934335397
2023-10-30,S004_P0020,788,961.3398305753029,570.8068395685668,1321.3583934335397
2023-11-06,S004_P0020,1732,972.5849380602817,582.0519470535457,1332.6035009185184
2023-11-13,S004_P0020,1328,985.9463934083086,595.4134024015725,1345.9649562665454
2023-11-20,S004_P0020,1150,961.3398305753029,570.8068395685668,1321.3583934335397
2023-11-27,S004_P0020,672,952.6611334589236,562.1281424521876,1312.6796963171603
2023-12-04,S004_P0020,705,972.3320606402516,581.7990696335155,1332.3506234984884
2023-12-11,S004_P0020,1725,980.6327063992904,590.0997153925543,1340.651269257527
2023-12-18,S004_P0020,1099,900.246431238032,509.7134402312959,1260.2649940962688
2023-12-25,S004_P0020,858,876.1310359041886,485.59804489745255,1236.1495987624253
2023-07-03,S005_P0001,666,947.4907650776001,556.9577740708642,1307.5093279358368
2023-07-10,S005_P0001,560,956.1821041640084,565.6491131572723,1316.200667022245
2023-07-17,S005_P0001,1247,939.1849933452168,548.6520023384808,1299.2035562034534
2023-07-24,S005_P0001,1619,962.5345449384691,572.001553931733,1322.5531077967057
2023-07-31,S005_P0001,1113,854.6876040459291,464.15461303919307,1214.706166904166
2023-08-07,S005_P0001,711,969.0996107507167,578.5666197439807,1329.1181736089534
2023-08-14,S005_P0001,1103,956.1781230851149,565.6451320783788,1316.1966859433514
2023-08-21,S005_P0001,914,948.534571924853,558.001580918117,1308.5531347830897
2023-08-28,S005_P0001,544,952.658796030603,562.1258050238669,1312.6773588888395
2023-09-04,S005_P0001,944,930.7925959969207,540.2596049901847,1290.8111588551574
2023-09-11,S005_P0001,2268,951.6173266116707,561.0843356049347,1311.6358894699074
2023-09-18,S005_P0001,1436,829.9809800133768,439.44798900664074,1189.9995428716134
2023-09-25,S005_P0001,681,825.1592209444071,434.6262299376711,1185.1777838026437
2023-10-02,S005_P0001,568,969.0084576180362,578.4754666113001,1329.0270204762728
2023-10-09,S005_P0001,1087,847.7277593309664,457.1947683242303,1207.746322189203
2023-10-16,S005_P0001,1733,982.6512509700393,592.1182599633032,1342.669813828276
2023-10-23,S005_P0001,856,893.9081835938752,503.3751925871391,1253.9267464521117
2023-10-30,S005_P0001,1109,921.3765809317753,530.8435899250392,1281.3951437900118
2023-11-06,S005_P0001,951,952.6611334589236,562.1281424521876,1312.6796963171603
2023-11-13,S005_P0001,1074,961.3398305753029,570.8068395685668,1321.3583934335397
2023-11-20,S005_P0001,703,952.6611334589236,562.1281424521876,1312.6796963171603
2023-11-27,S005_P0001,793,974.5551513356179,584.0221603288819,1334.5737141938546
2023-12-04,S005_P0001,563,971.5411312130288,581.0081402062929,1331.5596940712655
2023-12-11,S005_P0001,809,941.7884728262442,551.2554818195081,1301.807035684481
2023-12-18,S005_P0001,863,962.8624340966495,572.3294430899134,1322.880996954886
2023-12-25,S005_P0001,743,1098.4912513334284,707.9582603266924,1458.509814191665
2023-07-03,S005_P0002,1342,821.699734819493,431.1667438127569,1181.7182976777297
2023-07-10,S005_P0002,1289,787.7187935176221,397.18580251088605,1147.7373563758588
2023-07-17,S005_P0002,1172,969.6559068493946,579.1229158426586,1329.6744697076313
2023-07-24,S005_P0002,1242,969.6559068493946,579.1229158426586,1329.6744697076313
2023-07-31,S005_P0002,1007,950.2528510887018,559.7198600819659,1310.2714139469385
2023-08-07,S005_P0002,1234,969.6559068493946,579.1229158426586,1329.6744697076313
2023-08-14,S005_P0002,1172,952.658796030603,562.1258050238669,1312.6773588888395
2023-08-21,S005_P0002,991,969.6559068493946,579.1229158426586,1329.6744697076313
2023-08-28,S005_P0002,710,945.1326877576256,554.5996967508895,1305.1512506158624
2023-09-04,S005_P0002,622,971.9540092829111,581.4210182761751,1331.9725721411478
2023-09-11,S005_P0002,966,947.8660278899167,557.3330368831807,1307.8845907481534
2023-09-18,S005_P0002,1348,953.9569478655955,563.4239568588594,1313.975510723832
2023-09-25,S005_P0002,253,961.3398305753029,570.8068395685668,1321.3583934335397
2023-10-02,S005_P0002,731,948.0309712143966,557.4979802076605,1308.0495340726334
2023-10-09,S005_P0002,1079,948.6657116801981,558.132720673462,1308.6842745384347
2023-10-16,S005_P0002,773,842.5322487415789,451.99925773484284,1202.5508115998155
2023-10-23,S005_P0002,730,934.7583536927867,544.2253626860506,1294.7769165510235
2023-10-30,S005_P0002,986,965.4635761493563,574.9305851426202,1325.482139007593
2023-11-06,S005_P0002,843,948.5369093531737,558.0039183464376,1308.5554722114102
2023-11-13,S005_P0002,618,912.9006388004528,522.3676477937167,1272.9192016586894
2023-11-20,S005_P0002,638,983.3153402820915,592.7823492753555,1343.3339031403282
2023-11-27,S005_P0002,1010,983.3153402820915,592.7823492753555,1343.3339031403282
2023-12-04,S005_P0002,870,960.29602372805,569.763032721314,1320.3145865862866
2023-12-11,S005_P0002,1455,960.29602372805,569.763032721314,1320.3145865862866
2023-12-18,S005_P0002,1396,961.3398305753029,570.8068395685668,1321.3583934335397
2023-12-25,S005_P0002,1394,879.1623041073171,488.6293131005811,1239.1808669655538
2023-07-03,S005_P0003,978,907.0309148792327,516.4979238724966,1267.0494777374693
2023-07-10,S005_P0003,1616,926.0805267089896,535.5475357022535,1286.0990895672262
2023-07-17,S005_P0003,700,996.3124082416924,605.7794172349563,1356.3309710999292
2023-07-24,S005_P0003,1049,898.3515089526508,507.8185179459147,1258.3700718108876
2023-07-31,S005_P0003,905,994.3721983744517,603.8392073677157,1354.3907612326884
2023-08-07,S005_P0003,1289,965.5316827436446,574.9986917369085,1325.5502456018812
2023-08-14,S005_P0003,890,969.6559068493946,579.1229158426586,1329.6744697076313
2023-08-21,S005_P0003,772,969.6559068493946,579.1229158426586,1329.6744697076313
2023-08-28,S005_P0003,581,980.9010143343734,590.3680233276373,1340.9195771926102
2023-09-04,S005_P0003,714,947.8660278899167,557.3330368831807,1307.8845907481534
2023-09-11,S005_P0003,861,979.5888995520376,589.0559085453015,1339.6074624102744
2023-09-18,S005_P0003,1514,960.29602372805,569.763032721314,1320.3145865862866
2023-09-25,S005_P0003,1354,982.6512509700393,592.1182599633032,1342.669813828276
2023-10-02,S005_P0003,1710,961.3398305753029,570.8068395685668,1321.3583934335397
2023-10-09,S005_P0003,1533,1174.277895781813,783.744904775077,1534.2964586400497
2023-10-16,S005_P0003,679,857.3275613404296,466.79457033369357,1217.3461241986663
2023-10-23,S005_P0003,905,946.3453963299494,555.8124053232134,1306.363959188186
2023-10-30,S005_P0003,989,870.8665275655064,480.3335365587704,1230.8850904237431
2023-11-06,S005_P0003,954,952.6611334589236,562.1281424521876,1312.6796963171603
2023-11-13,S005_P0003,1049,960.29602372805,569.763032721314,1320.3145865862866
2023-11-20,S005_P0003,941,961.3398305753029,570.8068395685668,1321.3583934335397
2023-11-27,S005_P0003,1475,948.5369093531737,558.0039183464376,1308.5554722114102
2023-12-04,S005_P0003,1108,961.3398305753029,570.8068395685668,1321.3583934335397
2023-12-11,S005_P0003,932,959.5144374632403,568.9814464565043,1319.533000321477
2023-12-18,S005_P0003,732,919.8904738706564,529.3574828639203,1279.9090367288932
2023-12-25,S005_P0003,1338,963.9062409439024,573.3732499371663,1323.9248038021392
2023-07-03,S005_P0004,1287,928.1301709413332,537.5971799345971,1288.14873379957
2023-07-10,S005_P0004,812,963.578351785722,573.0453607789859,1323.5969146439588
2023-07-17,S005_P0004,1314,931.1332439273145,540.6002529205784,1291.1518067855513
2023-07-24,S005_P0004,1364,945.6901837568889,555.157192750153,1305.7087466151256
2023-07-31,S005_P0004,1200,969.6559068493946,579.1229158426586,1329.6744697076313
2023-08-07,S005_P0004,292,952.658796030603,562.1258050238669,1312.6773588888395
2023-08-14,S005_P0004,718,985.6056033693967,595.0726123626607,1345.6241662276334
2023-08-21,S005_P0004,786,929.7164081779332,539.1834171711971,1289.73497103617
2023-08-28,S005_P0004,845,979.8572074871205,589.3242164803844,1339.875770345357
2023-09-04,S005_P0004,957,947.6052086796958,557.0722176729598,1307.6237715379325
2023-09-11,S005_P0004,1418,960.29602372805,569.763032721314,1320.3145865862866
2023-09-18,S005_P0004,905,945.6925211852096,555.1595301784735,1305.7110840434461
2023-09-25,S005_P0004,972,961.3398305753029,570.8068395685668,1321.3583934335397
2023-10-02,S005_P0004,554,961.3398305753029,570.8068395685668,1321.3583934335397
2023-10-09,S005_P0004,762,948.9098347371696,558.3768437304336,1308.9283975954063
2023-10-16,S005_P0004,1371,992.8525516077652,602.3195606010293,1352.871114466002
2023-10-23,S005_P0004,1269,982.6512509700393,592.1182599633032,1342.669813828276
2023-10-30,S005_P0004,1040,952.6611334589236,562.1281424521876,1312.6796963171603
2023-11-06,S005_P0004,706,945.1350251859462,554.6020341792102,1305.153588044183
2023-11-13,S005_P0004,1491,980.6327063992904,590.0997153925543,1340.651269257527
2023-11-20,S005_P0004,1375,905.2657485313264,514.7327575245904,1265.284311389563
2023-11-27,S005_P0004,563,952.6611334589236,562.1281424521876,1312.6796963171603
2023-12-04,S005_P0004,1122,991.3393006009478,600.8063095942118,1351.3578634591845
2023-12-11,S005_P0004,1149,945.6925211852096,555.1595301784735,1305.7110840434461
2023-12-18,S005_P0004,983,928.5691709870357,538.0361799802997,1288.5877338452724
2023-12-25,S005_P0004,846,961.3398305753029,570.8068395685668,1321.3583934335397
2023-07-03,S005_P0005,779,980.9010143343734,590.3680233276373,1340.9195771926102
2023-07-10,S005_P0005,973,963.9039035155818,573.3709125088458,1323.9224663738185
2023-07-17,S005_P0005,957,947.4907650776001,556.9577740708642,1307.5093279358368
2023-07-24,S005_P0005,1206,962.5345449384691,572.001553931733,1322.5531077967057
2023-07-31,S005_P0005,1292,969.6559068493946,579.1229158426586,1329.6744697076313
2023-08-07,S005_P0005,1322,891.7305423330187,501.1975513262826,1251.7491051912552
2023-08-14,S005_P0005,488,945.6901837568889,555.157192750153,1305.7087466151256
2023-08-21,S005_P0005,793,948.2112298705556,557.6782388638196,1308.2297927287923
2023-08-28,S005_P0005,667,993.8940210266975,603.3610300199614,1353.912583884934
2023-09-04,S005_P0005,893,894.393087898647,503.8600968919109,1254.4116507568838
2023-09-11,S005_P0005,1001,927.2881517744594,536.7551607677233,1287.3067146326962
2023-09-18,S005_P0005,690,947.4931025059208,556.9601114991847,1307.5116653641576
2023-09-25,S005_P0005,869,1002.1069705295047,611.5739795227687,1362.1255333877414
2023-10-02,S005_P0005,854,944.6487143379567,554.1157233312206,1304.6672771961935
2023-10-09,S005_P0005,547,951.6173266116707,561.0843356049347,1311.6358894699074
2023-10-16,S005_P0005,1433,930.7925959969207,540.2596049901847,1290.8111588551574
2023-10-23,S005_P0005,964,952.6611334589236,562.1281424521876,1312.6796963171603
2023-10-30,S005_P0005,1035,955.2622755116304,564.7292845048944,1315.280838369867
2023-11-06,S005_P0005,1146,961.3398305753029,570.8068395685668,1321.3583934335397
2023-11-13,S005_P0005,804,986.0561221003601,595.523131093624,1346.0746849585967
2023-11-20,S005_P0005,1376,966.5073829966092,575.9743919898731,1326.5259458548458
2023-11-27,S005_P0005,959,961.3398305753029,570.8068395685668,1321.3583934335397
2023-12-04,S005_P0005,686,952.6611334589236,562.1281424521876,1312.6796963171603
2023-12-11,S005_P0005,998,952.5847542555088,562.0517632487727,1312.6033171137456
2023-12-18,S005_P0005,855,955.2622755116304,564.7292845048944,1315.280838369867
2023-12-25,S005_P0005,1599,994.0221363114166,603.4891453046805,1354.0406991696532
2023-07-03,S005_P0006,1054,928.5446430726167,538.0116520658808,1288.5632059308534
2023-07-10,S005_P0006,1274,963.578351785722,573.0453607789859,1323.5969146439588
2023-07-17,S005_P0006,947,919.8881364423357,529.3551454355998,1279.9066993005724
2023-07-24,S005_P0006,873,948.534571924853,558.001580918117,1308.5531347830897
2023-07-31,S005_P0006,1473,963.578351785722,573.0453607789859,1323.5969146439588
2023-08-07,S005_P0006,786,945.6901837568889,555.157192750153,1305.7087466151256
2023-08-14,S005_P0006,577,963.9039035155818,573.3709125088458,1323.9224663738185
2023-08-21,S005_P0006,1038,957.2259110112612,566.6929200045251,1317.244473869498
2023-08-28,S005_P0006,880,969.6559068493946,579.1229158426586,1329.6744697076313
2023-09-04,S005_P0006,650,985.0123152531072,594.4793242463711,1345.030878111344
2023-09-11,S005_P0006,1477,941.7884728262442,551.2554818195081,1301.807035684481
2023-09-18,S005_P0006,851,945.6925211852096,555.1595301784735,1305.7110840434461
2023-09-25,S005_P0006,1662,961.3398305753029,570.8068395685668,1321.3583934335397
2023-10-02,S005_P0006,1065,906.2611822695665,515.7281912628305,1266.2797451278032
2023-10-09,S005_P0006,1094,961.3398305753029,570.8068395685668,1321.3583934335397
2023-10-16,S005_P0006,798,945.6925211852096,555.1595301784735,1305.7110840434461
2023-10-23,S005_P0006,1276,997.3012295853389,606.7682385786029,1357.3197924435756
2023-10-30,S005_P0006,766,961.3398305753029,570.8068395685668,1321.3583934335397
2023-11-06,S005_P0006,1452,966.5073829966092,575.9743919898731,1326.5259458548458
2023-11-13,S005_P0006,587,955.2622755116304,564.7292845048944,1315.280838369867
2023-11-20,S005_P0006,857,943.7254978261756,553.1925068194396,1303.7440606844123
2023-11-27,S005_P0006,726,952.6611334589236,562.1281424521876,1312.6796963171603
2023-12-04,S005_P0006,1346,963.9062409439024,573.3732499371663,1323.9248038021392
2023-12-11,S005_P0006,859,936.3399283246289,545.8069373178928,1296.3584911828657
2023-12-18,S005_P0006,1328,949.8039463817053,559.2709553749692,1309.822509239942
2023-12-25,S005_P0006,1307,928.5691709870357,538.0361799802997,1288.5877338452724
2023-07-03,S005_P0007,950,926.5750580534059,536.0420670466699,1286.5936209116426
2023-07-10,S005_P0007,1043,973.438376810663,582.905385803927,1333.4569396688998
2023-07-17,S005_P0007,993,952.658796030603,562.1258050238669,1312.6773588888395
2023-07-24,S005_P0007,985,969.6559068493946,579.1229158426586,1329.6744697076313
2023-07-31,S005_P0007,754,955.8173092015165,565.2843181947806,1315.8358720597532
2023-08-07,S005_P0007,214,980.9010143343734,590.3680233276373,1340.9195771926102
2023-08-14,S005_P0007,1307,835.7706945621088,445.2377035553728,1195.7892574203456
2023-08-21,S005_P0007,800,954.4153775856903,563.8823865789543,1314.433940443927
2023-08-28,S005_P0007,1013,948.6633742518775,558.1303832451415,1308.6819371101142
2023-09-04,S005_P0007,704,933.4084862632444,542.8754952565084,1293.427049121481
2023-09-11,S005_P0007,679,964.9853970091971,574.452406002461,1325.0039598674339
2023-09-18,S005_P0007,773,947.8660278899167,557.3330368831807,1307.8845907481534
2023-09-25,S005_P0007,1104,962.8624340966495,572.3294430899134,1322.880996954886
2023-10-02,S005_P0007,721,954.2184686643775,563.6854776576415,1314.2370315226142
2023-10-09,S005_P0007,1083,962.8624340966495,572.3294430899134,1322.880996954886
2023-10-16,S005_P0007,1279,999.1901672644194,608.6571762576834,1359.208730122656
2023-10-23,S005_P0007,964,928.5691709870357,538.0361799802997,1288.5877338452724
2023-10-30,S005_P0007,879,955.2622755116304,564.7292845048944,1315.280838369867
2023-11-06,S005_P0007,1142,952.6611334589236,562.1281424521876,1312.6796963171603
2023-11-13,S005_P0007,1022,999.1901672644194,608.6571762576834,1359.208730122656
2023-11-20,S005_P0007,670,952.6611334589236,562.1281424521876,1312.6796963171603
2023-11-27,S005_P0007,858,948.9098347371696,558.3768437304336,1308.9283975954063
2023-12-04,S005_P0007,1383,961.3398305753029,570.8068395685668,1321.3583934335397
2023-12-11,S005_P0007,1059,987.7714143011156,597.2384232943796,1347.7899771593522
2023-12-18,S005_P0007,539,961.3398305753029,570.8068395685668,1321.3583934335397
2023-12-25,S005_P0007,883,890.5185729802489,499.98558197351286,1250.5371358384855
2023-07-03,S005_P0008,784,950.0943576233827,559.5613666166466,1310.1129204816193
2023-07-10,S005_P0008,1356,968.1347967577307,577.6018057509946,1328.1533596159675
2023-07-17,S005_P0008,901,860.7550931782085,470.2221021714725,1220.7736560364451
2023-07-24,S005_P0008,875,945.6901837568889,555.157192750153,1305.7087466151256
2023-07-31,S005_P0008,1126,952.658796030603,562.1258050238669,1312.6773588888395
2023-08-07,S005_P0008,1505,952.658796030603,562.1258050238669,1312.6773588888395
2023-08-14,S005_P0008,1134,969.6559068493946,579.1229158426586,1329.6744697076313
2023-08-21,S005_P0008,668,936.8852472611273,546.3522562543912,1296.9038101193642
2023-08-28,S005_P0008,1050,940.2288001924696,549.6958091857337,1300.2473630507063
2023-09-04,S005_P0008,888,952.6611334589236,562.1281424521876,1312.6796963171603
2023-09-11,S005_P0008,1414,961.3398305753029,570.8068395685668,1321.3583934335397
2023-09-18,S005_P0008,827,982.6512509700393,592.1182599633032,1342.669813828276
2023-09-25,S005_P0008,631,952.6611334589236,562.1281424521876,1312.6796963171603
2023-10-02,S005_P0008,954,912.9799931713094,522.4470021645734,1272.998556029546
2023-10-09,S005_P0008,704,961.3398305753029,570.8068395685668,1321.3583934335397
2023-10-16,S005_P0008,723,932.1935146244404,541.6605236177043,1292.2120774826772
2023-10-23,S005_P0008,1443,955.8938218229355,565.3608308161995,1315.9123846811722
2023-10-30,S005_P0008,724,961.3398305753029,570.8068395685668,1321.3583934335397
2023-11-06,S005_P0008,1019,963.9062409439024,573.3732499371663,1323.9248038021392
2023-11-13,S005_P0008,599,961.3398305753029,570.8068395685668,1321.3583934335397
2023-11-20,S005_P0008,1211,993.903739008168,603.370748001432,1353.9223018664047
2023-11-27,S005_P0008,670,982.6512509700393,592.1182599633032,1342.669813828276
2023-12-04,S005_P0008,1429,942.6816909789227,552.1486999721867,1302.7002538371594
2023-12-11,S005_P0008,1123,982.6512509700393,592.1182599633032,1342.669813828276
2023-12-18,S005_P0008,666,952.6611334589236,562.1281424521876,1312.6796963171603
2023-12-25,S005_P0008,865,948.9098347371696,558.3768437304336,1308.9283975954063
2023-07-03,S005_P0009,1057,980.9010143343734,590.3680233276373,1340.9195771926102
2023-07-10,S005_P0009,628,982.6489135417187,592.1159225349827,1342.6674763999554
2023-07-17,S005_P0009,853,939.1849933452168,548.6520023384808,1299.2035562034534
2023-07-24,S005_P0009,1838,951.6149891833501,561.081998176614,1311.6335520415869
2023-07-31,S005_P0009,1108,917.2412046285029,526.7082136217668,1277.2597674867397
2023-08-07,S005_P0009,1004,876.128698475868,485.5957074691319,1236.1472613341048
2023-08-14,S005_P0009,663,1007.5062435385111,616.973252531775,1367.5248063967479
2023-08-21,S005_P0009,948,893.8227505350307,503.2897595282946,1253.8413133932672
2023-08-28,S005_P0009,684,969.6559068493946,579.1229158426586,1329.6744697076313
2023-09-04,S005_P0009,1057,947.8660278899167,557.3330368831807,1307.8845907481534
2023-09-11,S005_P0009,727,960.29602372805,569.763032721314,1320.3145865862866
2023-09-18,S005_P0009,1286,971.5411312130288,581.0081402062929,1331.5596940712655
2023-09-25,S005_P0009,798,952.6611334589236,562.1281424521876,1312.6796963171603
2023-10-02,S005_P0009,1150,972.5849380602817,582.0519470535457,1332.6035009185184
2023-10-09,S005_P0009,620,952.6611334589236,562.1281424521876,1312.6796963171603
2023-10-16,S005_P0009,1086,986.7601714262861,596.22718041955,1346.7787342845227
2023-10-23,S005_P0009,391,919.8904738706564,529.3574828639203,1279.9090367288932
2023-10-30,S005_P0009,829,941.0664866522039,550.5334956454678,1301.0850495104405
2023-11-06,S005_P0009,613,997.7280016852397,607.1950106785036,1357.7465645434763
2023-11-13,S005_P0009,870,947.8660278899167,557.3330368831807,1307.8845907481534
2023-11-20,S005_P0009,1085,893.5695569851474,503.0365659784114,1253.588119843384
2023-11-27,S005_P0009,746,985.0123152531072,594.4793242463711,1345.030878111344
2023-12-04,S005_P0009,1006,962.8624340966495,572.3294430899134,1322.880996954886
2023-12-11,S005_P0009,884,955.2622755116304,564.7292845048944,1315.280838369867
2023-12-18,S005_P0009,387,955.2622755116304,564.7292845048944,1315.280838369867
2023-12-25,S005_P0009,904,949.7451837685833,559.2121927618473,1309.76374662682
2023-07-03,S005_P0010,838,956.1821041640084,565.6491131572723,1316.200667022245
2023-07-10,S005_P0010,831,968.6121000021417,578.0791089954057,1328.6306628603784
2023-07-17,S005_P0010,1083,968.6121000021417,578.0791089954057,1328.6306628603784
2023-07-24,S005_P0010,873,968.6121000021417,578.0791089954057,1328.6306628603784
2023-07-31,S005_P0010,1191,930.8076921974548,540.2747011907188,1290.8262550556915
2023-08-07,S005_P0010,729,963.578351785722,573.0453607789859,1323.5969146439588
2023-08-14,S005_P0010,567,980.9010143343734,590.3680233276373,1340.9195771926102
2023-08-21,S005_P0010,1118,939.1849933452168,548.6520023384808,1299.2035562034534
2023-08-28,S005_P0010,1184,945.6901837568889,555.157192750153,1305.7087466151256
2023-09-04,S005_P0010,1141,961.3398305753029,570.8068395685668,1321.3583934335397
2023-09-11,S005_P0010,1388,987.7714143011156,597.2384232943796,1347.7899771593522
2023-09-18,S005_P0010,726,961.3398305753029,570.8068395685668,1321.3583934335397
2023-09-25,S005_P0010,876,972.5849380602817,582.0519470535457,1332.6035009185184
2023-10-02,S005_P0010,468,952.6611334589236,562.1281424521876,1312.6796963171603
2023-10-09,S005_P0010,1341,1021.7965829334578,631.2635919267218,1381.8151457916945
2023-10-16,S005_P0010,624,951.6173266116707,561.0843356049347,1311.6358894699074
2023-10-23,S005_P0010,1054,939.1873307735374,548.6543397668013,1299.205893631774
2023-10-30,S005_P0010,665,936.1265465149556,545.5935555082197,1296.1451093731923
2023-11-06,S005_P0010,1125,942.832279673497,552.299288666761,1302.8508425317336
2023-11-13,S005_P0010,840,951.6173266116707,561.0843356049347,1311.6358894699074
2023-11-20,S005_P0010,745,961.3398305753029,570.8068395685668,1321.3583934335397
2023-11-27,S005_P0010,1044,971.5411312130288,581.0081402062929,1331.5596940712655
2023-12-04,S005_P0010,1394,961.3398305753029,570.8068395685668,1321.3583934335397
2023-12-11,S005_P0010,1003,952.6611334589236,562.1281424521876,1312.6796963171603
2023-12-18,S005_P0010,851,999.1901672644194,608.6571762576834,1359.208730122656
2023-12-25,S005_P0010,707,952.6611334589236,562.1281424521876,1312.6796963171603
2023-07-03,S005_P0011,918,968.6121000021417,578.0791089954057,1328.6306628603784
2023-07-10,S005_P0011,1020,963.578351785722,573.0453607789859,1323.5969146439588
2023-07-17,S005_P0011,1887,969.6559068493946,579.1229158426586,1329.6744697076313
2023-07-24,S005_P0011,958,892.7179855367339,502.1849945299978,1252.7365483949707
2023-07-31,S005_P0011,982,934.3208088539071,543.787817847171,1294.339371712144
2023-08-07,S005_P0011,990,942.5682493504054,552.0352583436693,1302.5868122086422
2023-08-14,S005_P0011,658,937.3133099653146,546.7803189585786,1297.3318728235513
2023-08-21,S005_P0011,719,918.3776963593215,527.8447053525854,1278.396259217558
2023-08-28,S005_P0011,1026,979.8572074871205,589.3242164803844,1339.875770345357
2023-09-04,S005_P0011,932,951.6173266116707,561.0843356049347,1311.6358894699074
2023-09-11,S005_P0011,993,960.29602372805,569.763032721314,1320.3145865862866
2023-09-18,S005_P0011,824,952.6611334589236,562.1281424521876,1312.6796963171603
2023-09-25,S005_P0011,1079,952.6611334589236,562.1281424521876,1312.6796963171603
2023-10-02,S005_P0011,713,961.3398305753029,570.8068395685668,1321.3583934335397
2023-10-09,S005_P0011,1164,971.9540092829111,581.4210182761751,1331.9725721411478
2023-10-16,S005_P0011,1042,949.8039463817053,559.2709553749692,1309.822509239942
2023-10-23,S005_P0011,801,913.9444456477057,523.4114546409696,1273.9630085059425
2023-10-30,S005_P0011,1319,963.9062409439024,573.3732499371663,1323.9248038021392
2023-11-06,S005_P0011,1196,884.8988574634631,494.365866456727,1244.9174203216999
2023-11-13,S005_P0011,871,955.2622755116304,564.7292845048944,1315.280838369867
2023-11-20,S005_P0011,799,961.3398305753029,570.8068395685668,1321.3583934335397
2023-11-27,S005_P0011,1274,963.9062409439024,573.3732499371663,1323.9248038021392
2023-12-04,S005_P0011,538,961.3398305753029,570.8068395685668,1321.3583934335397
2023-12-11,S005_P0011,773,935.0447579485306,544.5117669417946,1295.0633208067673
2023-12-18,S005_P0011,917,962.8624340966495,572.3294430899134,1322.880996954886
2023-12-25,S005_P0011,750,951.6173266116707,561.0843356049347,1311.6358894699074
2023-07-03,S005_P0012,1207,969.6559068493946,579.1229158426586,1329.6744697076313
2023-07-10,S005_P0012,684,952.658796030603,562.1258050238669,1312.6773588888395
2023-07-17,S005_P0012,1354,925.3927337499451,534.8597427432092,1285.4112966081818
2023-07-24,S005_P0012,784,949.8016089533846,559.2686179466486,1309.8201718116213
2023-07-31,S005_P0012,777,980.9010143343734,590.3680233276373,1340.9195771926102
2023-08-07,S005_P0012,1074,980.9010143343734,590.3680233276373,1340.9195771926102
2023-08-14,S005_P0012,1039,936.8852472611273,546.3522562543912,1296.9038101193642
2023-08-21,S005_P0012,901,963.578351785722,573.0453607789859,1323.5969146439588
2023-08-28,S005_P0012,1110,952.658796030603,562.1258050238669,1312.6773588888395
2023-09-04,S005_P0012,1073,961.3398305753029,570.8068395685668,1321.3583934335397
2023-09-11,S005_P0012,680,952.6611334589236,562.1281424521876,1312.6796963171603
2023-09-18,S005_P0012,606,943.7254978261756,553.1925068194396,1303.7440606844123
2023-09-25,S005_P0012,1055,939.1873307735374,548.6543397668013,1299.205893631774
2023-10-02,S005_P0012,1436,981.6074441227864,591.0744531160503,1341.6260069810232
2023-10-09,S005_P0012,535,957.215606469553,566.682615462817,1317.2341693277897
2023-10-16,S005_P0012,469,937.9139579078461,547.38096690111,1297.9325207660827
2023-10-23,S005_P0012,1414,972.1505481248316,581.6175571180956,1332.1691109830683
2023-10-30,S005_P0012,529,874.2680446449888,483.73505363825274,1234.2866075032255
2023-11-06,S005_P0012,845,922.6734286441418,532.1404376374057,1282.6919915023786
2023-11-13,S005_P0012,1029,927.2881517744594,536.7551607677233,1287.3067146326962
2023-11-20,S005_P0012,863,982.6512509700393,592.1182599633032,1342.669813828276
2023-11-27,S005_P0012,1552,937.9693893012227,547.4363982944867,1297.9879521594594
2023-12-04,S005_P0012,531,961.3398305753029,570.8068395685668,1321.3583934335397
2023-12-11,S005_P0012,1686,932.7296209968521,542.196629990116,1292.7481838550889
2023-12-18,S005_P0012,698,908.9251283544113,518.3921373476753,1268.943691212648
2023-12-25,S005_P0012,507,917.0678762092799,526.5348852025438,1277.0864390675165
2023-07-03,S005_P0013,455,968.6121000021417,578.0791089954057,1328.6306628603784
2023-07-10,S005_P0013,971,943.8645376262235,553.3315466194874,1303.88310048446
2023-07-17,S005_P0013,1000,873.3603584849054,482.8273674781694,1233.378921343142
2023-07-24,S005_P0013,1117,963.578351785722,573.0453607789859,1323.5969146439588
2023-07-31,S005_P0013,1178,939.4088745726276,548.8758835658916,1299.4274374308643
2023-08-07,S005_P0013,733,963.578351785722,573.0453607789859,1323.5969146439588
2023-08-14,S005_P0013,836,980.9010143343734,590.3680233276373,1340.9195771926102
2023-08-21,S005_P0013,684,948.534571924853,558.001580918117,1308.5531347830897
2023-08-28,S005_P0013,1127,956.1821041640084,565.6491131572723,1316.200667022245
2023-09-04,S005_P0013,960,960.29602372805,569.763032721314,1320.3145865862866
2023-09-11,S005_P0013,1037,961.3398305753029,570.8068395685668,1321.3583934335397
2023-09-18,S005_P0013,980,952.6611334589236,562.1281424521876,1312.6796963171603
2023-09-25,S005_P0013,1113,952.6611334589236,562.1281424521876,1312.6796963171603
2023-10-02,S005_P0013,762,952.6611334589236,562.1281424521876,1312.6796963171603
2023-10-09,S005_P0013,451,972.5849380602817,582.0519470535457,1332.6035009185184
2023-10-16,S005_P0013,781,952.7949181982273,562.2619271914912,1312.8134810564638
2023-10-23,S005_P0013,501,988.7283275020153,598.1953364952792,1348.746890360252
2023-10-30,S005_P0013,1324,950.803321547995,560.270330541259,1310.8218844062317
2023-11-06,S005_P0013,827,918.60945465808,528.076463651344,1278.6280175163167
2023-11-13,S005_P0013,720,927.5253641397828,536.9923731330468,1287.5439269980195
2023-11-20,S005_P0013,1311,938.5332592594382,548.0002682527022,1298.5518221176749
2023-11-27,S005_P0013,1459,952.6611334589236,562.1281424521876,1312.6796963171603
2023-12-04,S005_P0013,808,961.3398305753029,570.8068395685668,1321.3583934335397
2023-12-11,S005_P0013,1529,963.039889821801,572.5068988150649,1323.0584526800376
2023-12-18,S005_P0013,1088,952.6611334589236,562.1281424521876,1312.6796963171603
2023-12-25,S005_P0013,1382,961.3398305753029,570.8068395685668,1321.3583934335397
2023-07-03,S005_P0014,1095,907.4581406042024,516.9251495974663,1267.4767034624392
2023-07-10,S005_P0014,1286,969.6559068493946,579.1229158426586,1329.6744697076313
2023-07-17,S005_P0014,741,969.6559068493946,579.1229158426586,1329.6744697076313
2023-07-24,S005_P0014,792,974.8234592707008,584.2904682639648,1334.8420221289375
2023-07-31,S005_P0014,511,980.9010143343734,590.3680233276373,1340.9195771926102
2023-08-07,S005_P0014,537,945.1862273346849,554.6532363279489,1305.2047901929216
2023-08-14,S005_P0014,1045,958.582090109903,568.049099103167,1318.6006529681397
2023-08-21,S005_P0014,639,951.6149891833501,561.081998176614,1311.6335520415869
2023-08-28,S005_P0014,1345,923.1742322104177,532.6412412036816,1283.1927950686545
2023-09-04,S005_P0014,720,957.215606469553,566.682615462817,1317.2341693277897
2023-09-11,S005_P0014,1435,963.9062409439024,573.3732499371663,1323.9248038021392
2023-09-18,S005_P0014,1002,952.6611334589236,562.1281424521876,1312.6796963171603
2023-09-25,S005_P0014,985,961.3398305753029,570.8068395685668,1321.3583934335397
2023-10-02,S005_P0014,506,952.6611334589236,562.1281424521876,1312.6796963171603
2023-10-09,S005_P0014,482,896.4646012031995,505.9316101964635,1256.4831640614361
2023-10-16,S005_P0014,981,964.7248923505408,574.1919013438048,1324.7434552087775
2023-10-23,S005_P0014,1122,960.29602372805,569.763032721314,1320.3145865862866
2023-10-30,S005_P0014,1097,918.60945465808,528.076463651344,1278.6280175163167
2023-11-06,S005_P0014,1311,937.1703533622085,546.6373623554725,1297.1889162204452
2023-11-13,S005_P0014,1125,952.6611334589236,562.1281424521876,1312.6796963171603
2023-11-20,S005_P0014,682,952.6611334589236,562.1281424521876,1312.6796963171603
2023-11-27,S005_P0014,1015,942.832279673497,552.299288666761,1302.8508425317336
2023-12-04,S005_P0014,972,952.6611334589236,562.1281424521876,1312.6796963171603
2023-12-11,S005_P0014,1366,995.0659431586695,604.5329521519334,1355.0845060169063
2023-12-18,S005_P0014,1016,952.6611334589236,562.1281424521876,1312.6796963171603
2023-12-25,S005_P0014,691,912.9218615969423,522.3888705902064,1272.940424455179
2023-07-03,S005_P0015,1266,869.3686928669276,478.8357018601916,1229.3872557251643
2023-07-10,S005_P0015,758,950.0943576233827,559.5613666166466,1310.1129204816193
2023-07-17,S005_P0015,871,974.8234592707008,584.2904682639648,1334.8420221289375
2023-07-24,S005_P0015,1732,968.6121000021417,578.0791089954057,1328.6306628603784
2023-07-31,S005_P0015,1167,983.3796175727678,592.8466265660318,1343.3981804310044
2023-08-07,S005_P0015,630,969.6559068493946,579.1229158426586,1329.6744697076313
2023-08-14,S005_P0015,1063,923.6009090118904,533.0679180051543,1283.6194718701272
2023-08-21,S005_P0015,937,967.0914684421743,576.5584774354384,1327.110031300411
2023-08-28,S005_P0015,605,969.6559068493946,579.1229158426586,1329.6744697076313
2023-09-04,S005_P0015,1393,939.1873307735374,548.6543397668013,1299.205893631774
2023-09-11,S005_P0015,1449,952.6611334589236,562.1281424521876,1312.6796963171603
2023-09-18,S005_P0015,1020,961.3398305753029,570.8068395685668,1321.3583934335397
2023-09-25,S005_P0015,749,952.6611334589236,562.1281424521876,1312.6796963171603
2023-10-02,S005_P0015,1317,966.5073829966092,575.9743919898731,1326.5259458548458
2023-10-09,S005_P0015,724,952.6611334589236,562.1281424521876,1312.6796963171603
2023-10-16,S005_P0015,1142,925.1895531326845,534.6565621259485,1285.2081159909212
2023-10-23,S005_P0015,783,961.3398305753029,570.8068395685668,1321.3583934335397
2023-10-30,S005_P0015,776,972.5849380602817,582.0519470535457,1332.6035009185184
2023-11-06,S005_P0015,1317,962.8624340966495,572.3294430899134,1322.880996954886
2023-11-13,S005_P0015,1288,955.2622755116304,564.7292845048944,1315.280838369867
2023-11-20,S005_P0015,679,961.3398305753029,570.8068395685668,1321.3583934335397
2023-11-27,S005_P0015,1322,948.9098347371696,558.3768437304336,1308.9283975954063
2023-12-04,S005_P0015,595,948.5369093531737,558.0039183464376,1308.5554722114102
2023-12-11,S005_P0015,1007,948.9098347371696,558.3768437304336,1308.9283975954063
2023-12-18,S005_P0015,1033,961.3398305753029,570.8068395685668,1321.3583934335397
2023-12-25,S005_P0015,734,961.3398305753029,570.8068395685668,1321.3583934335397
2023-07-03,S005_P0016,1069,967.8305137373319,577.2975227305958,1327.8490765955685
2023-07-10,S005_P0016,1111,963.578351785722,573.0453607789859,1323.5969146439588
2023-07-17,S005_P0016,1013,1007.0878848065843,616.5548937998483,1367.106447664821
2023-07-24,S005_P0016,852,952.658796030603,562.1258050238669,1312.6773588888395
2023-07-31,S005_P0016,1642,969.6559068493946,579.1229158426586,1329.6744697076313
2023-08-07,S005_P0016,1038,963.0065133898759,572.4735223831399,1323.0250762481126
2023-08-14,S005_P0016,1184,952.658796030603,562.1258050238669,1312.6773588888395
2023-08-21,S005_P0016,665,969.6559068493946,579.1229158426586,1329.6744697076313
2023-08-28,S005_P0016,670,873.9897172970412,483.4567262903052,1234.008280155278
2023-09-04,S005_P0016,1288,948.9098347371696,558.3768437304336,1308.9283975954063
2023-09-11,S005_P0016,1319,986.0561221003601,595.523131093624,1346.0746849585967
2023-09-18,S005_P0016,374,982.6512509700393,592.1182599633032,1342.669813828276
2023-09-25,S005_P0016,987,973.1943549720845,582.6613639653485,1333.2129178303212
2023-10-02,S005_P0016,1005,1011.1936402041975,620.6606491974615,1371.2122030624341
2023-10-09,S005_P0016,846,948.5369093531737,558.0039183464376,1308.5554722114102
2023-10-16,S005_P0016,978,956.2839057960751,565.750914789339,1316.3024686543117
2023-10-23,S005_P0016,1002,952.6611334589236,562.1281424521876,1312.6796963171603
2023-10-30,S005_P0016,1338,955.2622755116304,564.7292845048944,1315.280838369867
2023-11-06,S005_P0016,1014,928.5691709870357,538.0361799802997,1288.5877338452724
2023-11-13,S005_P0016,580,893.5775545798424,503.04456357310636,1253.596117438079
2023-11-20,S005_P0016,1530,940.2311376207903,549.6981466140542,1300.249700479027
2023-11-27,S005_P0016,814,961.3398305753029,570.8068395685668,1321.3583934335397
2023-12-04,S005_P0016,1196,966.5073829966092,575.9743919898731,1326.5259458548458
2023-12-11,S005_P0016,1132,949.8805913817721,559.3476003750361,1309.8991542400088
2023-12-18,S005_P0016,1102,952.6611334589236,562.1281424521876,1312.6796963171603
2023-12-25,S005_P0016,613,961.3398305753029,570.8068395685668,1321.3583934335397
2023-07-03,S005_P0017,1215,846.6762605520283,456.1432695452923,1206.6948234102651
2023-07-10,S005_P0017,771,945.6901837568889,555.157192750153,1305.7087466151256
2023-07-17,S005_P0017,1446,980.9010143343734,590.3680233276373,1340.9195771926102
2023-07-24,S005_P0017,1442,948.534571924853,558.001580918117,1308.5531347830897
2023-07-31,S005_P0017,829,952.658796030603,562.1258050238669,1312.6773588888395
2023-08-07,S005_P0017,1271,969.6559068493946,579.1229158426586,1329.6744697076313
2023-08-14,S005_P0017,686,969.6559068493946,579.1229158426586,1329.6744697076313
2023-08-21,S005_P0017,649,984.3568097010237,593.8238186942876,1344.3753725592605
2023-08-28,S005_P0017,1198,952.0578800582584,561.5248890515225,1312.0764429164951
2023-09-04,S005_P0017,833,982.6512509700393,592.1182599633032,1342.669813828276
2023-09-11,S005_P0017,455,960.29602372805,569.763032721314,1320.3145865862866
2023-09-18,S005_P0017,817,944.5608468575892,554.0278558508533,1304.579409715826
2023-09-25,S005_P0017,562,971.5411312130288,581.0081402062929,1331.5596940712655
2023-10-02,S005_P0017,881,947.8660278899167,557.3330368831807,1307.8845907481534
2023-10-09,S005_P0017,1107,927.2881517744594,536.7551607677233,1287.3067146326962
2023-10-16,S005_P0017,1103,951.6173266116707,561.0843356049347,1311.6358894699074
2023-10-23,S005_P0017,1471,952.6611334589236,562.1281424521876,1312.6796963171603
2023-10-30,S005_P0017,839,945.6925211852096,555.1595301784735,1305.7110840434461
2023-11-06,S005_P0017,1084,952.6611334589236,562.1281424521876,1312.6796963171603
2023-11-13,S005_P0017,1209,961.3398305753029,570.8068395685668,1321.3583934335397
2023-11-20,S005_P0017,743,961.3398305753029,570.8068395685668,1321.3583934335397
2023-11-27,S005_P0017,1184,972.5849380602817,582.0519470535457,1332.6035009185184
2023-12-04,S005_P0017,931,951.1380514058804,560.6050603991443,1311.1566142641173
2023-12-11,S005_P0017,800,961.3398305753029,570.8068395685668,1321.3583934335397
2023-12-18,S005_P0017,909,972.5849380602817,582.0519470535457,1332.6035009185184
2023-12-25,S005_P0017,945,922.4916159233632,531.9586249166271,1282.5101787815997
2023-07-03,S005_P0018,1476,995.0762477003777,604.5432566936418,1355.0948105586144
2023-07-10,S005_P0018,812,969.6559068493946,579.1229158426586,1329.6744697076313
2023-07-17,S005_P0018,856,980.9010143343734,590.3680233276373,1340.9195771926102
2023-07-24,S005_P0018,1005,982.6489135417187,592.1159225349827,1342.6674763999554
2023-07-31,S005_P0018,558,969.6559068493946,579.1229158426586,1329.6744697076313
2023-08-07,S005_P0018,764,956.1821041640084,565.6491131572723,1316.200667022245
2023-08-14,S005_P0018,895,973.7796524234479,583.246661416712,1333.7982152816846
2023-08-21,S005_P0018,865,968.6121000021417,578.0791089954057,1328.6306628603784
2023-08-28,S005_P0018,1085,968.6121000021417,578.0791089954057,1328.6306628603784
2023-09-04,S005_P0018,871,952.6611334589236,562.1281424521876,1312.6796963171603
2023-09-11,S005_P0018,811,945.6797222759553,555.1467312692193,1305.698285134192
2023-09-18,S005_P0018,1449,959.7820168381525,569.2490258314165,1319.8005796963891
2023-09-25,S005_P0018,901,952.6611334589236,562.1281424521876,1312.6796963171603
2023-10-02,S005_P0018,1492,961.3398305753029,570.8068395685668,1321.3583934335397
2023-10-09,S005_P0018,876,955.2622755116304,564.7292845048944,1315.280838369867
2023-10-16,S005_P0018,818,952.6611334589236,562.1281424521876,1312.6796963171603
2023-10-23,S005_P0018,610,963.9062409439024,573.3732499371663,1323.9248038021392
2023-10-30,S005_P0018,752,948.9098347371696,558.3768437304336,1308.9283975954063
2023-11-06,S005_P0018,928,930.0917745083823,539.5587835016463,1290.110337366619
2023-11-13,S005_P0018,1077,960.29602372805,569.763032721314,1320.3145865862866
2023-11-20,S005_P0018,624,991.1520360016101,600.619044994874,1351.170598859847
2023-11-27,S005_P0018,1371,983.3153402820915,592.7823492753555,1343.3339031403282
2023-12-04,S005_P0018,443,952.6611334589236,562.1281424521876,1312.6796963171603
2023-12-11,S005_P0018,949,986.347270541283,595.814279534547,1346.3658333995197
2023-12-18,S005_P0018,814,981.6074441227864,591.0744531160503,1341.6260069810232
2023-12-25,S005_P0018,668,963.9062409439024,573.3732499371663,1323.9248038021392
2023-07-03,S005_P0019,737,945.1326877576256,554.5996967508895,1305.1512506158624
2023-07-10,S005_P0019,468,963.9039035155818,573.3709125088458,1323.9224663738185
2023-07-17,S005_P0019,921,919.2130453907351,528.680054383999,1279.231608248972
2023-07-24,S005_P0019,704,951.6149891833501,561.081998176614,1311.6335520415869
2023-07-31,S005_P0019,489,981.8274207624567,591.2944297557206,1341.8459836206935
2023-08-07,S005_P0019,947,923.1365614024857,532.6035703957496,1283.1551242607225
2023-08-14,S005_P0019,657,951.6149891833501,561.081998176614,1311.6335520415869
2023-08-21,S005_P0019,1350,950.1045491003358,559.5715580935998,1310.1231119585725
2023-08-28,S005_P0019,605,946.4945213686209,555.9615303618848,1306.5130842268577
2023-09-04,S005_P0019,870,948.9098347371696,558.3768437304336,1308.9283975954063
2023-09-11,S005_P0019,686,947.4931025059208,556.9601114991847,1307.5116653641576
2023-09-18,S005_P0019,1377,942.2323863915119,551.6993953847759,1302.2509492497486
2023-09-25,S005_P0019,1306,941.1785328988665,550.6455418921305,1301.1970957571032
2023-10-02,S005_P0019,1066,952.6611334589236,562.1281424521876,1312.6796963171603
2023-10-09,S005_P0019,929,952.6611334589236,562.1281424521876,1312.6796963171603
2023-10-16,S005_P0019,943,957.399368157546,566.86637715081,1317.4179310157826
2023-10-23,S005_P0019,1267,961.3398305753029,570.8068395685668,1321.3583934335397
2023-10-30,S005_P0019,1104,952.6611334589236,562.1281424521876,1312.6796963171603
2023-11-06,S005_P0019,1084,999.1901672644194,608.6571762576834,1359.208730122656
2023-11-13,S005_P0019,833,955.2622755116304,564.7292845048944,1315.280838369867
2023-11-20,S005_P0019,669,986.0561221003601,595.523131093624,1346.0746849585967
2023-11-27,S005_P0019,921,917.0766574758535,526.5436664691174,1277.0952203340903
2023-12-04,S005_P0019,1233,951.6173266116707,561.0843356049347,1311.6358894699074
2023-12-11,S005_P0019,839,961.3398305753029,570.8068395685668,1321.3583934335397
2023-12-18,S005_P0019,970,952.6611334589236,562.1281424521876,1312.6796963171603
2023-12-25,S005_P0019,960,952.6611334589236,562.1281424521876,1312.6796963171603
2023-07-03,S005_P0020,749,962.5345449384691,572.001553931733,1322.5531077967057
2023-07-10,S005_P0020,1079,980.9010143343734,590.3680233276373,1340.9195771926102
2023-07-17,S005_P0020,1336,969.6559068493946,579.1229158426586,1329.6744697076313
2023-07-24,S005_P0020,1069,945.6901837568889,555.157192750153,1305.7087466151256
2023-07-31,S005_P0020,593,969.6559068493946,579.1229158426586,1329.6744697076313
2023-08-07,S005_P0020,1148,951.1483559475887,560.6153649408527,1311.1669188058254
2023-08-14,S005_P0020,1295,969.6559068493946,579.1229158426586,1329.6744697076313
2023-08-21,S005_P0020,613,952.658796030603,562.1258050238669,1312.6773588888395
2023-08-28,S005_P0020,1225,943.7231603978549,553.1901693911188,1303.7417232560915
2023-09-04,S005_P0020,911,955.2622755116304,564.7292845048944,1315.280838369867
2023-09-11,S005_P0020,704,945.6925211852096,555.1595301784735,1305.7110840434461
2023-09-18,S005_P0020,731,970.9102024356582,580.3772114289222,1330.928765293895
2023-09-25,S005_P0020,1565,966.5073829966092,575.9743919898731,1326.5259458548458
2023-10-02,S005_P0020,985,955.2622755116304,564.7292845048944,1315.280838369867
2023-10-09,S005_P0020,933,949.8805913817721,559.3476003750361,1309.8991542400088
2023-10-16,S005_P0020,722,961.3398305753029,570.8068395685668,1321.3583934335397
2023-10-23,S005_P0020,746,963.9062409439024,573.3732499371663,1323.9248038021392
2023-10-30,S005_P0020,814,962.8624340966495,572.3294430899134,1322.880996954886
2023-11-06,S005_P0020,1186,971.5411312130288,581.0081402062929,1331.5596940712655
2023-11-13,S005_P0020,1610,918.8466670234035,528.3136760166674,1278.86522988164
2023-11-20,S005_P0020,1333,961.3398305753029,570.8068395685668,1321.3583934335397
2023-11-27,S005_P0020,829,961.3398305753029,570.8068395685668,1321.3583934335397
2023-12-04,S005_P0020,1224,961.3398305753029,570.8068395685668,1321.3583934335397
2023-12-11,S005_P0020,991,946.1309644112725,555.5979734045366,1306.1495272695092
2023-12-18,S005_P0020,1071,961.3398305753029,570.8068395685668,1321.3583934335397
2023-12-25,S005_P0020,835,952.6611334589236,562.1281424521876,1312.6796963171603
