week_start,sku_id,units_sold,seasonal_naive
2022-01-03,S001_P0001,706,
2022-01-10,S001_P0001,686,
2022-01-17,S001_P0001,1142,
2022-01-24,S001_P0001,685,
2022-01-31,S001_P0001,1032,
2022-02-07,S001_P0001,708,
2022-02-14,S001_P0001,994,
2022-02-21,S001_P0001,1222,
2022-02-28,S001_P0001,1259,
2022-03-07,S001_P0001,983,
2022-03-14,S001_P0001,946,
2022-03-21,S001_P0001,552,
2022-03-28,S001_P0001,476,
2022-04-04,S001_P0001,936,
2022-04-11,S001_P0001,1563,
2022-04-18,S001_P0001,877,
2022-04-25,S001_P0001,1295,
2022-05-02,S001_P0001,266,
2022-05-09,S001_P0001,1017,
2022-05-16,S001_P0001,912,
2022-05-23,S001_P0001,943,
2022-05-30,S001_P0001,1236,
2022-06-06,S001_P0001,1426,
2022-06-13,S001_P0001,862,
2022-06-20,S001_P0001,1207,
2022-06-27,S001_P0001,612,
2022-07-04,S001_P0001,472,
2022-07-11,S001_P0001,1079,
2022-07-18,S001_P0001,1134,
2022-07-25,S001_P0001,1466,
2022-08-01,S001_P0001,1208,
2022-08-08,S001_P0001,1016,
2022-08-15,S001_P0001,1267,
2022-08-22,S001_P0001,807,
2022-08-29,S001_P0001,932,
2022-09-05,S001_P0001,1052,
2022-09-12,S001_P0001,1574,
2022-09-19,S001_P0001,1090,
2022-09-26,S001_P0001,1029,
2022-10-03,S001_P0001,749,
2022-10-10,S001_P0001,1123,
2022-10-17,S001_P0001,1005,
2022-10-24,S001_P0001,989,
2022-10-31,S001_P0001,1137,
2022-11-07,S001_P0001,665,
2022-11-14,S001_P0001,681,
2022-11-21,S001_P0001,799,
2022-11-28,S001_P0001,1246,
2022-12-05,S001_P0001,960,
2022-12-12,S001_P0001,756,
2022-12-19,S001_P0001,794,
2022-12-26,S001_P0001,934,
2023-01-02,S001_P0001,826,706.0
2023-01-09,S001_P0001,874,686.0
2023-01-16,S001_P0001,769,1142.0
2023-01-23,S001_P0001,1061,685.0
2023-01-30,S001_P0001,725,1032.0
2023-02-06,S001_P0001,1560,708.0
2023-02-13,S001_P0001,1148,994.0
2023-02-20,S001_P0001,886,1222.0
2023-02-27,S001_P0001,1119,1259.0
2023-03-06,S001_P0001,1358,983.0
2023-03-13,S001_P0001,500,946.0
2023-03-20,S001_P0001,1250,552.0
2023-03-27,S001_P0001,1439,476.0
2023-04-03,S001_P0001,789,936.0
2023-04-10,S001_P0001,933,1563.0
2023-04-17,S001_P0001,559,877.0
2023-04-24,S001_P0001,994,1295.0
2023-05-01,S001_P0001,674,266.0
2023-05-08,S001_P0001,697,1017.0
2023-05-15,S001_P0001,1204,912.0
2023-05-22,S001_P0001,521,943.0
2023-05-29,S001_P0001,686,1236.0
2023-06-05,S001_P0001,863,1426.0
2023-06-12,S001_P0001,1028,862.0
2023-06-19,S001_P0001,865,1207.0
2023-06-26,S001_P0001,1166,612.0
2023-07-03,S001_P0001,611,472.0
2023-07-10,S001_P0001,797,1079.0
2023-07-17,S001_P0001,1217,1134.0
2023-07-24,S001_P0001,1470,1466.0
2023-07-31,S001_P0001,969,1208.0
2023-08-07,S001_P0001,1261,1016.0
2023-08-14,S001_P0001,999,1267.0
2023-08-21,S001_P0001,981,807.0
2023-08-28,S001_P0001,722,932.0
2023-09-04,S001_P0001,771,1052.0
2023-09-11,S001_P0001,462,1574.0
2023-09-18,S001_P0001,1292,1090.0
2023-09-25,S001_P0001,1083,1029.0
2023-10-02,S001_P0001,856,749.0
2023-10-09,S001_P0001,506,1123.0
2023-10-16,S001_P0001,1103,1005.0
2023-10-23,S001_P0001,1098,989.0
2023-10-30,S001_P0001,1164,1137.0
2023-11-06,S001_P0001,899,665.0
2023-11-13,S001_P0001,928,681.0
2023-11-20,S001_P0001,1183,799.0
2023-11-27,S001_P0001,1137,1246.0
2023-12-04,S001_P0001,904,960.0
2023-12-11,S001_P0001,805,756.0
2023-12-18,S001_P0001,1285,794.0
2023-12-25,S001_P0001,619,934.0
2022-01-03,S001_P0002,897,
2022-01-10,S001_P0002,1248,
2022-01-17,S001_P0002,1193,
2022-01-24,S001_P0002,728,
2022-01-31,S001_P0002,1253,
2022-02-07,S001_P0002,984,
2022-02-14,S001_P0002,1562,
2022-02-21,S001_P0002,1040,
2022-02-28,S001_P0002,783,
2022-03-07,S001_P0002,1285,
2022-03-14,S001_P0002,985,
2022-03-21,S001_P0002,1460,
2022-03-28,S001_P0002,641,
2022-04-04,S001_P0002,847,
2022-04-11,S001_P0002,848,
2022-04-18,S001_P0002,1306,
2022-04-25,S001_P0002,1255,
2022-05-02,S001_P0002,658,
2022-05-09,S001_P0002,759,
2022-05-16,S001_P0002,560,
2022-05-23,S001_P0002,778,
2022-05-30,S001_P0002,917,
2022-06-06,S001_P0002,510,
2022-06-13,S001_P0002,773,
2022-06-20,S001_P0002,1222,
2022-06-27,S001_P0002,791,
2022-07-04,S001_P0002,1130,
2022-07-11,S001_P0002,1092,
2022-07-18,S001_P0002,980,
2022-07-25,S001_P0002,516,
2022-08-01,S001_P0002,895,
2022-08-08,S001_P0002,1343,
2022-08-15,S001_P0002,1178,
2022-08-22,S001_P0002,861,
2022-08-29,S001_P0002,936,
2022-09-05,S001_P0002,1135,
2022-09-12,S001_P0002,848,
2022-09-19,S001_P0002,1757,
2022-09-26,S001_P0002,1257,
2022-10-03,S001_P0002,807,
2022-10-10,S001_P0002,1118,
2022-10-17,S001_P0002,741,
2022-10-24,S001_P0002,1230,
2022-10-31,S001_P0002,1375,
2022-11-07,S001_P0002,1415,
2022-11-14,S001_P0002,1194,
2022-11-21,S001_P0002,1279,
2022-11-28,S001_P0002,952,
2022-12-05,S001_P0002,872,
2022-12-12,S001_P0002,868,
2022-12-19,S001_P0002,702,
2022-12-26,S001_P0002,648,
2023-01-02,S001_P0002,849,897.0
2023-01-09,S001_P0002,923,1248.0
2023-01-16,S001_P0002,1060,1193.0
2023-01-23,S001_P0002,909,728.0
2023-01-30,S001_P0002,800,1253.0
2023-02-06,S001_P0002,1116,984.0
2023-02-13,S001_P0002,665,1562.0
2023-02-20,S001_P0002,1047,1040.0
2023-02-27,S001_P0002,1298,783.0
2023-03-06,S001_P0002,515,1285.0
2023-03-13,S001_P0002,608,985.0
2023-03-20,S001_P0002,848,1460.0
2023-03-27,S001_P0002,1073,641.0
2023-04-03,S001_P0002,299,847.0
2023-04-10,S001_P0002,1029,848.0
2023-04-17,S001_P0002,1030,1306.0
2023-04-24,S001_P0002,404,1255.0
2023-05-01,S001_P0002,1059,658.0
2023-05-08,S001_P0002,727,759.0
2023-05-15,S001_P0002,672,560.0
2023-05-22,S001_P0002,663,778.0
2023-05-29,S001_P0002,1250,917.0
2023-06-05,S001_P0002,952,510.0
2023-06-12,S001_P0002,512,773.0
2023-06-19,S001_P0002,471,1222.0
2023-06-26,S001_P0002,572,791.0
2023-07-03,S001_P0002,1291,1130.0
2023-07-10,S001_P0002,951,1092.0
2023-07-17,S001_P0002,333,980.0
2023-07-24,S001_P0002,810,516.0
2023-07-31,S001_P0002,947,895.0
2023-08-07,S001_P0002,704,1343.0
2023-08-14,S001_P0002,580,1178.0
2023-08-21,S001_P0002,840,861.0
2023-08-28,S001_P0002,634,936.0
2023-09-04,S001_P0002,607,1135.0
2023-09-11,S001_P0002,628,848.0
2023-09-18,S001_P0002,715,1757.0
2023-09-25,S001_P0002,861,1257.0
2023-10-02,S001_P0002,1166,807.0
2023-10-09,S001_P0002,985,1118.0
2023-10-16,S001_P0002,671,741.0
2023-10-23,S001_P0002,704,1230.0
2023-10-30,S001_P0002,398,1375.0
2023-11-06,S001_P0002,974,1415.0
2023-11-13,S001_P0002,1248,1194.0
2023-11-20,S001_P0002,1628,1279.0
2023-11-27,S001_P0002,904,952.0
2023-12-04,S001_P0002,847,872.0
2023-12-11,S001_P0002,580,868.0
2023-12-18,S001_P0002,1123,702.0
2023-12-25,S001_P0002,485,648.0
2022-01-03,S001_P0003,709,
2022-01-10,S001_P0003,523,
2022-01-17,S001_P0003,485,
2022-01-24,S001_P0003,1260,
2022-01-31,S001_P0003,876,
2022-02-07,S001_P0003,1053,
2022-02-14,S001_P0003,1113,
2022-02-21,S001_P0003,627,
2022-02-28,S001_P0003,1183,
2022-03-07,S001_P0003,1103,
2022-03-14,S001_P0003,398,
2022-03-21,S001_P0003,1529,
2022-03-28,S001_P0003,925,
2022-04-04,S001_P0003,522,
2022-04-11,S001_P0003,1158,
2022-04-18,S001_P0003,949,
2022-04-25,S001_P0003,599,
2022-05-02,S001_P0003,1013,
2022-05-09,S001_P0003,1068,
2022-05-16,S001_P0003,555,
2022-05-23,S001_P0003,922,
2022-05-30,S001_P0003,745,
2022-06-06,S001_P0003,625,
2022-06-13,S001_P0003,1460,
2022-06-20,S001_P0003,677,
2022-06-27,S001_P0003,1391,
2022-07-04,S001_P0003,895,
2022-07-11,S001_P0003,903,
2022-07-18,S001_P0003,1102,
2022-07-25,S001_P0003,722,
2022-08-01,S001_P0003,1011,
2022-08-08,S001_P0003,1098,
2022-08-15,S001_P0003,1132,
2022-08-22,S001_P0003,1433,
2022-08-29,S001_P0003,1239,
2022-09-05,S001_P0003,862,
2022-09-12,S001_P0003,1193,
2022-09-19,S001_P0003,982,
2022-09-26,S001_P0003,957,
2022-10-03,S001_P0003,907,
2022-10-10,S001_P0003,1086,
2022-10-17,S001_P0003,487,
2022-10-24,S001_P0003,1055,
2022-10-31,S001_P0003,869,
2022-11-07,S001_P0003,1174,
2022-11-14,S001_P0003,1051,
2022-11-21,S001_P0003,1621,
2022-11-28,S001_P0003,1593,
2022-12-05,S001_P0003,874,
2022-12-12,S001_P0003,831,
2022-12-19,S001_P0003,1018,
2022-12-26,S001_P0003,734,
2023-01-02,S001_P0003,1125,709.0
2023-01-09,S001_P0003,895,523.0
2023-01-16,S001_P0003,1162,485.0
2023-01-23,S001_P0003,740,1260.0
2023-01-30,S001_P0003,877,876.0
2023-02-06,S001_P0003,1189,1053.0
2023-02-13,S001_P0003,765,1113.0
2023-02-20,S001_P0003,1048,627.0
2023-02-27,S001_P0003,1453,1183.0
2023-03-06,S001_P0003,1205,1103.0
2023-03-13,S001_P0003,1039,398.0
2023-03-20,S001_P0003,908,1529.0
2023-03-27,S001_P0003,855,925.0
2023-04-03,S001_P0003,755,522.0
2023-04-10,S001_P0003,955,1158.0
2023-04-17,S001_P0003,1306,949.0
2023-04-24,S001_P0003,1421,599.0
2023-05-01,S001_P0003,801,1013.0
2023-05-08,S001_P0003,867,1068.0
2023-05-15,S001_P0003,1281,555.0
2023-05-22,S001_P0003,683,922.0
2023-05-29,S001_P0003,1381,745.0
2023-06-05,S001_P0003,1069,625.0
2023-06-12,S001_P0003,806,1460.0
2023-06-19,S001_P0003,1098,677.0
2023-06-26,S001_P0003,890,1391.0
2023-07-03,S001_P0003,898,895.0
2023-07-10,S001_P0003,1658,903.0
2023-07-17,S001_P0003,719,1102.0
2023-07-24,S001_P0003,695,722.0
2023-07-31,S001_P0003,1037,1011.0
2023-08-07,S001_P0003,844,1098.0
2023-08-14,S001_P0003,1514,1132.0
2023-08-21,S001_P0003,914,1433.0
2023-08-28,S001_P0003,868,1239.0
2023-09-04,S001_P0003,1488,862.0
2023-09-11,S001_P0003,1161,1193.0
2023-09-18,S001_P0003,791,982.0
2023-09-25,S001_P0003,1489,957.0
2023-10-02,S001_P0003,999,907.0
2023-10-09,S001_P0003,544,1086.0
2023-10-16,S001_P0003,731,487.0
2023-10-23,S001_P0003,771,1055.0
2023-10-30,S001_P0003,1189,869.0
2023-11-06,S001_P0003,697,1174.0
2023-11-13,S001_P0003,695,1051.0
2023-11-20,S001_P0003,1057,1621.0
2023-11-27,S001_P0003,1065,1593.0
2023-12-04,S001_P0003,1172,874.0
2023-12-11,S001_P0003,941,831.0
2023-12-18,S001_P0003,655,1018.0
2023-12-25,S001_P0003,1337,734.0
2022-01-03,S001_P0004,939,
2022-01-10,S001_P0004,918,
2022-01-17,S001_P0004,1079,
2022-01-24,S001_P0004,1069,
2022-01-31,S001_P0004,844,
2022-02-07,S001_P0004,1025,
2022-02-14,S001_P0004,1111,
2022-02-21,S001_P0004,919,
2022-02-28,S001_P0004,687,
2022-03-07,S001_P0004,1330,
2022-03-14,S001_P0004,673,
2022-03-21,S001_P0004,1143,
2022-03-28,S001_P0004,963,
2022-04-04,S001_P0004,669,
2022-04-11,S001_P0004,848,
2022-04-18,S001_P0004,916,
2022-04-25,S001_P0004,1069,
2022-05-02,S001_P0004,900,
2022-05-09,S001_P0004,762,
2022-05-16,S001_P0004,925,
2022-05-23,S001_P0004,1008,
2022-05-30,S001_P0004,910,
2022-06-06,S001_P0004,920,
2022-06-13,S001_P0004,1105,
2022-06-20,S001_P0004,767,
2022-06-27,S001_P0004,1011,
2022-07-04,S001_P0004,449,
2022-07-11,S001_P0004,583,
2022-07-18,S001_P0004,1056,
2022-07-25,S001_P0004,991,
2022-08-01,S001_P0004,1071,
2022-08-08,S001_P0004,914,
2022-08-15,S001_P0004,1201,
2022-08-22,S001_P0004,1072,
2022-08-29,S001_P0004,957,
2022-09-05,S001_P0004,1089,
2022-09-12,S001_P0004,1460,
2022-09-19,S001_P0004,503,
2022-09-26,S001_P0004,719,
2022-10-03,S001_P0004,921,
2022-10-10,S001_P0004,911,
2022-10-17,S001_P0004,1141,
2022-10-24,S001_P0004,1379,
2022-10-31,S001_P0004,1390,
2022-11-07,S001_P0004,656,
2022-11-14,S001_P0004,827,
2022-11-21,S001_P0004,886,
2022-11-28,S001_P0004,2021,
2022-12-05,S001_P0004,987,
2022-12-12,S001_P0004,947,
2022-12-19,S001_P0004,1724,
2022-12-26,S001_P0004,336,
2023-01-02,S001_P0004,1177,939.0
2023-01-09,S001_P0004,987,918.0
2023-01-16,S001_P0004,1192,1079.0
2023-01-23,S001_P0004,881,1069.0
2023-01-30,S001_P0004,666,844.0
2023-02-06,S001_P0004,1159,1025.0
2023-02-13,S001_P0004,1407,1111.0
2023-02-20,S001_P0004,642,919.0
2023-02-27,S001_P0004,1303,687.0
2023-03-06,S001_P0004,1217,1330.0
2023-03-13,S001_P0004,717,673.0
2023-03-20,S001_P0004,1391,1143.0
2023-03-27,S001_P0004,1125,963.0
2023-04-03,S001_P0004,995,669.0
2023-04-10,S001_P0004,699,848.0
2023-04-17,S001_P0004,1186,916.0
2023-04-24,S001_P0004,724,1069.0
2023-05-01,S001_P0004,1533,900.0
2023-05-08,S001_P0004,1042,762.0
2023-05-15,S001_P0004,997,925.0
2023-05-22,S001_P0004,699,1008.0
2023-05-29,S001_P0004,696,910.0
2023-06-05,S001_P0004,1612,920.0
2023-06-12,S001_P0004,558,1105.0
2023-06-19,S001_P0004,637,767.0
2023-06-26,S001_P0004,1217,1011.0
2023-07-03,S001_P0004,956,449.0
2023-07-10,S001_P0004,1029,583.0
2023-07-17,S001_P0004,1074,1056.0
2023-07-24,S001_P0004,741,991.0
2023-07-31,S001_P0004,615,1071.0
2023-08-07,S001_P0004,442,914.0
2023-08-14,S001_P0004,479,1201.0
2023-08-21,S001_P0004,723,1072.0
2023-08-28,S001_P0004,910,957.0
2023-09-04,S001_P0004,1318,1089.0
2023-09-11,S001_P0004,1023,1460.0
2023-09-18,S001_P0004,1384,503.0
2023-09-25,S001_P0004,1166,719.0
2023-10-02,S001_P0004,858,921.0
2023-10-09,S001_P0004,592,911.0
2023-10-16,S001_P0004,1378,1141.0
2023-10-23,S001_P0004,1444,1379.0
2023-10-30,S001_P0004,845,1390.0
2023-11-06,S001_P0004,1192,656.0
2023-11-13,S001_P0004,1099,827.0
2023-11-20,S001_P0004,1245,886.0
2023-11-27,S001_P0004,807,2021.0
2023-12-04,S001_P0004,1478,987.0
2023-12-11,S001_P0004,773,947.0
2023-12-18,S001_P0004,795,1724.0
2023-12-25,S001_P0004,1116,336.0
2022-01-03,S001_P0005,1161,
2022-01-10,S001_P0005,849,
2022-01-17,S001_P0005,962,
2022-01-24,S001_P0005,1158,
2022-01-31,S001_P0005,1023,
2022-02-07,S001_P0005,837,
2022-02-14,S001_P0005,750,
2022-02-21,S001_P0005,1037,
2022-02-28,S001_P0005,723,
2022-03-07,S001_P0005,784,
2022-03-14,S001_P0005,630,
2022-03-21,S001_P0005,1690,
2022-03-28,S001_P0005,742,
2022-04-04,S001_P0005,619,
2022-04-11,S001_P0005,812,
2022-04-18,S001_P0005,886,
2022-04-25,S001_P0005,663,
2022-05-02,S001_P0005,1042,
2022-05-09,S001_P0005,582,
2022-05-16,S001_P0005,732,
2022-05-23,S001_P0005,1183,
2022-05-30,S001_P0005,722,
2022-06-06,S001_P0005,1099,
2022-06-13,S001_P0005,668,
2022-06-20,S001_P0005,906,
2022-06-27,S001_P0005,980,
2022-07-04,S001_P0005,775,
2022-07-11,S001_P0005,1206,
2022-07-18,S001_P0005,911,
2022-07-25,S001_P0005,1108,
2022-08-01,S001_P0005,1153,
2022-08-08,S001_P0005,506,
2022-08-15,S001_P0005,955,
2022-08-22,S001_P0005,610,
2022-08-29,S001_P0005,985,
2022-09-05,S001_P0005,739,
2022-09-12,S001_P0005,1248,
2022-09-19,S001_P0005,1379,
2022-09-26,S001_P0005,532,
2022-10-03,S001_P0005,688,
2022-10-10,S001_P0005,1272,
2022-10-17,S001_P0005,730,
2022-10-24,S001_P0005,1392,
2022-10-31,S001_P0005,655,
2022-11-07,S001_P0005,796,
2022-11-14,S001_P0005,508,
2022-11-21,S001_P0005,1872,
2022-11-28,S001_P0005,1290,
2022-12-05,S001_P0005,1067,
2022-12-12,S001_P0005,961,
2022-12-19,S001_P0005,1213,
2022-12-26,S001_P0005,832,
2023-01-02,S001_P0005,994,1161.0
2023-01-09,S001_P0005,1248,849.0
2023-01-16,S001_P0005,834,962.0
2023-01-23,S001_P0005,909,1158.0
2023-01-30,S001_P0005,1085,1023.0
2023-02-06,S001_P0005,621,837.0
2023-02-13,S001_P0005,1081,750.0
2023-02-20,S001_P0005,1021,1037.0
2023-02-27,S001_P0005,845,723.0
2023-03-06,S001_P0005,1073,784.0
2023-03-13,S001_P0005,1205,630.0
2023-03-20,S001_P0005,691,1690.0
2023-03-27,S001_P0005,714,742.0
2023-04-03,S001_P0005,989,619.0
2023-04-10,S001_P0005,940,812.0
2023-04-17,S001_P0005,920,886.0
2023-04-24,S001_P0005,875,663.0
2023-05-01,S001_P0005,1081,1042.0
2023-05-08,S001_P0005,865,582.0
2023-05-15,S001_P0005,487,732.0
2023-05-22,S001_P0005,561,1183.0
2023-05-29,S001_P0005,1000,722.0
2023-06-05,S001_P0005,824,1099.0
2023-06-12,S001_P0005,1107,668.0
2023-06-19,S001_P0005,1360,906.0
2023-06-26,S001_P0005,1124,980.0
2023-07-03,S001_P0005,1028,775.0
2023-07-10,S001_P0005,1036,1206.0
2023-07-17,S001_P0005,971,911.0
2023-07-24,S001_P0005,768,1108.0
2023-07-31,S001_P0005,597,1153.0
2023-08-07,S001_P0005,677,506.0
2023-08-14,S001_P0005,757,955.0
2023-08-21,S001_P0005,704,610.0
2023-08-28,S001_P0005,910,985.0
2023-09-04,S001_P0005,1122,739.0
2023-09-11,S001_P0005,1028,1248.0
2023-09-18,S001_P0005,1425,1379.0
2023-09-25,S001_P0005,591,532.0
2023-10-02,S001_P0005,559,688.0
2023-10-09,S001_P0005,928,1272.0
2023-10-16,S001_P0005,787,730.0
2023-10-23,S001_P0005,1021,1392.0
2023-10-30,S001_P0005,1065,655.0
2023-11-06,S001_P0005,707,796.0
2023-11-13,S001_P0005,878,508.0
2023-11-20,S001_P0005,886,1872.0
2023-11-27,S001_P0005,909,1290.0
2023-12-04,S001_P0005,1099,1067.0
2023-12-11,S001_P0005,989,961.0
2023-12-18,S001_P0005,1226,1213.0
2023-12-25,S001_P0005,1087,832.0
2022-01-03,S001_P0006,259,
2022-01-10,S001_P0006,1287,
2022-01-17,S001_P0006,778,
2022-01-24,S001_P0006,1061,
2022-01-31,S001_P0006,662,
2022-02-07,S001_P0006,1069,
2022-02-14,S001_P0006,1235,
2022-02-21,S001_P0006,1045,
2022-02-28,S001_P0006,642,
2022-03-07,S001_P0006,1309,
2022-03-14,S001_P0006,797,
2022-03-21,S001_P0006,1299,
2022-03-28,S001_P0006,898,
2022-04-04,S001_P0006,800,
2022-04-11,S001_P0006,790,
2022-04-18,S001_P0006,1040,
2022-04-25,S001_P0006,993,
2022-05-02,S001_P0006,1234,
2022-05-09,S001_P0006,1526,
2022-05-16,S001_P0006,569,
2022-05-23,S001_P0006,691,
2022-05-30,S001_P0006,592,
2022-06-06,S001_P0006,757,
2022-06-13,S001_P0006,984,
2022-06-20,S001_P0006,988,
2022-06-27,S001_P0006,789,
2022-07-04,S001_P0006,1506,
2022-07-11,S001_P0006,526,
2022-07-18,S001_P0006,1023,
2022-07-25,S001_P0006,657,
2022-08-01,S001_P0006,852,
2022-08-08,S001_P0006,900,
2022-08-15,S001_P0006,904,
2022-08-22,S001_P0006,401,
2022-08-29,S001_P0006,758,
2022-09-05,S001_P0006,279,
2022-09-12,S001_P0006,690,
2022-09-19,S001_P0006,1615,
2022-09-26,S001_P0006,933,
2022-10-03,S001_P0006,795,
2022-10-10,S001_P0006,607,
2022-10-17,S001_P0006,1117,
2022-10-24,S001_P0006,1813,
2022-10-31,S001_P0006,689,
2022-11-07,S001_P0006,1426,
2022-11-14,S001_P0006,818,
2022-11-21,S001_P0006,1096,
2022-11-28,S001_P0006,829,
2022-12-05,S001_P0006,1193,
2022-12-12,S001_P0006,1205,
2022-12-19,S001_P0006,807,
2022-12-26,S001_P0006,857,
2023-01-02,S001_P0006,707,259.0
2023-01-09,S001_P0006,1170,1287.0
2023-01-16,S001_P0006,977,778.0
2023-01-23,S001_P0006,964,1061.0
2023-01-30,S001_P0006,819,662.0
2023-02-06,S001_P0006,537,1069.0
2023-02-13,S001_P0006,899,1235.0
2023-02-20,S001_P0006,963,1045.0
2023-02-27,S001_P0006,910,642.0
2023-03-06,S001_P0006,1306,1309.0
2023-03-13,S001_P0006,423,797.0
2023-03-20,S001_P0006,1146,1299.0
2023-03-27,S001_P0006,1096,898.0
2023-04-03,S001_P0006,476,800.0
2023-04-10,S001_P0006,1086,790.0
2023-04-17,S001_P0006,866,1040.0
2023-04-24,S001_P0006,1090,993.0
2023-05-01,S001_P0006,804,1234.0
2023-05-08,S001_P0006,747,1526.0
2023-05-15,S001_P0006,743,569.0
2023-05-22,S001_P0006,467,691.0
2023-05-29,S001_P0006,606,592.0
2023-06-05,S001_P0006,1289,757.0
2023-06-12,S001_P0006,1222,984.0
2023-06-19,S001_P0006,1033,988.0
2023-06-26,S001_P0006,1119,789.0
2023-07-03,S001_P0006,809,1506.0
2023-07-10,S001_P0006,779,526.0
2023-07-17,S001_P0006,908,1023.0
2023-07-24,S001_P0006,804,657.0
2023-07-31,S001_P0006,1050,852.0
2023-08-07,S001_P0006,690,900.0
2023-08-14,S001_P0006,627,904.0
2023-08-21,S001_P0006,521,401.0
2023-08-28,S001_P0006,1079,758.0
2023-09-04,S001_P0006,846,279.0
2023-09-11,S001_P0006,838,690.0
2023-09-18,S001_P0006,1387,1615.0
2023-09-25,S001_P0006,1487,933.0
2023-10-02,S001_P0006,1278,795.0
2023-10-09,S001_P0006,1168,607.0
2023-10-16,S001_P0006,933,1117.0
2023-10-23,S001_P0006,825,1813.0
2023-10-30,S001_P0006,1056,689.0
2023-11-06,S001_P0006,1156,1426.0
2023-11-13,S001_P0006,813,818.0
2023-11-20,S001_P0006,605,1096.0
2023-11-27,S001_P0006,616,829.0
2023-12-04,S001_P0006,853,1193.0
2023-12-11,S001_P0006,778,1205.0
2023-12-18,S001_P0006,969,807.0
2023-12-25,S001_P0006,519,857.0
2022-01-03,S001_P0007,1206,
2022-01-10,S001_P0007,963,
2022-01-17,S001_P0007,820,
2022-01-24,S001_P0007,1226,
2022-01-31,S001_P0007,860,
2022-02-07,S001_P0007,870,
2022-02-14,S001_P0007,673,
2022-02-21,S001_P0007,416,
2022-02-28,S001_P0007,2195,
2022-03-07,S001_P0007,1471,
2022-03-14,S001_P0007,960,
2022-03-21,S001_P0007,1454,
2022-03-28,S001_P0007,564,
2022-04-04,S001_P0007,906,
2022-04-11,S001_P0007,1637,
2022-04-18,S001_P0007,603,
2022-04-25,S001_P0007,1045,
2022-05-02,S001_P0007,845,
2022-05-09,S001_P0007,1185,
2022-05-16,S001_P0007,967,
2022-05-23,S001_P0007,1235,
2022-05-30,S001_P0007,999,
2022-06-06,S001_P0007,656,
2022-06-13,S001_P0007,1181,
2022-06-20,S001_P0007,1567,
2022-06-27,S001_P0007,746,
2022-07-04,S001_P0007,1093,
2022-07-11,S001_P0007,743,
2022-07-18,S001_P0007,716,
2022-07-25,S001_P0007,940,
2022-08-01,S001_P0007,1747,
2022-08-08,S001_P0007,955,
2022-08-15,S001_P0007,1191,
2022-08-22,S001_P0007,1102,
2022-08-29,S001_P0007,1327,
2022-09-05,S001_P0007,874,
2022-09-12,S001_P0007,928,
2022-09-19,S001_P0007,385,
2022-09-26,S001_P0007,667,
2022-10-03,S001_P0007,1413,
2022-10-10,S001_P0007,984,
2022-10-17,S001_P0007,789,
2022-10-24,S001_P0007,1040,
2022-10-31,S001_P0007,1024,
2022-11-07,S001_P0007,751,
2022-11-14,S001_P0007,831,
2022-11-21,S001_P0007,1089,
2022-11-28,S001_P0007,1139,
2022-12-05,S001_P0007,528,
2022-12-12,S001_P0007,926,
2022-12-19,S001_P0007,1134,
2022-12-26,S001_P0007,1417,
2023-01-02,S001_P0007,1193,1206.0
2023-01-09,S001_P0007,981,963.0
2023-01-16,S001_P0007,1159,820.0
2023-01-23,S001_P0007,1005,1226.0
2023-01-30,S001_P0007,687,860.0
2023-02-06,S001_P0007,1179,870.0
2023-02-13,S001_P0007,1130,673.0
2023-02-20,S001_P0007,964,416.0
2023-02-27,S001_P0007,1289,2195.0
2023-03-06,S001_P0007,1150,1471.0
2023-03-13,S001_P0007,577,960.0
2023-03-20,S001_P0007,945,1454.0
2023-03-27,S001_P0007,1314,564.0
2023-04-03,S001_P0007,748,906.0
2023-04-10,S001_P0007,1035,1637.0
2023-04-17,S001_P0007,671,603.0
2023-04-24,S001_P0007,1106,1045.0
2023-05-01,S001_P0007,1154,845.0
2023-05-08,S001_P0007,623,1185.0
2023-05-15,S001_P0007,1008,967.0
2023-05-22,S001_P0007,918,1235.0
2023-05-29,S001_P0007,869,999.0
2023-06-05,S001_P0007,566,656.0
2023-06-12,S001_P0007,658,1181.0
2023-06-19,S001_P0007,628,1567.0
2023-06-26,S001_P0007,971,746.0
2023-07-03,S001_P0007,934,1093.0
2023-07-10,S001_P0007,1186,743.0
2023-07-17,S001_P0007,879,716.0
2023-07-24,S001_P0007,1077,940.0
2023-07-31,S001_P0007,1058,1747.0
2023-08-07,S001_P0007,745,955.0
2023-08-14,S001_P0007,723,1191.0
2023-08-21,S001_P0007,938,1102.0
2023-08-28,S001_P0007,850,1327.0
2023-09-04,S001_P0007,470,874.0
2023-09-11,S001_P0007,787,928.0
2023-09-18,S001_P0007,741,385.0
2023-09-25,S001_P0007,871,667.0
2023-10-02,S001_P0007,704,1413.0
2023-10-09,S001_P0007,1007,984.0
2023-10-16,S001_P0007,343,789.0
2023-10-23,S001_P0007,746,1040.0
2023-10-30,S001_P0007,579,1024.0
2023-11-06,S001_P0007,992,751.0
2023-11-13,S001_P0007,887,831.0
2023-11-20,S001_P0007,1230,1089.0
2023-11-27,S001_P0007,797,1139.0
2023-12-04,S001_P0007,1041,528.0
2023-12-11,S001_P0007,1452,926.0
2023-12-18,S001_P0007,841,1134.0
2023-12-25,S001_P0007,1198,1417.0
2022-01-03,S001_P0008,1053,
2022-01-10,S001_P0008,801,
2022-01-17,S001_P0008,599,
2022-01-24,S001_P0008,435,
2022-01-31,S001_P0008,807,
2022-02-07,S001_P0008,758,
2022-02-14,S001_P0008,899,
2022-02-21,S001_P0008,1051,
2022-02-28,S001_P0008,1351,
2022-03-07,S001_P0008,1110,
2022-03-14,S001_P0008,1306,
2022-03-21,S001_P0008,866,
2022-03-28,S001_P0008,1089,
2022-04-04,S001_P0008,587,
2022-04-11,S001_P0008,848,
2022-04-18,S001_P0008,908,
2022-04-25,S001_P0008,886,
2022-05-02,S001_P0008,493,
2022-05-09,S001_P0008,850,
2022-05-16,S001_P0008,1310,
2022-05-23,S001_P0008,1441,
2022-05-30,S001_P0008,754,
2022-06-06,S001_P0008,1545,
2022-06-13,S001_P0008,1304,
2022-06-20,S001_P0008,684,
2022-06-27,S001_P0008,334,
2022-07-04,S001_P0008,689,
2022-07-11,S001_P0008,1105,
2022-07-18,S001_P0008,1019,
2022-07-25,S001_P0008,1278,
2022-08-01,S001_P0008,1168,
2022-08-08,S001_P0008,680,
2022-08-15,S001_P0008,1344,
2022-08-22,S001_P0008,1108,
2022-08-29,S001_P0008,1682,
2022-09-05,S001_P0008,939,
2022-09-12,S001_P0008,864,
2022-09-19,S001_P0008,834,
2022-09-26,S001_P0008,979,
2022-10-03,S001_P0008,1256,
2022-10-10,S001_P0008,595,
2022-10-17,S001_P0008,1335,
2022-10-24,S001_P0008,894,
2022-10-31,S001_P0008,1453,
2022-11-07,S001_P0008,1532,
2022-11-14,S001_P0008,662,
2022-11-21,S001_P0008,538,
2022-11-28,S001_P0008,533,
2022-12-05,S001_P0008,951,
2022-12-12,S001_P0008,720,
2022-12-19,S001_P0008,1164,
2022-12-26,S001_P0008,577,
2023-01-02,S001_P0008,1634,1053.0
2023-01-09,S001_P0008,607,801.0
2023-01-16,S001_P0008,541,599.0
2023-01-23,S001_P0008,623,435.0
2023-01-30,S001_P0008,783,807.0
2023-02-06,S001_P0008,666,758.0
2023-02-13,S001_P0008,828,899.0
2023-02-20,S001_P0008,1662,1051.0
2023-02-27,S001_P0008,739,1351.0
2023-03-06,S001_P0008,771,1110.0
2023-03-13,S001_P0008,833,1306.0
2023-03-20,S001_P0008,699,866.0
2023-03-27,S001_P0008,974,1089.0
2023-04-03,S001_P0008,506,587.0
2023-04-10,S001_P0008,772,848.0
2023-04-17,S001_P0008,1123,908.0
2023-04-24,S001_P0008,864,886.0
2023-05-01,S001_P0008,616,493.0
2023-05-08,S001_P0008,1235,850.0
2023-05-15,S001_P0008,1023,1310.0
2023-05-22,S001_P0008,928,1441.0
2023-05-29,S001_P0008,875,754.0
2023-06-05,S001_P0008,1446,1545.0
2023-06-12,S001_P0008,807,1304.0
2023-06-19,S001_P0008,1546,684.0
2023-06-26,S001_P0008,914,334.0
2023-07-03,S001_P0008,1199,689.0
2023-07-10,S001_P0008,1109,1105.0
2023-07-17,S001_P0008,679,1019.0
2023-07-24,S001_P0008,842,1278.0
2023-07-31,S001_P0008,1025,1168.0
2023-08-07,S001_P0008,1026,680.0
2023-08-14,S001_P0008,869,1344.0
2023-08-21,S001_P0008,998,1108.0
2023-08-28,S001_P0008,801,1682.0
2023-09-04,S001_P0008,954,939.0
2023-09-11,S001_P0008,431,864.0
2023-09-18,S001_P0008,760,834.0
2023-09-25,S001_P0008,915,979.0
2023-10-02,S001_P0008,870,1256.0
2023-10-09,S001_P0008,1135,595.0
2023-10-16,S001_P0008,1025,1335.0
2023-10-23,S001_P0008,2269,894.0
2023-10-30,S001_P0008,1587,1453.0
2023-11-06,S001_P0008,983,1532.0
2023-11-13,S001_P0008,853,662.0
2023-11-20,S001_P0008,726,538.0
2023-11-27,S001_P0008,1053,533.0
2023-12-04,S001_P0008,419,951.0
2023-12-11,S001_P0008,1109,720.0
2023-12-18,S001_P0008,961,1164.0
2023-12-25,S001_P0008,1044,577.0
2022-01-03,S001_P0009,1005,
2022-01-10,S001_P0009,693,
2022-01-17,S001_P0009,1024,
2022-01-24,S001_P0009,989,
2022-01-31,S001_P0009,425,
2022-02-07,S001_P0009,1047,
2022-02-14,S001_P0009,788,
2022-02-21,S001_P0009,1117,
2022-02-28,S001_P0009,777,
2022-03-07,S001_P0009,449,
2022-03-14,S001_P0009,694,
2022-03-21,S001_P0009,635,
2022-03-28,S001_P0009,838,
2022-04-04,S001_P0009,739,
2022-04-11,S001_P0009,1104,
2022-04-18,S001_P0009,571,
2022-04-25,S001_P0009,1194,
2022-05-02,S001_P0009,1222,
2022-05-09,S001_P0009,1084,
2022-05-16,S001_P0009,897,
2022-05-23,S001_P0009,870,
2022-05-30,S001_P0009,474,
2022-06-06,S001_P0009,646,
2022-06-13,S001_P0009,824,
2022-06-20,S001_P0009,1217,
2022-06-27,S001_P0009,1044,
2022-07-04,S001_P0009,904,
2022-07-11,S001_P0009,567,
2022-07-18,S001_P0009,755,
2022-07-25,S001_P0009,820,
2022-08-01,S001_P0009,892,
2022-08-08,S001_P0009,816,
2022-08-15,S001_P0009,951,
2022-08-22,S001_P0009,1055,
2022-08-29,S001_P0009,586,
2022-09-05,S001_P0009,478,
2022-09-12,S001_P0009,604,
2022-09-19,S001_P0009,851,
2022-09-26,S001_P0009,493,
2022-10-03,S001_P0009,854,
2022-10-10,S001_P0009,1650,
2022-10-17,S001_P0009,898,
2022-10-24,S001_P0009,1159,
2022-10-31,S001_P0009,808,
2022-11-07,S001_P0009,986,
2022-11-14,S001_P0009,802,
2022-11-21,S001_P0009,1390,
2022-11-28,S001_P0009,1041,
2022-12-05,S001_P0009,602,
2022-12-12,S001_P0009,956,
2022-12-19,S001_P0009,473,
2022-12-26,S001_P0009,895,
2023-01-02,S001_P0009,482,1005.0
2023-01-09,S001_P0009,878,693.0
2023-01-16,S001_P0009,1224,1024.0
2023-01-23,S001_P0009,844,989.0
2023-01-30,S001_P0009,462,425.0
2023-02-06,S001_P0009,1457,1047.0
2023-02-13,S001_P0009,663,788.0
2023-02-20,S001_P0009,800,1117.0
2023-02-27,S001_P0009,889,777.0
2023-03-06,S001_P0009,1433,449.0
2023-03-13,S001_P0009,592,694.0
2023-03-20,S001_P0009,940,635.0
2023-03-27,S001_P0009,1001,838.0
2023-04-03,S001_P0009,647,739.0
2023-04-10,S001_P0009,536,1104.0
2023-04-17,S001_P0009,1054,571.0
2023-04-24,S001_P0009,851,1194.0
2023-05-01,S001_P0009,1615,1222.0
2023-05-08,S001_P0009,605,1084.0
2023-05-15,S001_P0009,762,897.0
2023-05-22,S001_P0009,1018,870.0
2023-05-29,S001_P0009,1227,474.0
2023-06-05,S001_P0009,1013,646.0
2023-06-12,S001_P0009,1069,824.0
2023-06-19,S001_P0009,717,1217.0
2023-06-26,S001_P0009,1291,1044.0
2023-07-03,S001_P0009,889,904.0
2023-07-10,S001_P0009,858,567.0
2023-07-17,S001_P0009,1633,755.0
2023-07-24,S001_P0009,962,820.0
2023-07-31,S001_P0009,1289,892.0
2023-08-07,S001_P0009,282,816.0
2023-08-14,S001_P0009,1224,951.0
2023-08-21,S001_P0009,1117,1055.0
2023-08-28,S001_P0009,1296,586.0
2023-09-04,S001_P0009,872,478.0
2023-09-11,S001_P0009,1188,604.0
2023-09-18,S001_P0009,981,851.0
2023-09-25,S001_P0009,902,493.0
2023-10-02,S001_P0009,1294,854.0
2023-10-09,S001_P0009,1221,1650.0
2023-10-16,S001_P0009,647,898.0
2023-10-23,S001_P0009,877,1159.0
2023-10-30,S001_P0009,1676,808.0
2023-11-06,S001_P0009,819,986.0
2023-11-13,S001_P0009,960,802.0
2023-11-20,S001_P0009,920,1390.0
2023-11-27,S001_P0009,780,1041.0
2023-12-04,S001_P0009,820,602.0
2023-12-11,S001_P0009,1423,956.0
2023-12-18,S001_P0009,1411,473.0
2023-12-25,S001_P0009,765,895.0
2022-01-03,S001_P0010,568,
2022-01-10,S001_P0010,850,
2022-01-17,S001_P0010,721,
2022-01-24,S001_P0010,563,
2022-01-31,S001_P0010,892,
2022-02-07,S001_P0010,881,
2022-02-14,S001_P0010,649,
2022-02-21,S001_P0010,1176,
2022-02-28,S001_P0010,520,
2022-03-07,S001_P0010,624,
2022-03-14,S001_P0010,1174,
2022-03-21,S001_P0010,643,
2022-03-28,S001_P0010,289,
2022-04-04,S001_P0010,894,
2022-04-11,S001_P0010,891,
2022-04-18,S001_P0010,1214,
2022-04-25,S001_P0010,663,
2022-05-02,S001_P0010,923,
2022-05-09,S001_P0010,838,
2022-05-16,S001_P0010,1128,
2022-05-23,S001_P0010,1434,
2022-05-30,S001_P0010,569,
2022-06-06,S001_P0010,853,
2022-06-13,S001_P0010,833,
2022-06-20,S001_P0010,663,
2022-06-27,S001_P0010,1392,
2022-07-04,S001_P0010,891,
2022-07-11,S001_P0010,847,
2022-07-18,S001_P0010,1122,
2022-07-25,S001_P0010,1223,
2022-08-01,S001_P0010,854,
2022-08-08,S001_P0010,1409,
2022-08-15,S001_P0010,1279,
2022-08-22,S001_P0010,838,
2022-08-29,S001_P0010,1162,
2022-09-05,S001_P0010,1244,
2022-09-12,S001_P0010,1070,
2022-09-19,S001_P0010,735,
2022-09-26,S001_P0010,1127,
2022-10-03,S001_P0010,1129,
2022-10-10,S001_P0010,955,
2022-10-17,S001_P0010,1010,
2022-10-24,S001_P0010,452,
2022-10-31,S001_P0010,1015,
2022-11-07,S001_P0010,487,
2022-11-14,S001_P0010,553,
2022-11-21,S001_P0010,1439,
2022-11-28,S001_P0010,763,
2022-12-05,S001_P0010,806,
2022-12-12,S001_P0010,680,
2022-12-19,S001_P0010,1052,
2022-12-26,S001_P0010,571,
2023-01-02,S001_P0010,1058,568.0
2023-01-09,S001_P0010,1242,850.0
2023-01-16,S001_P0010,1185,721.0
2023-01-23,S001_P0010,947,563.0
2023-01-30,S001_P0010,870,892.0
2023-02-06,S001_P0010,607,881.0
2023-02-13,S001_P0010,1040,649.0
2023-02-20,S001_P0010,315,1176.0
2023-02-27,S001_P0010,1329,520.0
2023-03-06,S001_P0010,1030,624.0
2023-03-13,S001_P0010,800,1174.0
2023-03-20,S001_P0010,875,643.0
2023-03-27,S001_P0010,930,289.0
2023-04-03,S001_P0010,1103,894.0
2023-04-10,S001_P0010,1072,891.0
2023-04-17,S001_P0010,1073,1214.0
2023-04-24,S001_P0010,730,663.0
2023-05-01,S001_P0010,712,923.0
2023-05-08,S001_P0010,1167,838.0
2023-05-15,S001_P0010,928,1128.0
2023-05-22,S001_P0010,898,1434.0
2023-05-29,S001_P0010,474,569.0
2023-06-05,S001_P0010,997,853.0
2023-06-12,S001_P0010,888,833.0
2023-06-19,S001_P0010,781,663.0
2023-06-26,S001_P0010,1178,1392.0
2023-07-03,S001_P0010,1131,891.0
2023-07-10,S001_P0010,701,847.0
2023-07-17,S001_P0010,559,1122.0
2023-07-24,S001_P0010,738,1223.0
2023-07-31,S001_P0010,1226,854.0
2023-08-07,S001_P0010,1175,1409.0
2023-08-14,S001_P0010,1192,1279.0
2023-08-21,S001_P0010,1369,838.0
2023-08-28,S001_P0010,890,1162.0
2023-09-04,S001_P0010,1095,1244.0
2023-09-11,S001_P0010,1284,1070.0
2023-09-18,S001_P0010,1138,735.0
2023-09-25,S001_P0010,1271,1127.0
2023-10-02,S001_P0010,953,1129.0
2023-10-09,S001_P0010,673,955.0
2023-10-16,S001_P0010,960,1010.0
2023-10-23,S001_P0010,1031,452.0
2023-10-30,S001_P0010,427,1015.0
2023-11-06,S001_P0010,916,487.0
2023-11-13,S001_P0010,1046,553.0
2023-11-20,S001_P0010,619,1439.0
2023-11-27,S001_P0010,1807,763.0
2023-12-04,S001_P0010,823,806.0
2023-12-11,S001_P0010,755,680.0
2023-12-18,S001_P0010,1031,1052.0
2023-12-25,S001_P0010,1022,571.0
2022-01-03,S001_P0011,568,
2022-01-10,S001_P0011,1314,
2022-01-17,S001_P0011,846,
2022-01-24,S001_P0011,731,
2022-01-31,S001_P0011,759,
2022-02-07,S001_P0011,792,
2022-02-14,S001_P0011,921,
2022-02-21,S001_P0011,1281,
2022-02-28,S001_P0011,723,
2022-03-07,S001_P0011,1224,
2022-03-14,S001_P0011,908,
2022-03-21,S001_P0011,1067,
2022-03-28,S001_P0011,671,
2022-04-04,S001_P0011,940,
2022-04-11,S001_P0011,696,
2022-04-18,S001_P0011,732,
2022-04-25,S001_P0011,791,
2022-05-02,S001_P0011,938,
2022-05-09,S001_P0011,824,
2022-05-16,S001_P0011,901,
2022-05-23,S001_P0011,727,
2022-05-30,S001_P0011,636,
2022-06-06,S001_P0011,782,
2022-06-13,S001_P0011,1004,
2022-06-20,S001_P0011,939,
2022-06-27,S001_P0011,1224,
2022-07-04,S001_P0011,613,
2022-07-11,S001_P0011,771,
2022-07-18,S001_P0011,629,
2022-07-25,S001_P0011,878,
2022-08-01,S001_P0011,1188,
2022-08-08,S001_P0011,407,
2022-08-15,S001_P0011,446,
2022-08-22,S001_P0011,1165,
2022-08-29,S001_P0011,812,
2022-09-05,S001_P0011,1239,
2022-09-12,S001_P0011,935,
2022-09-19,S001_P0011,509,
2022-09-26,S001_P0011,1006,
2022-10-03,S001_P0011,827,
2022-10-10,S001_P0011,878,
2022-10-17,S001_P0011,1666,
2022-10-24,S001_P0011,874,
2022-10-31,S001_P0011,1391,
2022-11-07,S001_P0011,1469,
2022-11-14,S001_P0011,1541,
2022-11-21,S001_P0011,572,
2022-11-28,S001_P0011,866,
2022-12-05,S001_P0011,919,
2022-12-12,S001_P0011,816,
2022-12-19,S001_P0011,715,
2022-12-26,S001_P0011,806,
2023-01-02,S001_P0011,759,568.0
2023-01-09,S001_P0011,1129,1314.0
2023-01-16,S001_P0011,795,846.0
2023-01-23,S001_P0011,822,731.0
2023-01-30,S001_P0011,943,759.0
2023-02-06,S001_P0011,1197,792.0
2023-02-13,S001_P0011,840,921.0
2023-02-20,S001_P0011,782,1281.0
2023-02-27,S001_P0011,823,723.0
2023-03-06,S001_P0011,1067,1224.0
2023-03-13,S001_P0011,619,908.0
2023-03-20,S001_P0011,672,1067.0
2023-03-27,S001_P0011,824,671.0
2023-04-03,S001_P0011,773,940.0
2023-04-10,S001_P0011,1286,696.0
2023-04-17,S001_P0011,1410,732.0
2023-04-24,S001_P0011,648,791.0
2023-05-01,S001_P0011,694,938.0
2023-05-08,S001_P0011,1132,824.0
2023-05-15,S001_P0011,1055,901.0
2023-05-22,S001_P0011,616,727.0
2023-05-29,S001_P0011,880,636.0
2023-06-05,S001_P0011,952,782.0
2023-06-12,S001_P0011,501,1004.0
2023-06-19,S001_P0011,916,939.0
2023-06-26,S001_P0011,552,1224.0
2023-07-03,S001_P0011,879,613.0
2023-07-10,S001_P0011,802,771.0
2023-07-17,S001_P0011,1007,629.0
2023-07-24,S001_P0011,1032,878.0
2023-07-31,S001_P0011,855,1188.0
2023-08-07,S001_P0011,811,407.0
2023-08-14,S001_P0011,854,446.0
2023-08-21,S001_P0011,957,1165.0
2023-08-28,S001_P0011,1243,812.0
2023-09-04,S001_P0011,1331,1239.0
2023-09-11,S001_P0011,1637,935.0
2023-09-18,S001_P0011,878,509.0
2023-09-25,S001_P0011,1612,1006.0
2023-10-02,S001_P0011,752,827.0
2023-10-09,S001_P0011,1020,878.0
2023-10-16,S001_P0011,1273,1666.0
2023-10-23,S001_P0011,725,874.0
2023-10-30,S001_P0011,1189,1391.0
2023-11-06,S001_P0011,1233,1469.0
2023-11-13,S001_P0011,406,1541.0
2023-11-20,S001_P0011,1202,572.0
2023-11-27,S001_P0011,846,866.0
2023-12-04,S001_P0011,1437,919.0
2023-12-11,S001_P0011,800,816.0
2023-12-18,S001_P0011,1295,715.0
2023-12-25,S001_P0011,1035,806.0
2022-01-03,S001_P0012,614,
2022-01-10,S001_P0012,535,
2022-01-17,S001_P0012,829,
2022-01-24,S001_P0012,213,
2022-01-31,S001_P0012,895,
2022-02-07,S001_P0012,1249,
2022-02-14,S001_P0012,854,
2022-02-21,S001_P0012,834,
2022-02-28,S001_P0012,1555,
2022-03-07,S001_P0012,664,
2022-03-14,S001_P0012,1141,
2022-03-21,S001_P0012,638,
2022-03-28,S001_P0012,1132,
2022-04-04,S001_P0012,674,
2022-04-11,S001_P0012,1173,
2022-04-18,S001_P0012,589,
2022-04-25,S001_P0012,1086,
2022-05-02,S001_P0012,587,
2022-05-09,S001_P0012,673,
2022-05-16,S001_P0012,1420,
2022-05-23,S001_P0012,544,
2022-05-30,S001_P0012,759,
2022-06-06,S001_P0012,813,
2022-06-13,S001_P0012,1053,
2022-06-20,S001_P0012,1349,
2022-06-27,S001_P0012,354,
2022-07-04,S001_P0012,729,
2022-07-11,S001_P0012,1976,
2022-07-18,S001_P0012,1561,
2022-07-25,S001_P0012,994,
2022-08-01,S001_P0012,908,
2022-08-08,S001_P0012,1272,
2022-08-15,S001_P0012,533,
2022-08-22,S001_P0012,720,
2022-08-29,S001_P0012,1024,
2022-09-05,S001_P0012,1011,
2022-09-12,S001_P0012,983,
2022-09-19,S001_P0012,1134,
2022-09-26,S001_P0012,598,
2022-10-03,S001_P0012,669,
2022-10-10,S001_P0012,356,
2022-10-17,S001_P0012,679,
2022-10-24,S001_P0012,1015,
2022-10-31,S001_P0012,628,
2022-11-07,S001_P0012,1399,
2022-11-14,S001_P0012,1154,
2022-11-21,S001_P0012,934,
2022-11-28,S001_P0012,745,
2022-12-05,S001_P0012,1095,
2022-12-12,S001_P0012,883,
2022-12-19,S001_P0012,539,
2022-12-26,S001_P0012,471,
2023-01-02,S001_P0012,832,614.0
2023-01-09,S001_P0012,908,535.0
2023-01-16,S001_P0012,1002,829.0
2023-01-23,S001_P0012,949,213.0
2023-01-30,S001_P0012,658,895.0
2023-02-06,S001_P0012,603,1249.0
2023-02-13,S001_P0012,362,854.0
2023-02-20,S001_P0012,903,834.0
2023-02-27,S001_P0012,1395,1555.0
2023-03-06,S001_P0012,704,664.0
2023-03-13,S001_P0012,844,1141.0
2023-03-20,S001_P0012,839,638.0
2023-03-27,S001_P0012,554,1132.0
2023-04-03,S001_P0012,853,674.0
2023-04-10,S001_P0012,764,1173.0
2023-04-17,S001_P0012,1256,589.0
2023-04-24,S001_P0012,1372,1086.0
2023-05-01,S001_P0012,800,587.0
2023-05-08,S001_P0012,1083,673.0
2023-05-15,S001_P0012,1385,1420.0
2023-05-22,S001_P0012,866,544.0
2023-05-29,S001_P0012,788,759.0
2023-06-05,S001_P0012,739,813.0
2023-06-12,S001_P0012,713,1053.0
2023-06-19,S001_P0012,805,1349.0
2023-06-26,S001_P0012,592,354.0
2023-07-03,S001_P0012,971,729.0
2023-07-10,S001_P0012,1280,1976.0
2023-07-17,S001_P0012,1202,1561.0
2023-07-24,S001_P0012,1655,994.0
2023-07-31,S001_P0012,884,908.0
2023-08-07,S001_P0012,951,1272.0
2023-08-14,S001_P0012,831,533.0
2023-08-21,S001_P0012,1005,720.0
2023-08-28,S001_P0012,648,1024.0
2023-09-04,S001_P0012,892,1011.0
2023-09-11,S001_P0012,699,983.0
2023-09-18,S001_P0012,1097,1134.0
2023-09-25,S001_P0012,1189,598.0
2023-10-02,S001_P0012,1020,669.0
2023-10-09,S001_P0012,916,356.0
2023-10-16,S001_P0012,1124,679.0
2023-10-23,S001_P0012,951,1015.0
2023-10-30,S001_P0012,933,628.0
2023-11-06,S001_P0012,584,1399.0
2023-11-13,S001_P0012,770,1154.0
2023-11-20,S001_P0012,951,934.0
2023-11-27,S001_P0012,278,745.0
2023-12-04,S001_P0012,1008,1095.0
2023-12-11,S001_P0012,1052,883.0
2023-12-18,S001_P0012,793,539.0
2023-12-25,S001_P0012,1233,471.0
2022-01-03,S001_P0013,704,
2022-01-10,S001_P0013,1514,
2022-01-17,S001_P0013,312,
2022-01-24,S001_P0013,998,
2022-01-31,S001_P0013,680,
2022-02-07,S001_P0013,907,
2022-02-14,S001_P0013,1059,
2022-02-21,S001_P0013,931,
2022-02-28,S001_P0013,1205,
2022-03-07,S001_P0013,1123,
2022-03-14,S001_P0013,636,
2022-03-21,S001_P0013,1219,
2022-03-28,S001_P0013,1021,
2022-04-04,S001_P0013,1188,
2022-04-11,S001_P0013,841,
2022-04-18,S001_P0013,1032,
2022-04-25,S001_P0013,758,
2022-05-02,S001_P0013,872,
2022-05-09,S001_P0013,815,
2022-05-16,S001_P0013,735,
2022-05-23,S001_P0013,1061,
2022-05-30,S001_P0013,353,
2022-06-06,S001_P0013,471,
2022-06-13,S001_P0013,893,
2022-06-20,S001_P0013,761,
2022-06-27,S001_P0013,907,
2022-07-04,S001_P0013,1180,
2022-07-11,S001_P0013,692,
2022-07-18,S001_P0013,1345,
2022-07-25,S001_P0013,523,
2022-08-01,S001_P0013,1069,
2022-08-08,S001_P0013,1503,
2022-08-15,S001_P0013,571,
2022-08-22,S001_P0013,782,
2022-08-29,S001_P0013,970,
2022-09-05,S001_P0013,902,
2022-09-12,S001_P0013,1199,
2022-09-19,S001_P0013,1019,
2022-09-26,S001_P0013,944,
2022-10-03,S001_P0013,1264,
2022-10-10,S001_P0013,1365,
2022-10-17,S001_P0013,1117,
2022-10-24,S001_P0013,1131,
2022-10-31,S001_P0013,1001,
2022-11-07,S001_P0013,640,
2022-11-14,S001_P0013,510,
2022-11-21,S001_P0013,874,
2022-11-28,S001_P0013,913,
2022-12-05,S001_P0013,1587,
2022-12-12,S001_P0013,1036,
2022-12-19,S001_P0013,1024,
2022-12-26,S001_P0013,1602,
2023-01-02,S001_P0013,482,704.0
2023-01-09,S001_P0013,1083,1514.0
2023-01-16,S001_P0013,1132,312.0
2023-01-23,S001_P0013,1293,998.0
2023-01-30,S001_P0013,515,680.0
2023-02-06,S001_P0013,347,907.0
2023-02-13,S001_P0013,848,1059.0
2023-02-20,S001_P0013,1738,931.0
2023-02-27,S001_P0013,365,1205.0
2023-03-06,S001_P0013,822,1123.0
2023-03-13,S001_P0013,1447,636.0
2023-03-20,S001_P0013,585,1219.0
2023-03-27,S001_P0013,903,1021.0
2023-04-03,S001_P0013,743,1188.0
2023-04-10,S001_P0013,931,841.0
2023-04-17,S001_P0013,784,1032.0
2023-04-24,S001_P0013,1162,758.0
2023-05-01,S001_P0013,650,872.0
2023-05-08,S001_P0013,442,815.0
2023-05-15,S001_P0013,873,735.0
2023-05-22,S001_P0013,1119,1061.0
2023-05-29,S001_P0013,952,353.0
2023-06-05,S001_P0013,1189,471.0
2023-06-12,S001_P0013,578,893.0
2023-06-19,S001_P0013,807,761.0
2023-06-26,S001_P0013,1059,907.0
2023-07-03,S001_P0013,1411,1180.0
2023-07-10,S001_P0013,1044,692.0
2023-07-17,S001_P0013,1064,1345.0
2023-07-24,S001_P0013,906,523.0
2023-07-31,S001_P0013,811,1069.0
2023-08-07,S001_P0013,1450,1503.0
2023-08-14,S001_P0013,846,571.0
2023-08-21,S001_P0013,779,782.0
2023-08-28,S001_P0013,893,970.0
2023-09-04,S001_P0013,995,902.0
2023-09-11,S001_P0013,806,1199.0
2023-09-18,S001_P0013,1042,1019.0
2023-09-25,S001_P0013,742,944.0
2023-10-02,S001_P0013,1174,1264.0
2023-10-09,S001_P0013,902,1365.0
2023-10-16,S001_P0013,1034,1117.0
2023-10-23,S001_P0013,586,1131.0
2023-10-30,S001_P0013,1215,1001.0
2023-11-06,S001_P0013,897,640.0
2023-11-13,S001_P0013,919,510.0
2023-11-20,S001_P0013,508,874.0
2023-11-27,S001_P0013,558,913.0
2023-12-04,S001_P0013,1276,1587.0
2023-12-11,S001_P0013,738,1036.0
2023-12-18,S001_P0013,760,1024.0
2023-12-25,S001_P0013,874,1602.0
2022-01-03,S001_P0014,818,
2022-01-10,S001_P0014,739,
2022-01-17,S001_P0014,447,
2022-01-24,S001_P0014,1068,
2022-01-31,S001_P0014,823,
2022-02-07,S001_P0014,791,
2022-02-14,S001_P0014,1028,
2022-02-21,S001_P0014,1677,
2022-02-28,S001_P0014,826,
2022-03-07,S001_P0014,482,
2022-03-14,S001_P0014,870,
2022-03-21,S001_P0014,1246,
2022-03-28,S001_P0014,1040,
2022-04-04,S001_P0014,629,
2022-04-11,S001_P0014,908,
2022-04-18,S001_P0014,697,
2022-04-25,S001_P0014,708,
2022-05-02,S001_P0014,878,
2022-05-09,S001_P0014,553,
2022-05-16,S001_P0014,650,
2022-05-23,S001_P0014,1166,
2022-05-30,S001_P0014,911,
2022-06-06,S001_P0014,665,
2022-06-13,S001_P0014,970,
2022-06-20,S001_P0014,741,
2022-06-27,S001_P0014,699,
2022-07-04,S001_P0014,1107,
2022-07-11,S001_P0014,704,
2022-07-18,S001_P0014,1166,
2022-07-25,S001_P0014,760,
2022-08-01,S001_P0014,624,
2022-08-08,S001_P0014,549,
2022-08-15,S001_P0014,1198,
2022-08-22,S001_P0014,1087,
2022-08-29,S001_P0014,1250,
2022-09-05,S001_P0014,588,
2022-09-12,S001_P0014,1340,
2022-09-19,S001_P0014,1118,
2022-09-26,S001_P0014,1098,
2022-10-03,S001_P0014,946,
2022-10-10,S001_P0014,714,
2022-10-17,S001_P0014,1483,
2022-10-24,S001_P0014,1144,
2022-10-31,S001_P0014,1081,
2022-11-07,S001_P0014,1066,
2022-11-14,S001_P0014,929,
2022-11-21,S001_P0014,601,
2022-11-28,S001_P0014,1271,
2022-12-05,S001_P0014,1360,
2022-12-12,S001_P0014,983,
2022-12-19,S001_P0014,1060,
2022-12-26,S001_P0014,1784,
2023-01-02,S001_P0014,1067,818.0
2023-01-09,S001_P0014,1678,739.0
2023-01-16,S001_P0014,633,447.0
2023-01-23,S001_P0014,793,1068.0
2023-01-30,S001_P0014,786,823.0
2023-02-06,S001_P0014,1667,791.0
2023-02-13,S001_P0014,603,1028.0
2023-02-20,S001_P0014,1152,1677.0
2023-02-27,S001_P0014,1114,826.0
2023-03-06,S001_P0014,767,482.0
2023-03-13,S001_P0014,759,870.0
2023-03-20,S001_P0014,664,1246.0
2023-03-27,S001_P0014,995,1040.0
2023-04-03,S001_P0014,1123,629.0
2023-04-10,S001_P0014,989,908.0
2023-04-17,S001_P0014,1120,697.0
2023-04-24,S001_P0014,1268,708.0
2023-05-01,S001_P0014,961,878.0
2023-05-08,S001_P0014,468,553.0
2023-05-15,S001_P0014,1053,650.0
2023-05-22,S001_P0014,769,1166.0
2023-05-29,S001_P0014,936,911.0
2023-06-05,S001_P0014,550,665.0
2023-06-12,S001_P0014,808,970.0
2023-06-19,S001_P0014,775,741.0
2023-06-26,S001_P0014,486,699.0
2023-07-03,S001_P0014,1257,1107.0
2023-07-10,S001_P0014,1317,704.0
2023-07-17,S001_P0014,564,1166.0
2023-07-24,S001_P0014,1016,760.0
2023-07-31,S001_P0014,1103,624.0
2023-08-07,S001_P0014,1039,549.0
2023-08-14,S001_P0014,1410,1198.0
2023-08-21,S001_P0014,616,1087.0
2023-08-28,S001_P0014,1328,1250.0
2023-09-04,S001_P0014,1375,588.0
2023-09-11,S001_P0014,789,1340.0
2023-09-18,S001_P0014,685,1118.0
2023-09-25,S001_P0014,612,1098.0
2023-10-02,S001_P0014,1200,946.0
2023-10-09,S001_P0014,1002,714.0
2023-10-16,S001_P0014,1229,1483.0
2023-10-23,S001_P0014,804,1144.0
2023-10-30,S001_P0014,1151,1081.0
2023-11-06,S001_P0014,1139,1066.0
2023-11-13,S001_P0014,1021,929.0
2023-11-20,S001_P0014,1003,601.0
2023-11-27,S001_P0014,776,1271.0
2023-12-04,S001_P0014,1071,1360.0
2023-12-11,S001_P0014,981,983.0
2023-12-18,S001_P0014,1129,1060.0
2023-12-25,S001_P0014,959,1784.0
2022-01-03,S001_P0015,1503,
2022-01-10,S001_P0015,964,
2022-01-17,S001_P0015,996,
2022-01-24,S001_P0015,678,
2022-01-31,S001_P0015,997,
2022-02-07,S001_P0015,397,
2022-02-14,S001_P0015,1114,
2022-02-21,S001_P0015,1361,
2022-02-28,S001_P0015,1266,
2022-03-07,S001_P0015,799,
2022-03-14,S001_P0015,971,
2022-03-21,S001_P0015,1213,
2022-03-28,S001_P0015,719,
2022-04-04,S001_P0015,758,
2022-04-11,S001_P0015,656,
2022-04-18,S001_P0015,1696,
2022-04-25,S001_P0015,1363,
2022-05-02,S001_P0015,944,
2022-05-09,S001_P0015,706,
2022-05-16,S001_P0015,1273,
2022-05-23,S001_P0015,880,
2022-05-30,S001_P0015,699,
2022-06-06,S001_P0015,832,
2022-06-13,S001_P0015,1577,
2022-06-20,S001_P0015,598,
2022-06-27,S001_P0015,725,
2022-07-04,S001_P0015,1104,
2022-07-11,S001_P0015,1322,
2022-07-18,S001_P0015,773,
2022-07-25,S001_P0015,1098,
2022-08-01,S001_P0015,444,
2022-08-08,S001_P0015,1195,
2022-08-15,S001_P0015,824,
2022-08-22,S001_P0015,479,
2022-08-29,S001_P0015,965,
2022-09-05,S001_P0015,1134,
2022-09-12,S001_P0015,421,
2022-09-19,S001_P0015,768,
2022-09-26,S001_P0015,1184,
2022-10-03,S001_P0015,533,
2022-10-10,S001_P0015,1203,
2022-10-17,S001_P0015,919,
2022-10-24,S001_P0015,951,
2022-10-31,S001_P0015,1169,
2022-11-07,S001_P0015,629,
2022-11-14,S001_P0015,921,
2022-11-21,S001_P0015,1323,
2022-11-28,S001_P0015,1001,
2022-12-05,S001_P0015,715,
2022-12-12,S001_P0015,744,
2022-12-19,S001_P0015,566,
2022-12-26,S001_P0015,1391,
2023-01-02,S001_P0015,1083,1503.0
2023-01-09,S001_P0015,1130,964.0
2023-01-16,S001_P0015,1199,996.0
2023-01-23,S001_P0015,898,678.0
2023-01-30,S001_P0015,814,997.0
2023-02-06,S001_P0015,1300,397.0
2023-02-13,S001_P0015,628,1114.0
2023-02-20,S001_P0015,790,1361.0
2023-02-27,S001_P0015,981,1266.0
2023-03-06,S001_P0015,568,799.0
2023-03-13,S001_P0015,1217,971.0
2023-03-20,S001_P0015,656,1213.0
2023-03-27,S001_P0015,533,719.0
2023-04-03,S001_P0015,1042,758.0
2023-04-10,S001_P0015,578,656.0
2023-04-17,S001_P0015,994,1696.0
2023-04-24,S001_P0015,1484,1363.0
2023-05-01,S001_P0015,879,944.0
2023-05-08,S001_P0015,1411,706.0
2023-05-15,S001_P0015,1142,1273.0
2023-05-22,S001_P0015,1026,880.0
2023-05-29,S001_P0015,661,699.0
2023-06-05,S001_P0015,756,832.0
2023-06-12,S001_P0015,851,1577.0
2023-06-19,S001_P0015,1565,598.0
2023-06-26,S001_P0015,911,725.0
2023-07-03,S001_P0015,1490,1104.0
2023-07-10,S001_P0015,1408,1322.0
2023-07-17,S001_P0015,865,773.0
2023-07-24,S001_P0015,1200,1098.0
2023-07-31,S001_P0015,1119,444.0
2023-08-07,S001_P0015,646,1195.0
2023-08-14,S001_P0015,1087,824.0
2023-08-21,S001_P0015,1369,479.0
2023-08-28,S001_P0015,794,965.0
2023-09-04,S001_P0015,452,1134.0
2023-09-11,S001_P0015,1323,421.0
2023-09-18,S001_P0015,810,768.0
2023-09-25,S001_P0015,1052,1184.0
2023-10-02,S001_P0015,1558,533.0
2023-10-09,S001_P0015,890,1203.0
2023-10-16,S001_P0015,957,919.0
2023-10-23,S001_P0015,930,951.0
2023-10-30,S001_P0015,710,1169.0
2023-11-06,S001_P0015,957,629.0
2023-11-13,S001_P0015,434,921.0
2023-11-20,S001_P0015,770,1323.0
2023-11-27,S001_P0015,1534,1001.0
2023-12-04,S001_P0015,539,715.0
2023-12-11,S001_P0015,1027,744.0
2023-12-18,S001_P0015,823,566.0
2023-12-25,S001_P0015,669,1391.0
2022-01-03,S001_P0016,921,
2022-01-10,S001_P0016,1027,
2022-01-17,S001_P0016,599,
2022-01-24,S001_P0016,354,
2022-01-31,S001_P0016,845,
2022-02-07,S001_P0016,682,
2022-02-14,S001_P0016,1319,
2022-02-21,S001_P0016,1229,
2022-02-28,S001_P0016,695,
2022-03-07,S001_P0016,809,
2022-03-14,S001_P0016,945,
2022-03-21,S001_P0016,908,
2022-03-28,S001_P0016,1068,
2022-04-04,S001_P0016,518,
2022-04-11,S001_P0016,966,
2022-04-18,S001_P0016,675,
2022-04-25,S001_P0016,503,
2022-05-02,S001_P0016,865,
2022-05-09,S001_P0016,817,
2022-05-16,S001_P0016,611,
2022-05-23,S001_P0016,713,
2022-05-30,S001_P0016,696,
2022-06-06,S001_P0016,339,
2022-06-13,S001_P0016,1426,
2022-06-20,S001_P0016,800,
2022-06-27,S001_P0016,997,
2022-07-04,S001_P0016,815,
2022-07-11,S001_P0016,1495,
2022-07-18,S001_P0016,1053,
2022-07-25,S001_P0016,965,
2022-08-01,S001_P0016,1139,
2022-08-08,S001_P0016,1116,
2022-08-15,S001_P0016,853,
2022-08-22,S001_P0016,812,
2022-08-29,S001_P0016,638,
2022-09-05,S001_P0016,1179,
2022-09-12,S001_P0016,660,
2022-09-19,S001_P0016,1127,
2022-09-26,S001_P0016,1163,
2022-10-03,S001_P0016,593,
2022-10-10,S001_P0016,644,
2022-10-17,S001_P0016,1313,
2022-10-24,S001_P0016,451,
2022-10-31,S001_P0016,1147,
2022-11-07,S001_P0016,923,
2022-11-14,S001_P0016,1307,
2022-11-21,S001_P0016,1107,
2022-11-28,S001_P0016,1038,
2022-12-05,S001_P0016,664,
2022-12-12,S001_P0016,800,
2022-12-19,S001_P0016,754,
2022-12-26,S001_P0016,652,
2023-01-02,S001_P0016,1020,921.0
2023-01-09,S001_P0016,611,1027.0
2023-01-16,S001_P0016,905,599.0
2023-01-23,S001_P0016,1454,354.0
2023-01-30,S001_P0016,1118,845.0
2023-02-06,S001_P0016,680,682.0
2023-02-13,S001_P0016,676,1319.0
2023-02-20,S001_P0016,624,1229.0
2023-02-27,S001_P0016,1070,695.0
2023-03-06,S001_P0016,837,809.0
2023-03-13,S001_P0016,1298,945.0
2023-03-20,S001_P0016,1576,908.0
2023-03-27,S001_P0016,772,1068.0
2023-04-03,S001_P0016,1077,518.0
2023-04-10,S001_P0016,1399,966.0
2023-04-17,S001_P0016,833,675.0
2023-04-24,S001_P0016,808,503.0
2023-05-01,S001_P0016,1081,865.0
2023-05-08,S001_P0016,524,817.0
2023-05-15,S001_P0016,826,611.0
2023-05-22,S001_P0016,867,713.0
2023-05-29,S001_P0016,501,696.0
2023-06-05,S001_P0016,1043,339.0
2023-06-12,S001_P0016,801,1426.0
2023-06-19,S001_P0016,965,800.0
2023-06-26,S001_P0016,887,997.0
2023-07-03,S001_P0016,1130,815.0
2023-07-10,S001_P0016,1692,1495.0
2023-07-17,S001_P0016,1193,1053.0
2023-07-24,S001_P0016,650,965.0
2023-07-31,S001_P0016,982,1139.0
2023-08-07,S001_P0016,381,1116.0
2023-08-14,S001_P0016,1296,853.0
2023-08-21,S001_P0016,1159,812.0
2023-08-28,S001_P0016,603,638.0
2023-09-04,S001_P0016,998,1179.0
2023-09-11,S001_P0016,1754,660.0
2023-09-18,S001_P0016,903,1127.0
2023-09-25,S001_P0016,870,1163.0
2023-10-02,S001_P0016,582,593.0
2023-10-09,S001_P0016,941,644.0
2023-10-16,S001_P0016,1205,1313.0
2023-10-23,S001_P0016,1477,451.0
2023-10-30,S001_P0016,1513,1147.0
2023-11-06,S001_P0016,613,923.0
2023-11-13,S001_P0016,871,1307.0
2023-11-20,S001_P0016,1086,1107.0
2023-11-27,S001_P0016,483,1038.0
2023-12-04,S001_P0016,933,664.0
2023-12-11,S001_P0016,1126,800.0
2023-12-18,S001_P0016,1377,754.0
2023-12-25,S001_P0016,1023,652.0
2022-01-03,S001_P0017,1168,
2022-01-10,S001_P0017,666,
2022-01-17,S001_P0017,1262,
2022-01-24,S001_P0017,734,
2022-01-31,S001_P0017,1439,
2022-02-07,S001_P0017,1123,
2022-02-14,S001_P0017,995,
2022-02-21,S001_P0017,1395,
2022-02-28,S001_P0017,855,
2022-03-07,S001_P0017,789,
2022-03-14,S001_P0017,1107,
2022-03-21,S001_P0017,1065,
2022-03-28,S001_P0017,860,
2022-04-04,S001_P0017,1036,
2022-04-11,S001_P0017,1073,
2022-04-18,S001_P0017,939,
2022-04-25,S001_P0017,909,
2022-05-02,S001_P0017,274,
2022-05-09,S001_P0017,942,
2022-05-16,S001_P0017,752,
2022-05-23,S001_P0017,1071,
2022-05-30,S001_P0017,1108,
2022-06-06,S001_P0017,795,
2022-06-13,S001_P0017,595,
2022-06-20,S001_P0017,654,
2022-06-27,S001_P0017,702,
2022-07-04,S001_P0017,445,
2022-07-11,S001_P0017,778,
2022-07-18,S001_P0017,583,
2022-07-25,S001_P0017,755,
2022-08-01,S001_P0017,985,
2022-08-08,S001_P0017,680,
2022-08-15,S001_P0017,816,
2022-08-22,S001_P0017,653,
2022-08-29,S001_P0017,887,
2022-09-05,S001_P0017,429,
2022-09-12,S001_P0017,886,
2022-09-19,S001_P0017,792,
2022-09-26,S001_P0017,686,
2022-10-03,S001_P0017,1736,
2022-10-10,S001_P0017,580,
2022-10-17,S001_P0017,1150,
2022-10-24,S001_P0017,883,
2022-10-31,S001_P0017,934,
2022-11-07,S001_P0017,1254,
2022-11-14,S001_P0017,891,
2022-11-21,S001_P0017,879,
2022-11-28,S001_P0017,869,
2022-12-05,S001_P0017,916,
2022-12-12,S001_P0017,675,
2022-12-19,S001_P0017,589,
2022-12-26,S001_P0017,963,
2023-01-02,S001_P0017,954,1168.0
2023-01-09,S001_P0017,885,666.0
2023-01-16,S001_P0017,787,1262.0
2023-01-23,S001_P0017,1264,734.0
2023-01-30,S001_P0017,725,1439.0
2023-02-06,S001_P0017,1204,1123.0
2023-02-13,S001_P0017,1221,995.0
2023-02-20,S001_P0017,983,1395.0
2023-02-27,S001_P0017,1286,855.0
2023-03-06,S001_P0017,819,789.0
2023-03-13,S001_P0017,887,1107.0
2023-03-20,S001_P0017,1366,1065.0
2023-03-27,S001_P0017,991,860.0
2023-04-03,S001_P0017,768,1036.0
2023-04-10,S001_P0017,1027,1073.0
2023-04-17,S001_P0017,854,939.0
2023-04-24,S001_P0017,855,909.0
2023-05-01,S001_P0017,418,274.0
2023-05-08,S001_P0017,1362,942.0
2023-05-15,S001_P0017,1159,752.0
2023-05-22,S001_P0017,994,1071.0
2023-05-29,S001_P0017,887,1108.0
2023-06-05,S001_P0017,1228,795.0
2023-06-12,S001_P0017,1610,595.0
2023-06-19,S001_P0017,543,654.0
2023-06-26,S001_P0017,1248,702.0
2023-07-03,S001_P0017,902,445.0
2023-07-10,S001_P0017,786,778.0
2023-07-17,S001_P0017,910,583.0
2023-07-24,S001_P0017,1370,755.0
2023-07-31,S001_P0017,1483,985.0
2023-08-07,S001_P0017,1201,680.0
2023-08-14,S001_P0017,1330,816.0
2023-08-21,S001_P0017,981,653.0
2023-08-28,S001_P0017,734,887.0
2023-09-04,S001_P0017,724,429.0
2023-09-11,S001_P0017,865,886.0
2023-09-18,S001_P0017,1040,792.0
2023-09-25,S001_P0017,929,686.0
2023-10-02,S001_P0017,1051,1736.0
2023-10-09,S001_P0017,1248,580.0
2023-10-16,S001_P0017,1248,1150.0
2023-10-23,S001_P0017,1184,883.0
2023-10-30,S001_P0017,1173,934.0
2023-11-06,S001_P0017,1151,1254.0
2023-11-13,S001_P0017,729,891.0
2023-11-20,S001_P0017,1206,879.0
2023-11-27,S001_P0017,1301,869.0
2023-12-04,S001_P0017,687,916.0
2023-12-11,S001_P0017,771,675.0
2023-12-18,S001_P0017,755,589.0
2023-12-25,S001_P0017,1061,963.0
2022-01-03,S001_P0018,932,
2022-01-10,S001_P0018,822,
2022-01-17,S001_P0018,1570,
2022-01-24,S001_P0018,1164,
2022-01-31,S001_P0018,1156,
2022-02-07,S001_P0018,982,
2022-02-14,S001_P0018,703,
2022-02-21,S001_P0018,1700,
2022-02-28,S001_P0018,1154,
2022-03-07,S001_P0018,858,
2022-03-14,S001_P0018,806,
2022-03-21,S001_P0018,979,
2022-03-28,S001_P0018,511,
2022-04-04,S001_P0018,904,
2022-04-11,S001_P0018,607,
2022-04-18,S001_P0018,1010,
2022-04-25,S001_P0018,1237,
2022-05-02,S001_P0018,944,
2022-05-09,S001_P0018,1434,
2022-05-16,S001_P0018,983,
2022-05-23,S001_P0018,834,
2022-05-30,S001_P0018,1737,
2022-06-06,S001_P0018,839,
2022-06-13,S001_P0018,1024,
2022-06-20,S001_P0018,1059,
2022-06-27,S001_P0018,1110,
2022-07-04,S001_P0018,1011,
2022-07-11,S001_P0018,679,
2022-07-18,S001_P0018,730,
2022-07-25,S001_P0018,290,
2022-08-01,S001_P0018,1162,
2022-08-08,S001_P0018,654,
2022-08-15,S001_P0018,1071,
2022-08-22,S001_P0018,905,
2022-08-29,S001_P0018,1498,
2022-09-05,S001_P0018,1500,
2022-09-12,S001_P0018,801,
2022-09-19,S001_P0018,653,
2022-09-26,S001_P0018,1085,
2022-10-03,S001_P0018,1248,
2022-10-10,S001_P0018,918,
2022-10-17,S001_P0018,794,
2022-10-24,S001_P0018,1040,
2022-10-31,S001_P0018,833,
2022-11-07,S001_P0018,825,
2022-11-14,S001_P0018,723,
2022-11-21,S001_P0018,496,
2022-11-28,S001_P0018,1087,
2022-12-05,S001_P0018,674,
2022-12-12,S001_P0018,986,
2022-12-19,S001_P0018,507,
2022-12-26,S001_P0018,541,
2023-01-02,S001_P0018,638,932.0
2023-01-09,S001_P0018,782,822.0
2023-01-16,S001_P0018,961,1570.0
2023-01-23,S001_P0018,923,1164.0
2023-01-30,S001_P0018,775,1156.0
2023-02-06,S001_P0018,672,982.0
2023-02-13,S001_P0018,1509,703.0
2023-02-20,S001_P0018,1556,1700.0
2023-02-27,S001_P0018,1211,1154.0
2023-03-06,S001_P0018,542,858.0
2023-03-13,S001_P0018,697,806.0
2023-03-20,S001_P0018,1156,979.0
2023-03-27,S001_P0018,1277,511.0
2023-04-03,S001_P0018,1173,904.0
2023-04-10,S001_P0018,1316,607.0
2023-04-17,S001_P0018,958,1010.0
2023-04-24,S001_P0018,950,1237.0
2023-05-01,S001_P0018,915,944.0
2023-05-08,S001_P0018,1056,1434.0
2023-05-15,S001_P0018,1289,983.0
2023-05-22,S001_P0018,941,834.0
2023-05-29,S001_P0018,563,1737.0
2023-06-05,S001_P0018,764,839.0
2023-06-12,S001_P0018,868,1024.0
2023-06-19,S001_P0018,636,1059.0
2023-06-26,S001_P0018,632,1110.0
2023-07-03,S001_P0018,619,1011.0
2023-07-10,S001_P0018,1647,679.0
2023-07-17,S001_P0018,1362,730.0
2023-07-24,S001_P0018,1064,290.0
2023-07-31,S001_P0018,1167,1162.0
2023-08-07,S001_P0018,1043,654.0
2023-08-14,S001_P0018,924,1071.0
2023-08-21,S001_P0018,831,905.0
2023-08-28,S001_P0018,1226,1498.0
2023-09-04,S001_P0018,892,1500.0
2023-09-11,S001_P0018,829,801.0
2023-09-18,S001_P0018,1410,653.0
2023-09-25,S001_P0018,1173,1085.0
2023-10-02,S001_P0018,1263,1248.0
2023-10-09,S001_P0018,1372,918.0
2023-10-16,S001_P0018,1005,794.0
2023-10-23,S001_P0018,1121,1040.0
2023-10-30,S001_P0018,948,833.0
2023-11-06,S001_P0018,1331,825.0
2023-11-13,S001_P0018,772,723.0
2023-11-20,S001_P0018,1074,496.0
2023-11-27,S001_P0018,665,1087.0
2023-12-04,S001_P0018,1205,674.0
2023-12-11,S001_P0018,604,986.0
2023-12-18,S001_P0018,642,507.0
2023-12-25,S001_P0018,534,541.0
2022-01-03,S001_P0019,744,
2022-01-10,S001_P0019,1742,
2022-01-17,S001_P0019,731,
2022-01-24,S001_P0019,522,
2022-01-31,S001_P0019,948,
2022-02-07,S001_P0019,912,
2022-02-14,S001_P0019,1076,
2022-02-21,S001_P0019,623,
2022-02-28,S001_P0019,792,
2022-03-07,S001_P0019,1159,
2022-03-14,S001_P0019,1036,
2022-03-21,S001_P0019,1155,
2022-03-28,S001_P0019,593,
2022-04-04,S001_P0019,1148,
2022-04-11,S001_P0019,558,
2022-04-18,S001_P0019,1378,
2022-04-25,S001_P0019,636,
2022-05-02,S001_P0019,1032,
2022-05-09,S001_P0019,1012,
2022-05-16,S001_P0019,459,
2022-05-23,S001_P0019,930,
2022-05-30,S001_P0019,611,
2022-06-06,S001_P0019,1002,
2022-06-13,S001_P0019,1176,
2022-06-20,S001_P0019,1435,
2022-06-27,S001_P0019,712,
2022-07-04,S001_P0019,815,
2022-07-11,S001_P0019,1128,
2022-07-18,S001_P0019,487,
2022-07-25,S001_P0019,787,
2022-08-01,S001_P0019,916,
2022-08-08,S001_P0019,1013,
2022-08-15,S001_P0019,690,
2022-08-22,S001_P0019,697,
2022-08-29,S001_P0019,828,
2022-09-05,S001_P0019,1379,
2022-09-12,S001_P0019,1317,
2022-09-19,S001_P0019,1077,
2022-09-26,S001_P0019,2196,
2022-10-03,S001_P0019,823,
2022-10-10,S001_P0019,734,
2022-10-17,S001_P0019,1105,
2022-10-24,S001_P0019,603,
2022-10-31,S001_P0019,1379,
2022-11-07,S001_P0019,407,
2022-11-14,S001_P0019,1381,
2022-11-21,S001_P0019,1557,
2022-11-28,S001_P0019,843,
2022-12-05,S001_P0019,948,
2022-12-12,S001_P0019,1018,
2022-12-19,S001_P0019,1875,
2022-12-26,S001_P0019,505,
2023-01-02,S001_P0019,751,744.0
2023-01-09,S001_P0019,1057,1742.0
2023-01-16,S001_P0019,732,731.0
2023-01-23,S001_P0019,935,522.0
2023-01-30,S001_P0019,1584,948.0
2023-02-06,S001_P0019,885,912.0
2023-02-13,S001_P0019,808,1076.0
2023-02-20,S001_P0019,1216,623.0
2023-02-27,S001_P0019,883,792.0
2023-03-06,S001_P0019,787,1159.0
2023-03-13,S001_P0019,888,1036.0
2023-03-20,S001_P0019,1174,1155.0
2023-03-27,S001_P0019,1081,593.0
2023-04-03,S001_P0019,779,1148.0
2023-04-10,S001_P0019,720,558.0
2023-04-17,S001_P0019,568,1378.0
2023-04-24,S001_P0019,1082,636.0
2023-05-01,S001_P0019,1259,1032.0
2023-05-08,S001_P0019,1629,1012.0
2023-05-15,S001_P0019,1279,459.0
2023-05-22,S001_P0019,367,930.0
2023-05-29,S001_P0019,723,611.0
2023-06-05,S001_P0019,718,1002.0
2023-06-12,S001_P0019,569,1176.0
2023-06-19,S001_P0019,679,1435.0
2023-06-26,S001_P0019,635,712.0
2023-07-03,S001_P0019,828,815.0
2023-07-10,S001_P0019,545,1128.0
2023-07-17,S001_P0019,685,487.0
2023-07-24,S001_P0019,844,787.0
2023-07-31,S001_P0019,1125,916.0
2023-08-07,S001_P0019,1013,1013.0
2023-08-14,S001_P0019,1014,690.0
2023-08-21,S001_P0019,1036,697.0
2023-08-28,S001_P0019,1330,828.0
2023-09-04,S001_P0019,1034,1379.0
2023-09-11,S001_P0019,1091,1317.0
2023-09-18,S001_P0019,870,1077.0
2023-09-25,S001_P0019,1193,2196.0
2023-10-02,S001_P0019,597,823.0
2023-10-09,S001_P0019,691,734.0
2023-10-16,S001_P0019,942,1105.0
2023-10-23,S001_P0019,811,603.0
2023-10-30,S001_P0019,1091,1379.0
2023-11-06,S001_P0019,787,407.0
2023-11-13,S001_P0019,828,1381.0
2023-11-20,S001_P0019,1070,1557.0
2023-11-27,S001_P0019,753,843.0
2023-12-04,S001_P0019,734,948.0
2023-12-11,S001_P0019,982,1018.0
2023-12-18,S001_P0019,956,1875.0
2023-12-25,S001_P0019,810,505.0
2022-01-03,S001_P0020,510,
2022-01-10,S001_P0020,1123,
2022-01-17,S001_P0020,574,
2022-01-24,S001_P0020,843,
2022-01-31,S001_P0020,994,
2022-02-07,S001_P0020,926,
2022-02-14,S001_P0020,757,
2022-02-21,S001_P0020,1489,
2022-02-28,S001_P0020,991,
2022-03-07,S001_P0020,1148,
2022-03-14,S001_P0020,755,
2022-03-21,S001_P0020,1481,
2022-03-28,S001_P0020,1275,
2022-04-04,S001_P0020,1590,
2022-04-11,S001_P0020,893,
2022-04-18,S001_P0020,672,
2022-04-25,S001_P0020,1015,
2022-05-02,S001_P0020,1458,
2022-05-09,S001_P0020,952,
2022-05-16,S001_P0020,868,
2022-05-23,S001_P0020,737,
2022-05-30,S001_P0020,1122,
2022-06-06,S001_P0020,1581,
2022-06-13,S001_P0020,1422,
2022-06-20,S001_P0020,734,
2022-06-27,S001_P0020,768,
2022-07-04,S001_P0020,794,
2022-07-11,S001_P0020,1304,
2022-07-18,S001_P0020,1647,
2022-07-25,S001_P0020,911,
2022-08-01,S001_P0020,413,
2022-08-08,S001_P0020,628,
2022-08-15,S001_P0020,1215,
2022-08-22,S001_P0020,505,
2022-08-29,S001_P0020,725,
2022-09-05,S001_P0020,1157,
2022-09-12,S001_P0020,746,
2022-09-19,S001_P0020,1678,
2022-09-26,S001_P0020,452,
2022-10-03,S001_P0020,647,
2022-10-10,S001_P0020,1679,
2022-10-17,S001_P0020,1033,
2022-10-24,S001_P0020,1559,
2022-10-31,S001_P0020,1220,
2022-11-07,S001_P0020,810,
2022-11-14,S001_P0020,734,
2022-11-21,S001_P0020,607,
2022-11-28,S001_P0020,468,
2022-12-05,S001_P0020,1291,
2022-12-12,S001_P0020,911,
2022-12-19,S001_P0020,1374,
2022-12-26,S001_P0020,706,
2023-01-02,S001_P0020,1085,510.0
2023-01-09,S001_P0020,1058,1123.0
2023-01-16,S001_P0020,1451,574.0
2023-01-23,S001_P0020,1600,843.0
2023-01-30,S001_P0020,1217,994.0
2023-02-06,S001_P0020,1171,926.0
2023-02-13,S001_P0020,1852,757.0
2023-02-20,S001_P0020,814,1489.0
2023-02-27,S001_P0020,862,991.0
2023-03-06,S001_P0020,1020,1148.0
2023-03-13,S001_P0020,904,755.0
2023-03-20,S001_P0020,645,1481.0
2023-03-27,S001_P0020,1137,1275.0
2023-04-03,S001_P0020,826,1590.0
2023-04-10,S001_P0020,730,893.0
2023-04-17,S001_P0020,588,672.0
2023-04-24,S001_P0020,1360,1015.0
2023-05-01,S001_P0020,1013,1458.0
2023-05-08,S001_P0020,919,952.0
2023-05-15,S001_P0020,858,868.0
2023-05-22,S001_P0020,576,737.0
2023-05-29,S001_P0020,475,1122.0
2023-06-05,S001_P0020,722,1581.0
2023-06-12,S001_P0020,940,1422.0
2023-06-19,S001_P0020,807,734.0
2023-06-26,S001_P0020,1538,768.0
2023-07-03,S001_P0020,881,794.0
2023-07-10,S001_P0020,1429,1304.0
2023-07-17,S001_P0020,1005,1647.0
2023-07-24,S001_P0020,1152,911.0
2023-07-31,S001_P0020,872,413.0
2023-08-07,S001_P0020,569,628.0
2023-08-14,S001_P0020,623,1215.0
2023-08-21,S001_P0020,1558,505.0
2023-08-28,S001_P0020,332,725.0
2023-09-04,S001_P0020,406,1157.0
2023-09-11,S001_P0020,889,746.0
2023-09-18,S001_P0020,1256,1678.0
2023-09-25,S001_P0020,757,452.0
2023-10-02,S001_P0020,984,647.0
2023-10-09,S001_P0020,599,1679.0
2023-10-16,S001_P0020,931,1033.0
2023-10-23,S001_P0020,500,1559.0
2023-10-30,S001_P0020,977,1220.0
2023-11-06,S001_P0020,995,810.0
2023-11-13,S001_P0020,517,734.0
2023-11-20,S001_P0020,786,607.0
2023-11-27,S001_P0020,804,468.0
2023-12-04,S001_P0020,1003,1291.0
2023-12-11,S001_P0020,1322,911.0
2023-12-18,S001_P0020,790,1374.0
2023-12-25,S001_P0020,822,706.0
2022-01-03,S002_P0001,1067,
2022-01-10,S002_P0001,910,
2022-01-17,S002_P0001,482,
2022-01-24,S002_P0001,1155,
2022-01-31,S002_P0001,654,
2022-02-07,S002_P0001,1419,
2022-02-14,S002_P0001,624,
2022-02-21,S002_P0001,575,
2022-02-28,S002_P0001,876,
2022-03-07,S002_P0001,635,
2022-03-14,S002_P0001,536,
2022-03-21,S002_P0001,1123,
2022-03-28,S002_P0001,990,
2022-04-04,S002_P0001,1015,
2022-04-11,S002_P0001,966,
2022-04-18,S002_P0001,768,
2022-04-25,S002_P0001,1361,
2022-05-02,S002_P0001,1066,
2022-05-09,S002_P0001,976,
2022-05-16,S002_P0001,1265,
2022-05-23,S002_P0001,576,
2022-05-30,S002_P0001,1735,
2022-06-06,S002_P0001,1420,
2022-06-13,S002_P0001,853,
2022-06-20,S002_P0001,1543,
2022-06-27,S002_P0001,451,
2022-07-04,S002_P0001,529,
2022-07-11,S002_P0001,1237,
2022-07-18,S002_P0001,1021,
2022-07-25,S002_P0001,518,
2022-08-01,S002_P0001,247,
2022-08-08,S002_P0001,1209,
2022-08-15,S002_P0001,1178,
2022-08-22,S002_P0001,1077,
2022-08-29,S002_P0001,865,
2022-09-05,S002_P0001,910,
2022-09-12,S002_P0001,1222,
2022-09-19,S002_P0001,1302,
2022-09-26,S002_P0001,1644,
2022-10-03,S002_P0001,822,
2022-10-10,S002_P0001,1095,
2022-10-17,S002_P0001,974,
2022-10-24,S002_P0001,741,
2022-10-31,S002_P0001,1360,
2022-11-07,S002_P0001,907,
2022-11-14,S002_P0001,1304,
2022-11-21,S002_P0001,1231,
2022-11-28,S002_P0001,876,
2022-12-05,S002_P0001,1595,
2022-12-12,S002_P0001,1324,
2022-12-19,S002_P0001,1003,
2022-12-26,S002_P0001,808,
2023-01-02,S002_P0001,1251,1067.0
2023-01-09,S002_P0001,793,910.0
2023-01-16,S002_P0001,877,482.0
2023-01-23,S002_P0001,1281,1155.0
2023-01-30,S002_P0001,790,654.0
2023-02-06,S002_P0001,383,1419.0
2023-02-13,S002_P0001,1051,624.0
2023-02-20,S002_P0001,945,575.0
2023-02-27,S002_P0001,1449,876.0
2023-03-06,S002_P0001,1256,635.0
2023-03-13,S002_P0001,1057,536.0
2023-03-20,S002_P0001,1202,1123.0
2023-03-27,S002_P0001,1114,990.0
2023-04-03,S002_P0001,798,1015.0
2023-04-10,S002_P0001,958,966.0
2023-04-17,S002_P0001,1457,768.0
2023-04-24,S002_P0001,1154,1361.0
2023-05-01,S002_P0001,727,1066.0
2023-05-08,S002_P0001,769,976.0
2023-05-15,S002_P0001,1114,1265.0
2023-05-22,S002_P0001,1197,576.0
2023-05-29,S002_P0001,1046,1735.0
2023-06-05,S002_P0001,821,1420.0
2023-06-12,S002_P0001,1683,853.0
2023-06-19,S002_P0001,742,1543.0
2023-06-26,S002_P0001,993,451.0
2023-07-03,S002_P0001,392,529.0
2023-07-10,S002_P0001,1776,1237.0
2023-07-17,S002_P0001,1354,1021.0
2023-07-24,S002_P0001,1152,518.0
2023-07-31,S002_P0001,943,247.0
2023-08-07,S002_P0001,857,1209.0
2023-08-14,S002_P0001,670,1178.0
2023-08-21,S002_P0001,875,1077.0
2023-08-28,S002_P0001,1366,865.0
2023-09-04,S002_P0001,803,910.0
2023-09-11,S002_P0001,966,1222.0
2023-09-18,S002_P0001,1144,1302.0
2023-09-25,S002_P0001,901,1644.0
2023-10-02,S002_P0001,1216,822.0
2023-10-09,S002_P0001,1124,1095.0
2023-10-16,S002_P0001,777,974.0
2023-10-23,S002_P0001,547,741.0
2023-10-30,S002_P0001,1445,1360.0
2023-11-06,S002_P0001,712,907.0
2023-11-13,S002_P0001,1062,1304.0
2023-11-20,S002_P0001,1095,1231.0
2023-11-27,S002_P0001,768,876.0
2023-12-04,S002_P0001,874,1595.0
2023-12-11,S002_P0001,1412,1324.0
2023-12-18,S002_P0001,846,1003.0
2023-12-25,S002_P0001,1509,808.0
2022-01-03,S002_P0002,462,
2022-01-10,S002_P0002,497,
2022-01-17,S002_P0002,720,
2022-01-24,S002_P0002,795,
2022-01-31,S002_P0002,882,
2022-02-07,S002_P0002,816,
2022-02-14,S002_P0002,1043,
2022-02-21,S002_P0002,1362,
2022-02-28,S002_P0002,1345,
2022-03-07,S002_P0002,1554,
2022-03-14,S002_P0002,656,
2022-03-21,S002_P0002,1484,
2022-03-28,S002_P0002,882,
2022-04-04,S002_P0002,813,
2022-04-11,S002_P0002,678,
2022-04-18,S002_P0002,1566,
2022-04-25,S002_P0002,1010,
2022-05-02,S002_P0002,1107,
2022-05-09,S002_P0002,454,
2022-05-16,S002_P0002,1215,
2022-05-23,S002_P0002,727,
2022-05-30,S002_P0002,1001,
2022-06-06,S002_P0002,1179,
2022-06-13,S002_P0002,1022,
2022-06-20,S002_P0002,1292,
2022-06-27,S002_P0002,578,
2022-07-04,S002_P0002,815,
2022-07-11,S002_P0002,684,
2022-07-18,S002_P0002,815,
2022-07-25,S002_P0002,1082,
2022-08-01,S002_P0002,735,
2022-08-08,S002_P0002,1017,
2022-08-15,S002_P0002,460,
2022-08-22,S002_P0002,742,
2022-08-29,S002_P0002,953,
2022-09-05,S002_P0002,730,
2022-09-12,S002_P0002,497,
2022-09-19,S002_P0002,667,
2022-09-26,S002_P0002,787,
2022-10-03,S002_P0002,756,
2022-10-10,S002_P0002,779,
2022-10-17,S002_P0002,1107,
2022-10-24,S002_P0002,1451,
2022-10-31,S002_P0002,311,
2022-11-07,S002_P0002,1160,
2022-11-14,S002_P0002,335,
2022-11-21,S002_P0002,668,
2022-11-28,S002_P0002,941,
2022-12-05,S002_P0002,931,
2022-12-12,S002_P0002,661,
2022-12-19,S002_P0002,1089,
2022-12-26,S002_P0002,1047,
2023-01-02,S002_P0002,647,462.0
2023-01-09,S002_P0002,1065,497.0
2023-01-16,S002_P0002,1226,720.0
2023-01-23,S002_P0002,1173,795.0
2023-01-30,S002_P0002,940,882.0
2023-02-06,S002_P0002,885,816.0
2023-02-13,S002_P0002,907,1043.0
2023-02-20,S002_P0002,947,1362.0
2023-02-27,S002_P0002,1014,1345.0
2023-03-06,S002_P0002,671,1554.0
2023-03-13,S002_P0002,867,656.0
2023-03-20,S002_P0002,593,1484.0
2023-03-27,S002_P0002,927,882.0
2023-04-03,S002_P0002,829,813.0
2023-04-10,S002_P0002,1468,678.0
2023-04-17,S002_P0002,914,1566.0
2023-04-24,S002_P0002,1112,1010.0
2023-05-01,S002_P0002,660,1107.0
2023-05-08,S002_P0002,665,454.0
2023-05-15,S002_P0002,876,1215.0
2023-05-22,S002_P0002,1432,727.0
2023-05-29,S002_P0002,1143,1001.0
2023-06-05,S002_P0002,947,1179.0
2023-06-12,S002_P0002,1461,1022.0
2023-06-19,S002_P0002,1130,1292.0
2023-06-26,S002_P0002,1366,578.0
2023-07-03,S002_P0002,1260,815.0
2023-07-10,S002_P0002,845,684.0
2023-07-17,S002_P0002,525,815.0
2023-07-24,S002_P0002,1260,1082.0
2023-07-31,S002_P0002,1164,735.0
2023-08-07,S002_P0002,816,1017.0
2023-08-14,S002_P0002,506,460.0
2023-08-21,S002_P0002,573,742.0
2023-08-28,S002_P0002,1179,953.0
2023-09-04,S002_P0002,584,730.0
2023-09-11,S002_P0002,1171,497.0
2023-09-18,S002_P0002,1024,667.0
2023-09-25,S002_P0002,992,787.0
2023-10-02,S002_P0002,582,756.0
2023-10-09,S002_P0002,811,779.0
2023-10-16,S002_P0002,631,1107.0
2023-10-23,S002_P0002,778,1451.0
2023-10-30,S002_P0002,521,311.0
2023-11-06,S002_P0002,1168,1160.0
2023-11-13,S002_P0002,891,335.0
2023-11-20,S002_P0002,956,668.0
2023-11-27,S002_P0002,743,941.0
2023-12-04,S002_P0002,624,931.0
2023-12-11,S002_P0002,589,661.0
2023-12-18,S002_P0002,551,1089.0
2023-12-25,S002_P0002,936,1047.0
2022-01-03,S002_P0003,1092,
2022-01-10,S002_P0003,997,
2022-01-17,S002_P0003,1279,
2022-01-24,S002_P0003,699,
2022-01-31,S002_P0003,944,
2022-02-07,S002_P0003,823,
2022-02-14,S002_P0003,808,
2022-02-21,S002_P0003,931,
2022-02-28,S002_P0003,1475,
2022-03-07,S002_P0003,640,
2022-03-14,S002_P0003,729,
2022-03-21,S002_P0003,873,
2022-03-28,S002_P0003,484,
2022-04-04,S002_P0003,792,
2022-04-11,S002_P0003,1135,
2022-04-18,S002_P0003,1094,
2022-04-25,S002_P0003,1143,
2022-05-02,S002_P0003,611,
2022-05-09,S002_P0003,786,
2022-05-16,S002_P0003,707,
2022-05-23,S002_P0003,1084,
2022-05-30,S002_P0003,893,
2022-06-06,S002_P0003,689,
2022-06-13,S002_P0003,439,
2022-06-20,S002_P0003,1235,
2022-06-27,S002_P0003,708,
2022-07-04,S002_P0003,468,
2022-07-11,S002_P0003,581,
2022-07-18,S002_P0003,580,
2022-07-25,S002_P0003,1176,
2022-08-01,S002_P0003,1701,
2022-08-08,S002_P0003,844,
2022-08-15,S002_P0003,866,
2022-08-22,S002_P0003,1488,
2022-08-29,S002_P0003,1246,
2022-09-05,S002_P0003,762,
2022-09-12,S002_P0003,344,
2022-09-19,S002_P0003,712,
2022-09-26,S002_P0003,702,
2022-10-03,S002_P0003,1345,
2022-10-10,S002_P0003,727,
2022-10-17,S002_P0003,766,
2022-10-24,S002_P0003,699,
2022-10-31,S002_P0003,717,
2022-11-07,S002_P0003,534,
2022-11-14,S002_P0003,668,
2022-11-21,S002_P0003,838,
2022-11-28,S002_P0003,830,
2022-12-05,S002_P0003,1089,
2022-12-12,S002_P0003,1033,
2022-12-19,S002_P0003,773,
2022-12-26,S002_P0003,746,
2023-01-02,S002_P0003,1306,1092.0
2023-01-09,S002_P0003,1074,997.0
2023-01-16,S002_P0003,790,1279.0
2023-01-23,S002_P0003,1092,699.0
2023-01-30,S002_P0003,853,944.0
2023-02-06,S002_P0003,1036,823.0
2023-02-13,S002_P0003,1156,808.0
2023-02-20,S002_P0003,1424,931.0
2023-02-27,S002_P0003,1417,1475.0
2023-03-06,S002_P0003,1075,640.0
2023-03-13,S002_P0003,1410,729.0
2023-03-20,S002_P0003,777,873.0
2023-03-27,S002_P0003,686,484.0
2023-04-03,S002_P0003,703,792.0
2023-04-10,S002_P0003,1275,1135.0
2023-04-17,S002_P0003,900,1094.0
2023-04-24,S002_P0003,1037,1143.0
2023-05-01,S002_P0003,1365,611.0
2023-05-08,S002_P0003,832,786.0
2023-05-15,S002_P0003,1461,707.0
2023-05-22,S002_P0003,630,1084.0
2023-05-29,S002_P0003,1335,893.0
2023-06-05,S002_P0003,646,689.0
2023-06-12,S002_P0003,737,439.0
2023-06-19,S002_P0003,921,1235.0
2023-06-26,S002_P0003,1182,708.0
2023-07-03,S002_P0003,721,468.0
2023-07-10,S002_P0003,1375,581.0
2023-07-17,S002_P0003,792,580.0
2023-07-24,S002_P0003,1020,1176.0
2023-07-31,S002_P0003,585,1701.0
2023-08-07,S002_P0003,870,844.0
2023-08-14,S002_P0003,706,866.0
2023-08-21,S002_P0003,456,1488.0
2023-08-28,S002_P0003,1488,1246.0
2023-09-04,S002_P0003,957,762.0
2023-09-11,S002_P0003,1458,344.0
2023-09-18,S002_P0003,1264,712.0
2023-09-25,S002_P0003,767,702.0
2023-10-02,S002_P0003,331,1345.0
2023-10-09,S002_P0003,1047,727.0
2023-10-16,S002_P0003,1220,766.0
2023-10-23,S002_P0003,908,699.0
2023-10-30,S002_P0003,767,717.0
2023-11-06,S002_P0003,951,534.0
2023-11-13,S002_P0003,575,668.0
2023-11-20,S002_P0003,973,838.0
2023-11-27,S002_P0003,1451,830.0
2023-12-04,S002_P0003,1253,1089.0
2023-12-11,S002_P0003,992,1033.0
2023-12-18,S002_P0003,992,773.0
2023-12-25,S002_P0003,431,746.0
2022-01-03,S002_P0004,665,
2022-01-10,S002_P0004,831,
2022-01-17,S002_P0004,1871,
2022-01-24,S002_P0004,1220,
2022-01-31,S002_P0004,1359,
2022-02-07,S002_P0004,1548,
2022-02-14,S002_P0004,1185,
2022-02-21,S002_P0004,1225,
2022-02-28,S002_P0004,863,
2022-03-07,S002_P0004,778,
2022-03-14,S002_P0004,935,
2022-03-21,S002_P0004,1353,
2022-03-28,S002_P0004,524,
2022-04-04,S002_P0004,779,
2022-04-11,S002_P0004,1386,
2022-04-18,S002_P0004,477,
2022-04-25,S002_P0004,1193,
2022-05-02,S002_P0004,901,
2022-05-09,S002_P0004,774,
2022-05-16,S002_P0004,611,
2022-05-23,S002_P0004,510,
2022-05-30,S002_P0004,1212,
2022-06-06,S002_P0004,854,
2022-06-13,S002_P0004,611,
2022-06-20,S002_P0004,1267,
2022-06-27,S002_P0004,820,
2022-07-04,S002_P0004,1137,
2022-07-11,S002_P0004,686,
2022-07-18,S002_P0004,574,
2022-07-25,S002_P0004,795,
2022-08-01,S002_P0004,1228,
2022-08-08,S002_P0004,1031,
2022-08-15,S002_P0004,926,
2022-08-22,S002_P0004,1081,
2022-08-29,S002_P0004,937,
2022-09-05,S002_P0004,1071,
2022-09-12,S002_P0004,731,
2022-09-19,S002_P0004,802,
2022-09-26,S002_P0004,1128,
2022-10-03,S002_P0004,953,
2022-10-10,S002_P0004,1493,
2022-10-17,S002_P0004,1254,
2022-10-24,S002_P0004,950,
2022-10-31,S002_P0004,498,
2022-11-07,S002_P0004,1312,
2022-11-14,S002_P0004,1612,
2022-11-21,S002_P0004,1116,
2022-11-28,S002_P0004,991,
2022-12-05,S002_P0004,865,
2022-12-12,S002_P0004,1142,
2022-12-19,S002_P0004,902,
2022-12-26,S002_P0004,1248,
2023-01-02,S002_P0004,784,665.0
2023-01-09,S002_P0004,892,831.0
2023-01-16,S002_P0004,1259,1871.0
2023-01-23,S002_P0004,1432,1220.0
2023-01-30,S002_P0004,474,1359.0
2023-02-06,S002_P0004,1181,1548.0
2023-02-13,S002_P0004,1046,1185.0
2023-02-20,S002_P0004,1351,1225.0
2023-02-27,S002_P0004,1034,863.0
2023-03-06,S002_P0004,1053,778.0
2023-03-13,S002_P0004,1057,935.0
2023-03-20,S002_P0004,669,1353.0
2023-03-27,S002_P0004,1224,524.0
2023-04-03,S002_P0004,1073,779.0
2023-04-10,S002_P0004,828,1386.0
2023-04-17,S002_P0004,1032,477.0
2023-04-24,S002_P0004,1387,1193.0
2023-05-01,S002_P0004,860,901.0
2023-05-08,S002_P0004,828,774.0
2023-05-15,S002_P0004,1111,611.0
2023-05-22,S002_P0004,996,510.0
2023-05-29,S002_P0004,1014,1212.0
2023-06-05,S002_P0004,1134,854.0
2023-06-12,S002_P0004,1052,611.0
2023-06-19,S002_P0004,1247,1267.0
2023-06-26,S002_P0004,1273,820.0
2023-07-03,S002_P0004,853,1137.0
2023-07-10,S002_P0004,638,686.0
2023-07-17,S002_P0004,1347,574.0
2023-07-24,S002_P0004,674,795.0
2023-07-31,S002_P0004,495,1228.0
2023-08-07,S002_P0004,1317,1031.0
2023-08-14,S002_P0004,1218,926.0
2023-08-21,S002_P0004,464,1081.0
2023-08-28,S002_P0004,635,937.0
2023-09-04,S002_P0004,1062,1071.0
2023-09-11,S002_P0004,962,731.0
2023-09-18,S002_P0004,736,802.0
2023-09-25,S002_P0004,417,1128.0
2023-10-02,S002_P0004,785,953.0
2023-10-09,S002_P0004,723,1493.0
2023-10-16,S002_P0004,800,1254.0
2023-10-23,S002_P0004,1036,950.0
2023-10-30,S002_P0004,569,498.0
2023-11-06,S002_P0004,492,1312.0
2023-11-13,S002_P0004,1178,1612.0
2023-11-20,S002_P0004,791,1116.0
2023-11-27,S002_P0004,471,991.0
2023-12-04,S002_P0004,1128,865.0
2023-12-11,S002_P0004,734,1142.0
2023-12-18,S002_P0004,1077,902.0
2023-12-25,S002_P0004,885,1248.0
2022-01-03,S002_P0005,1456,
2022-01-10,S002_P0005,818,
2022-01-17,S002_P0005,615,
2022-01-24,S002_P0005,457,
2022-01-31,S002_P0005,966,
2022-02-07,S002_P0005,717,
2022-02-14,S002_P0005,705,
2022-02-21,S002_P0005,515,
2022-02-28,S002_P0005,798,
2022-03-07,S002_P0005,1080,
2022-03-14,S002_P0005,1266,
2022-03-21,S002_P0005,396,
2022-03-28,S002_P0005,1154,
2022-04-04,S002_P0005,1228,
2022-04-11,S002_P0005,1245,
2022-04-18,S002_P0005,1195,
2022-04-25,S002_P0005,919,
2022-05-02,S002_P0005,739,
2022-05-09,S002_P0005,1235,
2022-05-16,S002_P0005,903,
2022-05-23,S002_P0005,792,
2022-05-30,S002_P0005,487,
2022-06-06,S002_P0005,970,
2022-06-13,S002_P0005,1250,
2022-06-20,S002_P0005,1136,
2022-06-27,S002_P0005,1000,
2022-07-04,S002_P0005,1109,
2022-07-11,S002_P0005,582,
2022-07-18,S002_P0005,665,
2022-07-25,S002_P0005,1122,
2022-08-01,S002_P0005,807,
2022-08-08,S002_P0005,807,
2022-08-15,S002_P0005,681,
2022-08-22,S002_P0005,1547,
2022-08-29,S002_P0005,1159,
2022-09-05,S002_P0005,547,
2022-09-12,S002_P0005,1252,
2022-09-19,S002_P0005,1053,
2022-09-26,S002_P0005,1211,
2022-10-03,S002_P0005,515,
2022-10-10,S002_P0005,429,
2022-10-17,S002_P0005,1093,
2022-10-24,S002_P0005,787,
2022-10-31,S002_P0005,950,
2022-11-07,S002_P0005,880,
2022-11-14,S002_P0005,1436,
2022-11-21,S002_P0005,790,
2022-11-28,S002_P0005,787,
2022-12-05,S002_P0005,858,
2022-12-12,S002_P0005,974,
2022-12-19,S002_P0005,1275,
2022-12-26,S002_P0005,789,
2023-01-02,S002_P0005,1112,1456.0
2023-01-09,S002_P0005,1578,818.0
2023-01-16,S002_P0005,1196,615.0
2023-01-23,S002_P0005,722,457.0
2023-01-30,S002_P0005,837,966.0
2023-02-06,S002_P0005,697,717.0
2023-02-13,S002_P0005,979,705.0
2023-02-20,S002_P0005,879,515.0
2023-02-27,S002_P0005,412,798.0
2023-03-06,S002_P0005,800,1080.0
2023-03-13,S002_P0005,839,1266.0
2023-03-20,S002_P0005,970,396.0
2023-03-27,S002_P0005,1031,1154.0
2023-04-03,S002_P0005,1202,1228.0
2023-04-10,S002_P0005,1248,1245.0
2023-04-17,S002_P0005,853,1195.0
2023-04-24,S002_P0005,1007,919.0
2023-05-01,S002_P0005,679,739.0
2023-05-08,S002_P0005,522,1235.0
2023-05-15,S002_P0005,1054,903.0
2023-05-22,S002_P0005,1206,792.0
2023-05-29,S002_P0005,686,487.0
2023-06-05,S002_P0005,538,970.0
2023-06-12,S002_P0005,939,1250.0
2023-06-19,S002_P0005,1157,1136.0
2023-06-26,S002_P0005,1108,1000.0
2023-07-03,S002_P0005,793,1109.0
2023-07-10,S002_P0005,699,582.0
2023-07-17,S002_P0005,862,665.0
2023-07-24,S002_P0005,874,1122.0
2023-07-31,S002_P0005,1259,807.0
2023-08-07,S002_P0005,1182,807.0
2023-08-14,S002_P0005,873,681.0
2023-08-21,S002_P0005,939,1547.0
2023-08-28,S002_P0005,927,1159.0
2023-09-04,S002_P0005,1151,547.0
2023-09-11,S002_P0005,503,1252.0
2023-09-18,S002_P0005,615,1053.0
2023-09-25,S002_P0005,1014,1211.0
2023-10-02,S002_P0005,1096,515.0
2023-10-09,S002_P0005,1120,429.0
2023-10-16,S002_P0005,692,1093.0
2023-10-23,S002_P0005,1856,787.0
2023-10-30,S002_P0005,721,950.0
2023-11-06,S002_P0005,745,880.0
2023-11-13,S002_P0005,911,1436.0
2023-11-20,S002_P0005,770,790.0
2023-11-27,S002_P0005,821,787.0
2023-12-04,S002_P0005,773,858.0
2023-12-11,S002_P0005,967,974.0
2023-12-18,S002_P0005,851,1275.0
2023-12-25,S002_P0005,1078,789.0
2022-01-03,S002_P0006,965,
2022-01-10,S002_P0006,1318,
2022-01-17,S002_P0006,878,
2022-01-24,S002_P0006,1169,
2022-01-31,S002_P0006,853,
2022-02-07,S002_P0006,1128,
2022-02-14,S002_P0006,1393,
2022-02-21,S002_P0006,746,
2022-02-28,S002_P0006,889,
2022-03-07,S002_P0006,1574,
2022-03-14,S002_P0006,695,
2022-03-21,S002_P0006,1362,
2022-03-28,S002_P0006,1051,
2022-04-04,S002_P0006,1162,
2022-04-11,S002_P0006,1258,
2022-04-18,S002_P0006,1592,
2022-04-25,S002_P0006,915,
2022-05-02,S002_P0006,822,
2022-05-09,S002_P0006,718,
2022-05-16,S002_P0006,730,
2022-05-23,S002_P0006,1343,
2022-05-30,S002_P0006,901,
2022-06-06,S002_P0006,682,
2022-06-13,S002_P0006,1219,
2022-06-20,S002_P0006,773,
2022-06-27,S002_P0006,842,
2022-07-04,S002_P0006,729,
2022-07-11,S002_P0006,1196,
2022-07-18,S002_P0006,679,
2022-07-25,S002_P0006,1017,
2022-08-01,S002_P0006,787,
2022-08-08,S002_P0006,788,
2022-08-15,S002_P0006,571,
2022-08-22,S002_P0006,1422,
2022-08-29,S002_P0006,1611,
2022-09-05,S002_P0006,741,
2022-09-12,S002_P0006,1030,
2022-09-19,S002_P0006,946,
2022-09-26,S002_P0006,767,
2022-10-03,S002_P0006,1068,
2022-10-10,S002_P0006,980,
2022-10-17,S002_P0006,515,
2022-10-24,S002_P0006,1100,
2022-10-31,S002_P0006,921,
2022-11-07,S002_P0006,575,
2022-11-14,S002_P0006,756,
2022-11-21,S002_P0006,956,
2022-11-28,S002_P0006,836,
2022-12-05,S002_P0006,1148,
2022-12-12,S002_P0006,444,
2022-12-19,S002_P0006,864,
2022-12-26,S002_P0006,933,
2023-01-02,S002_P0006,849,965.0
2023-01-09,S002_P0006,639,1318.0
2023-01-16,S002_P0006,948,878.0
2023-01-23,S002_P0006,1084,1169.0
2023-01-30,S002_P0006,516,853.0
2023-02-06,S002_P0006,733,1128.0
2023-02-13,S002_P0006,1209,1393.0
2023-02-20,S002_P0006,567,746.0
2023-02-27,S002_P0006,633,889.0
2023-03-06,S002_P0006,419,1574.0
2023-03-13,S002_P0006,1191,695.0
2023-03-20,S002_P0006,1254,1362.0
2023-03-27,S002_P0006,1001,1051.0
2023-04-03,S002_P0006,1251,1162.0
2023-04-10,S002_P0006,928,1258.0
2023-04-17,S002_P0006,472,1592.0
2023-04-24,S002_P0006,676,915.0
2023-05-01,S002_P0006,740,822.0
2023-05-08,S002_P0006,1153,718.0
2023-05-15,S002_P0006,988,730.0
2023-05-22,S002_P0006,784,1343.0
2023-05-29,S002_P0006,889,901.0
2023-06-05,S002_P0006,647,682.0
2023-06-12,S002_P0006,1544,1219.0
2023-06-19,S002_P0006,576,773.0
2023-06-26,S002_P0006,1332,842.0
2023-07-03,S002_P0006,912,729.0
2023-07-10,S002_P0006,633,1196.0
2023-07-17,S002_P0006,1704,679.0
2023-07-24,S002_P0006,917,1017.0
2023-07-31,S002_P0006,908,787.0
2023-08-07,S002_P0006,1448,788.0
2023-08-14,S002_P0006,969,571.0
2023-08-21,S002_P0006,747,1422.0
2023-08-28,S002_P0006,628,1611.0
2023-09-04,S002_P0006,825,741.0
2023-09-11,S002_P0006,635,1030.0
2023-09-18,S002_P0006,999,946.0
2023-09-25,S002_P0006,973,767.0
2023-10-02,S002_P0006,601,1068.0
2023-10-09,S002_P0006,587,980.0
2023-10-16,S002_P0006,1112,515.0
2023-10-23,S002_P0006,544,1100.0
2023-10-30,S002_P0006,1139,921.0
2023-11-06,S002_P0006,860,575.0
2023-11-13,S002_P0006,1149,756.0
2023-11-20,S002_P0006,763,956.0
2023-11-27,S002_P0006,640,836.0
2023-12-04,S002_P0006,1294,1148.0
2023-12-11,S002_P0006,658,444.0
2023-12-18,S002_P0006,842,864.0
2023-12-25,S002_P0006,868,933.0
2022-01-03,S002_P0007,1127,
2022-01-10,S002_P0007,631,
2022-01-17,S002_P0007,1420,
2022-01-24,S002_P0007,1525,
2022-01-31,S002_P0007,1217,
2022-02-07,S002_P0007,1170,
2022-02-14,S002_P0007,435,
2022-02-21,S002_P0007,1454,
2022-02-28,S002_P0007,404,
2022-03-07,S002_P0007,1187,
2022-03-14,S002_P0007,401,
2022-03-21,S002_P0007,651,
2022-03-28,S002_P0007,559,
2022-04-04,S002_P0007,1493,
2022-04-11,S002_P0007,999,
2022-04-18,S002_P0007,904,
2022-04-25,S002_P0007,1196,
2022-05-02,S002_P0007,616,
2022-05-09,S002_P0007,1035,
2022-05-16,S002_P0007,857,
2022-05-23,S002_P0007,1116,
2022-05-30,S002_P0007,789,
2022-06-06,S002_P0007,400,
2022-06-13,S002_P0007,1042,
2022-06-20,S002_P0007,723,
2022-06-27,S002_P0007,1162,
2022-07-04,S002_P0007,1523,
2022-07-11,S002_P0007,1379,
2022-07-18,S002_P0007,777,
2022-07-25,S002_P0007,630,
2022-08-01,S002_P0007,1202,
2022-08-08,S002_P0007,975,
2022-08-15,S002_P0007,1118,
2022-08-22,S002_P0007,875,
2022-08-29,S002_P0007,746,
2022-09-05,S002_P0007,1475,
2022-09-12,S002_P0007,1329,
2022-09-19,S002_P0007,801,
2022-09-26,S002_P0007,998,
2022-10-03,S002_P0007,592,
2022-10-10,S002_P0007,390,
2022-10-17,S002_P0007,726,
2022-10-24,S002_P0007,1062,
2022-10-31,S002_P0007,1092,
2022-11-07,S002_P0007,386,
2022-11-14,S002_P0007,474,
2022-11-21,S002_P0007,1599,
2022-11-28,S002_P0007,575,
2022-12-05,S002_P0007,435,
2022-12-12,S002_P0007,1323,
2022-12-19,S002_P0007,907,
2022-12-26,S002_P0007,748,
2023-01-02,S002_P0007,609,1127.0
2023-01-09,S002_P0007,986,631.0
2023-01-16,S002_P0007,794,1420.0
2023-01-23,S002_P0007,1049,1525.0
2023-01-30,S002_P0007,538,1217.0
2023-02-06,S002_P0007,1087,1170.0
2023-02-13,S002_P0007,1241,435.0
2023-02-20,S002_P0007,842,1454.0
2023-02-27,S002_P0007,852,404.0
2023-03-06,S002_P0007,1074,1187.0
2023-03-13,S002_P0007,1534,401.0
2023-03-20,S002_P0007,944,651.0
2023-03-27,S002_P0007,783,559.0
2023-04-03,S002_P0007,619,1493.0
2023-04-10,S002_P0007,928,999.0
2023-04-17,S002_P0007,901,904.0
2023-04-24,S002_P0007,1756,1196.0
2023-05-01,S002_P0007,1095,616.0
2023-05-08,S002_P0007,1313,1035.0
2023-05-15,S002_P0007,851,857.0
2023-05-22,S002_P0007,549,1116.0
2023-05-29,S002_P0007,848,789.0
2023-06-05,S002_P0007,914,400.0
2023-06-12,S002_P0007,766,1042.0
2023-06-19,S002_P0007,819,723.0
2023-06-26,S002_P0007,885,1162.0
2023-07-03,S002_P0007,967,1523.0
2023-07-10,S002_P0007,658,1379.0
2023-07-17,S002_P0007,805,777.0
2023-07-24,S002_P0007,667,630.0
2023-07-31,S002_P0007,1574,1202.0
2023-08-07,S002_P0007,877,975.0
2023-08-14,S002_P0007,1076,1118.0
2023-08-21,S002_P0007,1412,875.0
2023-08-28,S002_P0007,1222,746.0
2023-09-04,S002_P0007,1241,1475.0
2023-09-11,S002_P0007,1174,1329.0
2023-09-18,S002_P0007,1009,801.0
2023-09-25,S002_P0007,1052,998.0
2023-10-02,S002_P0007,984,592.0
2023-10-09,S002_P0007,766,390.0
2023-10-16,S002_P0007,919,726.0
2023-10-23,S002_P0007,857,1062.0
2023-10-30,S002_P0007,1137,1092.0
2023-11-06,S002_P0007,938,386.0
2023-11-13,S002_P0007,791,474.0
2023-11-20,S002_P0007,768,1599.0
2023-11-27,S002_P0007,1179,575.0
2023-12-04,S002_P0007,843,435.0
2023-12-11,S002_P0007,841,1323.0
2023-12-18,S002_P0007,1880,907.0
2023-12-25,S002_P0007,1095,748.0
2022-01-03,S002_P0008,816,
2022-01-10,S002_P0008,604,
2022-01-17,S002_P0008,746,
2022-01-24,S002_P0008,1420,
2022-01-31,S002_P0008,775,
2022-02-07,S002_P0008,802,
2022-02-14,S002_P0008,899,
2022-02-21,S002_P0008,368,
2022-02-28,S002_P0008,805,
2022-03-07,S002_P0008,557,
2022-03-14,S002_P0008,872,
2022-03-21,S002_P0008,843,
2022-03-28,S002_P0008,1200,
2022-04-04,S002_P0008,627,
2022-04-11,S002_P0008,506,
2022-04-18,S002_P0008,829,
2022-04-25,S002_P0008,609,
2022-05-02,S002_P0008,1210,
2022-05-09,S002_P0008,597,
2022-05-16,S002_P0008,999,
2022-05-23,S002_P0008,1025,
2022-05-30,S002_P0008,725,
2022-06-06,S002_P0008,1072,
2022-06-13,S002_P0008,1222,
2022-06-20,S002_P0008,626,
2022-06-27,S002_P0008,1184,
2022-07-04,S002_P0008,1153,
2022-07-11,S002_P0008,1011,
2022-07-18,S002_P0008,814,
2022-07-25,S002_P0008,1307,
2022-08-01,S002_P0008,537,
2022-08-08,S002_P0008,813,
2022-08-15,S002_P0008,1523,
2022-08-22,S002_P0008,517,
2022-08-29,S002_P0008,1384,
2022-09-05,S002_P0008,511,
2022-09-12,S002_P0008,685,
2022-09-19,S002_P0008,1330,
2022-09-26,S002_P0008,753,
2022-10-03,S002_P0008,783,
2022-10-10,S002_P0008,1307,
2022-10-17,S002_P0008,581,
2022-10-24,S002_P0008,683,
2022-10-31,S002_P0008,862,
2022-11-07,S002_P0008,1201,
2022-11-14,S002_P0008,936,
2022-11-21,S002_P0008,949,
2022-11-28,S002_P0008,843,
2022-12-05,S002_P0008,841,
2022-12-12,S002_P0008,377,
2022-12-19,S002_P0008,472,
2022-12-26,S002_P0008,1582,
2023-01-02,S002_P0008,478,816.0
2023-01-09,S002_P0008,832,604.0
2023-01-16,S002_P0008,347,746.0
2023-01-23,S002_P0008,898,1420.0
2023-01-30,S002_P0008,1338,775.0
2023-02-06,S002_P0008,838,802.0
2023-02-13,S002_P0008,657,899.0
2023-02-20,S002_P0008,1608,368.0
2023-02-27,S002_P0008,730,805.0
2023-03-06,S002_P0008,746,557.0
2023-03-13,S002_P0008,1145,872.0
2023-03-20,S002_P0008,888,843.0
2023-03-27,S002_P0008,705,1200.0
2023-04-03,S002_P0008,1520,627.0
2023-04-10,S002_P0008,557,506.0
2023-04-17,S002_P0008,1242,829.0
2023-04-24,S002_P0008,1004,609.0
2023-05-01,S002_P0008,622,1210.0
2023-05-08,S002_P0008,763,597.0
2023-05-15,S002_P0008,597,999.0
2023-05-22,S002_P0008,1094,1025.0
2023-05-29,S002_P0008,1139,725.0
2023-06-05,S002_P0008,901,1072.0
2023-06-12,S002_P0008,464,1222.0
2023-06-19,S002_P0008,820,626.0
2023-06-26,S002_P0008,930,1184.0
2023-07-03,S002_P0008,859,1153.0
2023-07-10,S002_P0008,884,1011.0
2023-07-17,S002_P0008,1135,814.0
2023-07-24,S002_P0008,1244,1307.0
2023-07-31,S002_P0008,1150,537.0
2023-08-07,S002_P0008,857,813.0
2023-08-14,S002_P0008,1466,1523.0
2023-08-21,S002_P0008,1080,517.0
2023-08-28,S002_P0008,997,1384.0
2023-09-04,S002_P0008,384,511.0
2023-09-11,S002_P0008,978,685.0
2023-09-18,S002_P0008,561,1330.0
2023-09-25,S002_P0008,801,753.0
2023-10-02,S002_P0008,611,783.0
2023-10-09,S002_P0008,1056,1307.0
2023-10-16,S002_P0008,1309,581.0
2023-10-23,S002_P0008,1152,683.0
2023-10-30,S002_P0008,931,862.0
2023-11-06,S002_P0008,760,1201.0
2023-11-13,S002_P0008,935,936.0
2023-11-20,S002_P0008,1226,949.0
2023-11-27,S002_P0008,1777,843.0
2023-12-04,S002_P0008,677,841.0
2023-12-11,S002_P0008,384,377.0
2023-12-18,S002_P0008,1299,472.0
2023-12-25,S002_P0008,1042,1582.0
2022-01-03,S002_P0009,1162,
2022-01-10,S002_P0009,1413,
2022-01-17,S002_P0009,1721,
2022-01-24,S002_P0009,1038,
2022-01-31,S002_P0009,831,
2022-02-07,S002_P0009,917,
2022-02-14,S002_P0009,915,
2022-02-21,S002_P0009,776,
2022-02-28,S002_P0009,722,
2022-03-07,S002_P0009,862,
2022-03-14,S002_P0009,1081,
2022-03-21,S002_P0009,877,
2022-03-28,S002_P0009,1756,
2022-04-04,S002_P0009,1091,
2022-04-11,S002_P0009,655,
2022-04-18,S002_P0009,968,
2022-04-25,S002_P0009,768,
2022-05-02,S002_P0009,1438,
2022-05-09,S002_P0009,1209,
2022-05-16,S002_P0009,1319,
2022-05-23,S002_P0009,609,
2022-05-30,S002_P0009,960,
2022-06-06,S002_P0009,1164,
2022-06-13,S002_P0009,1063,
2022-06-20,S002_P0009,978,
2022-06-27,S002_P0009,822,
2022-07-04,S002_P0009,818,
2022-07-11,S002_P0009,1108,
2022-07-18,S002_P0009,1001,
2022-07-25,S002_P0009,830,
2022-08-01,S002_P0009,978,
2022-08-08,S002_P0009,855,
2022-08-15,S002_P0009,1132,
2022-08-22,S002_P0009,518,
2022-08-29,S002_P0009,902,
2022-09-05,S002_P0009,1295,
2022-09-12,S002_P0009,1001,
2022-09-19,S002_P0009,1033,
2022-09-26,S002_P0009,905,
2022-10-03,S002_P0009,1639,
2022-10-10,S002_P0009,1121,
2022-10-17,S002_P0009,1317,
2022-10-24,S002_P0009,783,
2022-10-31,S002_P0009,577,
2022-11-07,S002_P0009,1170,
2022-11-14,S002_P0009,938,
2022-11-21,S002_P0009,1416,
2022-11-28,S002_P0009,1286,
2022-12-05,S002_P0009,628,
2022-12-12,S002_P0009,1599,
2022-12-19,S002_P0009,1008,
2022-12-26,S002_P0009,1386,
2023-01-02,S002_P0009,1034,1162.0
2023-01-09,S002_P0009,604,1413.0
2023-01-16,S002_P0009,1003,1721.0
2023-01-23,S002_P0009,683,1038.0
2023-01-30,S002_P0009,886,831.0
2023-02-06,S002_P0009,463,917.0
2023-02-13,S002_P0009,1111,915.0
2023-02-20,S002_P0009,964,776.0
2023-02-27,S002_P0009,1291,722.0
2023-03-06,S002_P0009,801,862.0
2023-03-13,S002_P0009,1011,1081.0
2023-03-20,S002_P0009,892,877.0
2023-03-27,S002_P0009,915,1756.0
2023-04-03,S002_P0009,819,1091.0
2023-04-10,S002_P0009,845,655.0
2023-04-17,S002_P0009,703,968.0
2023-04-24,S002_P0009,1228,768.0
2023-05-01,S002_P0009,827,1438.0
2023-05-08,S002_P0009,980,1209.0
2023-05-15,S002_P0009,1219,1319.0
2023-05-22,S002_P0009,830,609.0
2023-05-29,S002_P0009,1085,960.0
2023-06-05,S002_P0009,1501,1164.0
2023-06-12,S002_P0009,776,1063.0
2023-06-19,S002_P0009,639,978.0
2023-06-26,S002_P0009,675,822.0
2023-07-03,S002_P0009,1263,818.0
2023-07-10,S002_P0009,1055,1108.0
2023-07-17,S002_P0009,937,1001.0
2023-07-24,S002_P0009,1250,830.0
2023-07-31,S002_P0009,806,978.0
2023-08-07,S002_P0009,683,855.0
2023-08-14,S002_P0009,1514,1132.0
2023-08-21,S002_P0009,1031,518.0
2023-08-28,S002_P0009,1065,902.0
2023-09-04,S002_P0009,1185,1295.0
2023-09-11,S002_P0009,929,1001.0
2023-09-18,S002_P0009,896,1033.0
2023-09-25,S002_P0009,928,905.0
2023-10-02,S002_P0009,851,1639.0
2023-10-09,S002_P0009,911,1121.0
2023-10-16,S002_P0009,955,1317.0
2023-10-23,S002_P0009,1128,783.0
2023-10-30,S002_P0009,1182,577.0
2023-11-06,S002_P0009,684,1170.0
2023-11-13,S002_P0009,818,938.0
2023-11-20,S002_P0009,1503,1416.0
2023-11-27,S002_P0009,860,1286.0
2023-12-04,S002_P0009,718,628.0
2023-12-11,S002_P0009,946,1599.0
2023-12-18,S002_P0009,1739,1008.0
2023-12-25,S002_P0009,1158,1386.0
2022-01-03,S002_P0010,1147,
2022-01-10,S002_P0010,1149,
2022-01-17,S002_P0010,966,
2022-01-24,S002_P0010,1297,
2022-01-31,S002_P0010,1261,
2022-02-07,S002_P0010,1099,
2022-02-14,S002_P0010,638,
2022-02-21,S002_P0010,678,
2022-02-28,S002_P0010,999,
2022-03-07,S002_P0010,1290,
2022-03-14,S002_P0010,870,
2022-03-21,S002_P0010,1024,
2022-03-28,S002_P0010,1261,
2022-04-04,S002_P0010,747,
2022-04-11,S002_P0010,1687,
2022-04-18,S002_P0010,779,
2022-04-25,S002_P0010,832,
2022-05-02,S002_P0010,1041,
2022-05-09,S002_P0010,689,
2022-05-16,S002_P0010,888,
2022-05-23,S002_P0010,898,
2022-05-30,S002_P0010,621,
2022-06-06,S002_P0010,493,
2022-06-13,S002_P0010,1012,
2022-06-20,S002_P0010,952,
2022-06-27,S002_P0010,616,
2022-07-04,S002_P0010,849,
2022-07-11,S002_P0010,407,
2022-07-18,S002_P0010,853,
2022-07-25,S002_P0010,585,
2022-08-01,S002_P0010,981,
2022-08-08,S002_P0010,1006,
2022-08-15,S002_P0010,827,
2022-08-22,S002_P0010,855,
2022-08-29,S002_P0010,1224,
2022-09-05,S002_P0010,1228,
2022-09-12,S002_P0010,1249,
2022-09-19,S002_P0010,1370,
2022-09-26,S002_P0010,853,
2022-10-03,S002_P0010,1470,
2022-10-10,S002_P0010,1124,
2022-10-17,S002_P0010,1157,
2022-10-24,S002_P0010,528,
2022-10-31,S002_P0010,915,
2022-11-07,S002_P0010,960,
2022-11-14,S002_P0010,815,
2022-11-21,S002_P0010,1287,
2022-11-28,S002_P0010,849,
2022-12-05,S002_P0010,885,
2022-12-12,S002_P0010,942,
2022-12-19,S002_P0010,1082,
2022-12-26,S002_P0010,684,
2023-01-02,S002_P0010,896,1147.0
2023-01-09,S002_P0010,1034,1149.0
2023-01-16,S002_P0010,825,966.0
2023-01-23,S002_P0010,1392,1297.0
2023-01-30,S002_P0010,1009,1261.0
2023-02-06,S002_P0010,1216,1099.0
2023-02-13,S002_P0010,667,638.0
2023-02-20,S002_P0010,596,678.0
2023-02-27,S002_P0010,642,999.0
2023-03-06,S002_P0010,622,1290.0
2023-03-13,S002_P0010,792,870.0
2023-03-20,S002_P0010,1323,1024.0
2023-03-27,S002_P0010,1065,1261.0
2023-04-03,S002_P0010,917,747.0
2023-04-10,S002_P0010,948,1687.0
2023-04-17,S002_P0010,907,779.0
2023-04-24,S002_P0010,456,832.0
2023-05-01,S002_P0010,1094,1041.0
2023-05-08,S002_P0010,759,689.0
2023-05-15,S002_P0010,657,888.0
2023-05-22,S002_P0010,812,898.0
2023-05-29,S002_P0010,723,621.0
2023-06-05,S002_P0010,637,493.0
2023-06-12,S002_P0010,475,1012.0
2023-06-19,S002_P0010,989,952.0
2023-06-26,S002_P0010,1303,616.0
2023-07-03,S002_P0010,973,849.0
2023-07-10,S002_P0010,1230,407.0
2023-07-17,S002_P0010,1118,853.0
2023-07-24,S002_P0010,880,585.0
2023-07-31,S002_P0010,1533,981.0
2023-08-07,S002_P0010,1270,1006.0
2023-08-14,S002_P0010,800,827.0
2023-08-21,S002_P0010,1067,855.0
2023-08-28,S002_P0010,758,1224.0
2023-09-04,S002_P0010,1044,1228.0
2023-09-11,S002_P0010,1083,1249.0
2023-09-18,S002_P0010,630,1370.0
2023-09-25,S002_P0010,548,853.0
2023-10-02,S002_P0010,1097,1470.0
2023-10-09,S002_P0010,589,1124.0
2023-10-16,S002_P0010,952,1157.0
2023-10-23,S002_P0010,1320,528.0
2023-10-30,S002_P0010,891,915.0
2023-11-06,S002_P0010,935,960.0
2023-11-13,S002_P0010,946,815.0
2023-11-20,S002_P0010,701,1287.0
2023-11-27,S002_P0010,922,849.0
2023-12-04,S002_P0010,1436,885.0
2023-12-11,S002_P0010,757,942.0
2023-12-18,S002_P0010,1023,1082.0
2023-12-25,S002_P0010,987,684.0
2022-01-03,S002_P0011,937,
2022-01-10,S002_P0011,1365,
2022-01-17,S002_P0011,732,
2022-01-24,S002_P0011,670,
2022-01-31,S002_P0011,1431,
2022-02-07,S002_P0011,1329,
2022-02-14,S002_P0011,1194,
2022-02-21,S002_P0011,844,
2022-02-28,S002_P0011,1274,
2022-03-07,S002_P0011,888,
2022-03-14,S002_P0011,818,
2022-03-21,S002_P0011,809,
2022-03-28,S002_P0011,626,
2022-04-04,S002_P0011,606,
2022-04-11,S002_P0011,304,
2022-04-18,S002_P0011,797,
2022-04-25,S002_P0011,989,
2022-05-02,S002_P0011,927,
2022-05-09,S002_P0011,1296,
2022-05-16,S002_P0011,1536,
2022-05-23,S002_P0011,602,
2022-05-30,S002_P0011,1013,
2022-06-06,S002_P0011,1162,
2022-06-13,S002_P0011,811,
2022-06-20,S002_P0011,916,
2022-06-27,S002_P0011,804,
2022-07-04,S002_P0011,881,
2022-07-11,S002_P0011,804,
2022-07-18,S002_P0011,955,
2022-07-25,S002_P0011,818,
2022-08-01,S002_P0011,1000,
2022-08-08,S002_P0011,1128,
2022-08-15,S002_P0011,901,
2022-08-22,S002_P0011,1196,
2022-08-29,S002_P0011,1569,
2022-09-05,S002_P0011,540,
2022-09-12,S002_P0011,678,
2022-09-19,S002_P0011,847,
2022-09-26,S002_P0011,386,
2022-10-03,S002_P0011,828,
2022-10-10,S002_P0011,582,
2022-10-17,S002_P0011,682,
2022-10-24,S002_P0011,1076,
2022-10-31,S002_P0011,621,
2022-11-07,S002_P0011,648,
2022-11-14,S002_P0011,745,
2022-11-21,S002_P0011,1815,
2022-11-28,S002_P0011,669,
2022-12-05,S002_P0011,794,
2022-12-12,S002_P0011,982,
2022-12-19,S002_P0011,1109,
2022-12-26,S002_P0011,752,
2023-01-02,S002_P0011,736,937.0
2023-01-09,S002_P0011,1245,1365.0
2023-01-16,S002_P0011,980,732.0
2023-01-23,S002_P0011,633,670.0
2023-01-30,S002_P0011,695,1431.0
2023-02-06,S002_P0011,772,1329.0
2023-02-13,S002_P0011,1030,1194.0
2023-02-20,S002_P0011,1044,844.0
2023-02-27,S002_P0011,850,1274.0
2023-03-06,S002_P0011,1199,888.0
2023-03-13,S002_P0011,1269,818.0
2023-03-20,S002_P0011,1118,809.0
2023-03-27,S002_P0011,1051,626.0
2023-04-03,S002_P0011,718,606.0
2023-04-10,S002_P0011,1410,304.0
2023-04-17,S002_P0011,1192,797.0
2023-04-24,S002_P0011,1563,989.0
2023-05-01,S002_P0011,931,927.0
2023-05-08,S002_P0011,618,1296.0
2023-05-15,S002_P0011,1094,1536.0
2023-05-22,S002_P0011,912,602.0
2023-05-29,S002_P0011,1277,1013.0
2023-06-05,S002_P0011,1395,1162.0
2023-06-12,S002_P0011,944,811.0
2023-06-19,S002_P0011,1031,916.0
2023-06-26,S002_P0011,787,804.0
2023-07-03,S002_P0011,760,881.0
2023-07-10,S002_P0011,1181,804.0
2023-07-17,S002_P0011,1185,955.0
2023-07-24,S002_P0011,1135,818.0
2023-07-31,S002_P0011,1128,1000.0
2023-08-07,S002_P0011,716,1128.0
2023-08-14,S002_P0011,1128,901.0
2023-08-21,S002_P0011,737,1196.0
2023-08-28,S002_P0011,1288,1569.0
2023-09-04,S002_P0011,1081,540.0
2023-09-11,S002_P0011,983,678.0
2023-09-18,S002_P0011,1059,847.0
2023-09-25,S002_P0011,494,386.0
2023-10-02,S002_P0011,1549,828.0
2023-10-09,S002_P0011,678,582.0
2023-10-16,S002_P0011,1121,682.0
2023-10-23,S002_P0011,1389,1076.0
2023-10-30,S002_P0011,893,621.0
2023-11-06,S002_P0011,416,648.0
2023-11-13,S002_P0011,717,745.0
2023-11-20,S002_P0011,781,1815.0
2023-11-27,S002_P0011,921,669.0
2023-12-04,S002_P0011,956,794.0
2023-12-11,S002_P0011,938,982.0
2023-12-18,S002_P0011,960,1109.0
2023-12-25,S002_P0011,565,752.0
2022-01-03,S002_P0012,747,
2022-01-10,S002_P0012,782,
2022-01-17,S002_P0012,1089,
2022-01-24,S002_P0012,1294,
2022-01-31,S002_P0012,1097,
2022-02-07,S002_P0012,787,
2022-02-14,S002_P0012,539,
2022-02-21,S002_P0012,715,
2022-02-28,S002_P0012,984,
2022-03-07,S002_P0012,1047,
2022-03-14,S002_P0012,922,
2022-03-21,S002_P0012,852,
2022-03-28,S002_P0012,876,
2022-04-04,S002_P0012,798,
2022-04-11,S002_P0012,803,
2022-04-18,S002_P0012,1143,
2022-04-25,S002_P0012,832,
2022-05-02,S002_P0012,1004,
2022-05-09,S002_P0012,405,
2022-05-16,S002_P0012,1138,
2022-05-23,S002_P0012,810,
2022-05-30,S002_P0012,1067,
2022-06-06,S002_P0012,748,
2022-06-13,S002_P0012,1336,
2022-06-20,S002_P0012,1287,
2022-06-27,S002_P0012,1272,
2022-07-04,S002_P0012,1293,
2022-07-11,S002_P0012,509,
2022-07-18,S002_P0012,963,
2022-07-25,S002_P0012,895,
2022-08-01,S002_P0012,1294,
2022-08-08,S002_P0012,1413,
2022-08-15,S002_P0012,677,
2022-08-22,S002_P0012,1245,
2022-08-29,S002_P0012,1170,
2022-09-05,S002_P0012,639,
2022-09-12,S002_P0012,1091,
2022-09-19,S002_P0012,892,
2022-09-26,S002_P0012,752,
2022-10-03,S002_P0012,814,
2022-10-10,S002_P0012,642,
2022-10-17,S002_P0012,1041,
2022-10-24,S002_P0012,743,
2022-10-31,S002_P0012,1049,
2022-11-07,S002_P0012,1402,
2022-11-14,S002_P0012,1434,
2022-11-21,S002_P0012,1229,
2022-11-28,S002_P0012,934,
2022-12-05,S002_P0012,1089,
2022-12-12,S002_P0012,798,
2022-12-19,S002_P0012,1086,
2022-12-26,S002_P0012,1187,
2023-01-02,S002_P0012,770,747.0
2023-01-09,S002_P0012,1006,782.0
2023-01-16,S002_P0012,1260,1089.0
2023-01-23,S002_P0012,786,1294.0
2023-01-30,S002_P0012,887,1097.0
2023-02-06,S002_P0012,1163,787.0
2023-02-13,S002_P0012,850,539.0
2023-02-20,S002_P0012,838,715.0
2023-02-27,S002_P0012,1230,984.0
2023-03-06,S002_P0012,774,1047.0
2023-03-13,S002_P0012,914,922.0
2023-03-20,S002_P0012,801,852.0
2023-03-27,S002_P0012,764,876.0
2023-04-03,S002_P0012,1420,798.0
2023-04-10,S002_P0012,979,803.0
2023-04-17,S002_P0012,771,1143.0
2023-04-24,S002_P0012,1073,832.0
2023-05-01,S002_P0012,498,1004.0
2023-05-08,S002_P0012,943,405.0
2023-05-15,S002_P0012,875,1138.0
2023-05-22,S002_P0012,840,810.0
2023-05-29,S002_P0012,1240,1067.0
2023-06-05,S002_P0012,857,748.0
2023-06-12,S002_P0012,1650,1336.0
2023-06-19,S002_P0012,427,1287.0
2023-06-26,S002_P0012,757,1272.0
2023-07-03,S002_P0012,1404,1293.0
2023-07-10,S002_P0012,1357,509.0
2023-07-17,S002_P0012,896,963.0
2023-07-24,S002_P0012,1050,895.0
2023-07-31,S002_P0012,1196,1294.0
2023-08-07,S002_P0012,1087,1413.0
2023-08-14,S002_P0012,491,677.0
2023-08-21,S002_P0012,1202,1245.0
2023-08-28,S002_P0012,1295,1170.0
2023-09-04,S002_P0012,1245,639.0
2023-09-11,S002_P0012,792,1091.0
2023-09-18,S002_P0012,1225,892.0
2023-09-25,S002_P0012,1151,752.0
2023-10-02,S002_P0012,409,814.0
2023-10-09,S002_P0012,767,642.0
2023-10-16,S002_P0012,1011,1041.0
2023-10-23,S002_P0012,1810,743.0
2023-10-30,S002_P0012,1034,1049.0
2023-11-06,S002_P0012,1204,1402.0
2023-11-13,S002_P0012,929,1434.0
2023-11-20,S002_P0012,1136,1229.0
2023-11-27,S002_P0012,767,934.0
2023-12-04,S002_P0012,1092,1089.0
2023-12-11,S002_P0012,733,798.0
2023-12-18,S002_P0012,940,1086.0
2023-12-25,S002_P0012,886,1187.0
2022-01-03,S002_P0013,1464,
2022-01-10,S002_P0013,969,
2022-01-17,S002_P0013,592,
2022-01-24,S002_P0013,1099,
2022-01-31,S002_P0013,985,
2022-02-07,S002_P0013,1432,
2022-02-14,S002_P0013,1152,
2022-02-21,S002_P0013,1121,
2022-02-28,S002_P0013,977,
2022-03-07,S002_P0013,1037,
2022-03-14,S002_P0013,1419,
2022-03-21,S002_P0013,971,
2022-03-28,S002_P0013,1387,
2022-04-04,S002_P0013,1157,
2022-04-11,S002_P0013,1184,
2022-04-18,S002_P0013,688,
2022-04-25,S002_P0013,584,
2022-05-02,S002_P0013,660,
2022-05-09,S002_P0013,535,
2022-05-16,S002_P0013,1090,
2022-05-23,S002_P0013,963,
2022-05-30,S002_P0013,1402,
2022-06-06,S002_P0013,924,
2022-06-13,S002_P0013,608,
2022-06-20,S002_P0013,600,
2022-06-27,S002_P0013,787,
2022-07-04,S002_P0013,537,
2022-07-11,S002_P0013,1253,
2022-07-18,S002_P0013,1136,
2022-07-25,S002_P0013,1516,
2022-08-01,S002_P0013,453,
2022-08-08,S002_P0013,920,
2022-08-15,S002_P0013,1412,
2022-08-22,S002_P0013,1110,
2022-08-29,S002_P0013,449,
2022-09-05,S002_P0013,1128,
2022-09-12,S002_P0013,737,
2022-09-19,S002_P0013,1200,
2022-09-26,S002_P0013,933,
2022-10-03,S002_P0013,1244,
2022-10-10,S002_P0013,543,
2022-10-17,S002_P0013,784,
2022-10-24,S002_P0013,882,
2022-10-31,S002_P0013,1339,
2022-11-07,S002_P0013,574,
2022-11-14,S002_P0013,318,
2022-11-21,S002_P0013,768,
2022-11-28,S002_P0013,410,
2022-12-05,S002_P0013,719,
2022-12-12,S002_P0013,1045,
2022-12-19,S002_P0013,763,
2022-12-26,S002_P0013,793,
2023-01-02,S002_P0013,815,1464.0
2023-01-09,S002_P0013,1160,969.0
2023-01-16,S002_P0013,1122,592.0
2023-01-23,S002_P0013,975,1099.0
2023-01-30,S002_P0013,1030,985.0
2023-02-06,S002_P0013,992,1432.0
2023-02-13,S002_P0013,959,1152.0
2023-02-20,S002_P0013,654,1121.0
2023-02-27,S002_P0013,722,977.0
2023-03-06,S002_P0013,772,1037.0
2023-03-13,S002_P0013,894,1419.0
2023-03-20,S002_P0013,1190,971.0
2023-03-27,S002_P0013,917,1387.0
2023-04-03,S002_P0013,1225,1157.0
2023-04-10,S002_P0013,504,1184.0
2023-04-17,S002_P0013,706,688.0
2023-04-24,S002_P0013,1425,584.0
2023-05-01,S002_P0013,772,660.0
2023-05-08,S002_P0013,1131,535.0
2023-05-15,S002_P0013,739,1090.0
2023-05-22,S002_P0013,804,963.0
2023-05-29,S002_P0013,1114,1402.0
2023-06-05,S002_P0013,914,924.0
2023-06-12,S002_P0013,1039,608.0
2023-06-19,S002_P0013,1126,600.0
2023-06-26,S002_P0013,827,787.0
2023-07-03,S002_P0013,473,537.0
2023-07-10,S002_P0013,1147,1253.0
2023-07-17,S002_P0013,1332,1136.0
2023-07-24,S002_P0013,567,1516.0
2023-07-31,S002_P0013,870,453.0
2023-08-07,S002_P0013,1238,920.0
2023-08-14,S002_P0013,1091,1412.0
2023-08-21,S002_P0013,1015,1110.0
2023-08-28,S002_P0013,786,449.0
2023-09-04,S002_P0013,1069,1128.0
2023-09-11,S002_P0013,437,737.0
2023-09-18,S002_P0013,1225,1200.0
2023-09-25,S002_P0013,807,933.0
2023-10-02,S002_P0013,567,1244.0
2023-10-09,S002_P0013,867,543.0
2023-10-16,S002_P0013,784,784.0
2023-10-23,S002_P0013,886,882.0
2023-10-30,S002_P0013,947,1339.0
2023-11-06,S002_P0013,588,574.0
2023-11-13,S002_P0013,1019,318.0
2023-11-20,S002_P0013,1223,768.0
2023-11-27,S002_P0013,1391,410.0
2023-12-04,S002_P0013,1169,719.0
2023-12-11,S002_P0013,670,1045.0
2023-12-18,S002_P0013,945,763.0
2023-12-25,S002_P0013,1142,793.0
2022-01-03,S002_P0014,1183,
2022-01-10,S002_P0014,945,
2022-01-17,S002_P0014,930,
2022-01-24,S002_P0014,748,
2022-01-31,S002_P0014,859,
2022-02-07,S002_P0014,922,
2022-02-14,S002_P0014,860,
2022-02-21,S002_P0014,1774,
2022-02-28,S002_P0014,785,
2022-03-07,S002_P0014,1091,
2022-03-14,S002_P0014,512,
2022-03-21,S002_P0014,1006,
2022-03-28,S002_P0014,1315,
2022-04-04,S002_P0014,1340,
2022-04-11,S002_P0014,712,
2022-04-18,S002_P0014,851,
2022-04-25,S002_P0014,475,
2022-05-02,S002_P0014,1051,
2022-05-09,S002_P0014,764,
2022-05-16,S002_P0014,885,
2022-05-23,S002_P0014,1006,
2022-05-30,S002_P0014,1072,
2022-06-06,S002_P0014,650,
2022-06-13,S002_P0014,1803,
2022-06-20,S002_P0014,840,
2022-06-27,S002_P0014,651,
2022-07-04,S002_P0014,926,
2022-07-11,S002_P0014,848,
2022-07-18,S002_P0014,1060,
2022-07-25,S002_P0014,1096,
2022-08-01,S002_P0014,1076,
2022-08-08,S002_P0014,1593,
2022-08-15,S002_P0014,1120,
2022-08-22,S002_P0014,772,
2022-08-29,S002_P0014,828,
2022-09-05,S002_P0014,747,
2022-09-12,S002_P0014,1263,
2022-09-19,S002_P0014,1116,
2022-09-26,S002_P0014,1484,
2022-10-03,S002_P0014,1043,
2022-10-10,S002_P0014,1046,
2022-10-17,S002_P0014,522,
2022-10-24,S002_P0014,528,
2022-10-31,S002_P0014,807,
2022-11-07,S002_P0014,466,
2022-11-14,S002_P0014,1002,
2022-11-21,S002_P0014,948,
2022-11-28,S002_P0014,729,
2022-12-05,S002_P0014,849,
2022-12-12,S002_P0014,906,
2022-12-19,S002_P0014,446,
2022-12-26,S002_P0014,669,
2023-01-02,S002_P0014,1291,1183.0
2023-01-09,S002_P0014,709,945.0
2023-01-16,S002_P0014,1070,930.0
2023-01-23,S002_P0014,941,748.0
2023-01-30,S002_P0014,1032,859.0
2023-02-06,S002_P0014,903,922.0
2023-02-13,S002_P0014,651,860.0
2023-02-20,S002_P0014,604,1774.0
2023-02-27,S002_P0014,1043,785.0
2023-03-06,S002_P0014,948,1091.0
2023-03-13,S002_P0014,749,512.0
2023-03-20,S002_P0014,914,1006.0
2023-03-27,S002_P0014,847,1315.0
2023-04-03,S002_P0014,742,1340.0
2023-04-10,S002_P0014,596,712.0
2023-04-17,S002_P0014,1391,851.0
2023-04-24,S002_P0014,1177,475.0
2023-05-01,S002_P0014,958,1051.0
2023-05-08,S002_P0014,971,764.0
2023-05-15,S002_P0014,1145,885.0
2023-05-22,S002_P0014,615,1006.0
2023-05-29,S002_P0014,660,1072.0
2023-06-05,S002_P0014,440,650.0
2023-06-12,S002_P0014,721,1803.0
2023-06-19,S002_P0014,1024,840.0
2023-06-26,S002_P0014,1180,651.0
2023-07-03,S002_P0014,1519,926.0
2023-07-10,S002_P0014,761,848.0
2023-07-17,S002_P0014,1253,1060.0
2023-07-24,S002_P0014,832,1096.0
2023-07-31,S002_P0014,804,1076.0
2023-08-07,S002_P0014,1045,1593.0
2023-08-14,S002_P0014,1240,1120.0
2023-08-21,S002_P0014,1127,772.0
2023-08-28,S002_P0014,1000,828.0
2023-09-04,S002_P0014,490,747.0
2023-09-11,S002_P0014,1069,1263.0
2023-09-18,S002_P0014,669,1116.0
2023-09-25,S002_P0014,566,1484.0
2023-10-02,S002_P0014,1087,1043.0
2023-10-09,S002_P0014,1315,1046.0
2023-10-16,S002_P0014,1591,522.0
2023-10-23,S002_P0014,612,528.0
2023-10-30,S002_P0014,1143,807.0
2023-11-06,S002_P0014,463,466.0
2023-11-13,S002_P0014,1292,1002.0
2023-11-20,S002_P0014,1012,948.0
2023-11-27,S002_P0014,685,729.0
2023-12-04,S002_P0014,489,849.0
2023-12-11,S002_P0014,1082,906.0
2023-12-18,S002_P0014,1314,446.0
2023-12-25,S002_P0014,836,669.0
2022-01-03,S002_P0015,938,
2022-01-10,S002_P0015,1413,
2022-01-17,S002_P0015,1446,
2022-01-24,S002_P0015,831,
2022-01-31,S002_P0015,1456,
2022-02-07,S002_P0015,952,
2022-02-14,S002_P0015,763,
2022-02-21,S002_P0015,748,
2022-02-28,S002_P0015,1443,
2022-03-07,S002_P0015,740,
2022-03-14,S002_P0015,666,
2022-03-21,S002_P0015,1124,
2022-03-28,S002_P0015,1076,
2022-04-04,S002_P0015,961,
2022-04-11,S002_P0015,880,
2022-04-18,S002_P0015,495,
2022-04-25,S002_P0015,1150,
2022-05-02,S002_P0015,956,
2022-05-09,S002_P0015,1156,
2022-05-16,S002_P0015,1133,
2022-05-23,S002_P0015,713,
2022-05-30,S002_P0015,814,
2022-06-06,S002_P0015,871,
2022-06-13,S002_P0015,690,
2022-06-20,S002_P0015,1172,
2022-06-27,S002_P0015,914,
2022-07-04,S002_P0015,1343,
2022-07-11,S002_P0015,849,
2022-07-18,S002_P0015,1111,
2022-07-25,S002_P0015,1230,
2022-08-01,S002_P0015,794,
2022-08-08,S002_P0015,1246,
2022-08-15,S002_P0015,602,
2022-08-22,S002_P0015,1255,
2022-08-29,S002_P0015,420,
2022-09-05,S002_P0015,977,
2022-09-12,S002_P0015,844,
2022-09-19,S002_P0015,756,
2022-09-26,S002_P0015,550,
2022-10-03,S002_P0015,455,
2022-10-10,S002_P0015,951,
2022-10-17,S002_P0015,697,
2022-10-24,S002_P0015,463,
2022-10-31,S002_P0015,611,
2022-11-07,S002_P0015,1043,
2022-11-14,S002_P0015,772,
2022-11-21,S002_P0015,837,
2022-11-28,S002_P0015,1300,
2022-12-05,S002_P0015,970,
2022-12-12,S002_P0015,940,
2022-12-19,S002_P0015,707,
2022-12-26,S002_P0015,933,
2023-01-02,S002_P0015,648,938.0
2023-01-09,S002_P0015,808,1413.0
2023-01-16,S002_P0015,1203,1446.0
2023-01-23,S002_P0015,732,831.0
2023-01-30,S002_P0015,1192,1456.0
2023-02-06,S002_P0015,1266,952.0
2023-02-13,S002_P0015,745,763.0
2023-02-20,S002_P0015,1262,748.0
2023-02-27,S002_P0015,801,1443.0
2023-03-06,S002_P0015,658,740.0
2023-03-13,S002_P0015,839,666.0
2023-03-20,S002_P0015,940,1124.0
2023-03-27,S002_P0015,836,1076.0
2023-04-03,S002_P0015,834,961.0
2023-04-10,S002_P0015,709,880.0
2023-04-17,S002_P0015,706,495.0
2023-04-24,S002_P0015,1115,1150.0
2023-05-01,S002_P0015,895,956.0
2023-05-08,S002_P0015,616,1156.0
2023-05-15,S002_P0015,901,1133.0
2023-05-22,S002_P0015,1515,713.0
2023-05-29,S002_P0015,802,814.0
2023-06-05,S002_P0015,706,871.0
2023-06-12,S002_P0015,1117,690.0
2023-06-19,S002_P0015,1164,1172.0
2023-06-26,S002_P0015,295,914.0
2023-07-03,S002_P0015,660,1343.0
2023-07-10,S002_P0015,1248,849.0
2023-07-17,S002_P0015,686,1111.0
2023-07-24,S002_P0015,609,1230.0
2023-07-31,S002_P0015,1461,794.0
2023-08-07,S002_P0015,770,1246.0
2023-08-14,S002_P0015,985,602.0
2023-08-21,S002_P0015,957,1255.0
2023-08-28,S002_P0015,840,420.0
2023-09-04,S002_P0015,1206,977.0
2023-09-11,S002_P0015,860,844.0
2023-09-18,S002_P0015,652,756.0
2023-09-25,S002_P0015,1025,550.0
2023-10-02,S002_P0015,1016,455.0
2023-10-09,S002_P0015,946,951.0
2023-10-16,S002_P0015,1205,697.0
2023-10-23,S002_P0015,1317,463.0
2023-10-30,S002_P0015,575,611.0
2023-11-06,S002_P0015,1081,1043.0
2023-11-13,S002_P0015,761,772.0
2023-11-20,S002_P0015,611,837.0
2023-11-27,S002_P0015,921,1300.0
2023-12-04,S002_P0015,762,970.0
2023-12-11,S002_P0015,818,940.0
2023-12-18,S002_P0015,1211,707.0
2023-12-25,S002_P0015,559,933.0
2022-01-03,S002_P0016,658,
2022-01-10,S002_P0016,899,
2022-01-17,S002_P0016,739,
2022-01-24,S002_P0016,914,
2022-01-31,S002_P0016,1328,
2022-02-07,S002_P0016,901,
2022-02-14,S002_P0016,945,
2022-02-21,S002_P0016,1129,
2022-02-28,S002_P0016,1435,
2022-03-07,S002_P0016,1133,
2022-03-14,S002_P0016,1132,
2022-03-21,S002_P0016,963,
2022-03-28,S002_P0016,797,
2022-04-04,S002_P0016,877,
2022-04-11,S002_P0016,1207,
2022-04-18,S002_P0016,338,
2022-04-25,S002_P0016,1296,
2022-05-02,S002_P0016,1031,
2022-05-09,S002_P0016,1069,
2022-05-16,S002_P0016,493,
2022-05-23,S002_P0016,722,
2022-05-30,S002_P0016,554,
2022-06-06,S002_P0016,1438,
2022-06-13,S002_P0016,986,
2022-06-20,S002_P0016,1813,
2022-06-27,S002_P0016,995,
2022-07-04,S002_P0016,1085,
2022-07-11,S002_P0016,355,
2022-07-18,S002_P0016,1944,
2022-07-25,S002_P0016,1067,
2022-08-01,S002_P0016,948,
2022-08-08,S002_P0016,1009,
2022-08-15,S002_P0016,901,
2022-08-22,S002_P0016,635,
2022-08-29,S002_P0016,709,
2022-09-05,S002_P0016,697,
2022-09-12,S002_P0016,991,
2022-09-19,S002_P0016,868,
2022-09-26,S002_P0016,778,
2022-10-03,S002_P0016,898,
2022-10-10,S002_P0016,838,
2022-10-17,S002_P0016,868,
2022-10-24,S002_P0016,1169,
2022-10-31,S002_P0016,788,
2022-11-07,S002_P0016,894,
2022-11-14,S002_P0016,1531,
2022-11-21,S002_P0016,905,
2022-11-28,S002_P0016,860,
2022-12-05,S002_P0016,997,
2022-12-12,S002_P0016,1061,
2022-12-19,S002_P0016,1030,
2022-12-26,S002_P0016,908,
2023-01-02,S002_P0016,903,658.0
2023-01-09,S002_P0016,715,899.0
2023-01-16,S002_P0016,1371,739.0
2023-01-23,S002_P0016,580,914.0
2023-01-30,S002_P0016,808,1328.0
2023-02-06,S002_P0016,1088,901.0
2023-02-13,S002_P0016,655,945.0
2023-02-20,S002_P0016,1081,1129.0
2023-02-27,S002_P0016,1073,1435.0
2023-03-06,S002_P0016,1310,1133.0
2023-03-13,S002_P0016,742,1132.0
2023-03-20,S002_P0016,640,963.0
2023-03-27,S002_P0016,886,797.0
2023-04-03,S002_P0016,1100,877.0
2023-04-10,S002_P0016,1162,1207.0
2023-04-17,S002_P0016,798,338.0
2023-04-24,S002_P0016,1152,1296.0
2023-05-01,S002_P0016,1172,1031.0
2023-05-08,S002_P0016,493,1069.0
2023-05-15,S002_P0016,1312,493.0
2023-05-22,S002_P0016,835,722.0
2023-05-29,S002_P0016,1111,554.0
2023-06-05,S002_P0016,1031,1438.0
2023-06-12,S002_P0016,574,986.0
2023-06-19,S002_P0016,1346,1813.0
2023-06-26,S002_P0016,1243,995.0
2023-07-03,S002_P0016,820,1085.0
2023-07-10,S002_P0016,1099,355.0
2023-07-17,S002_P0016,902,1944.0
2023-07-24,S002_P0016,784,1067.0
2023-07-31,S002_P0016,863,948.0
2023-08-07,S002_P0016,935,1009.0
2023-08-14,S002_P0016,1157,901.0
2023-08-21,S002_P0016,792,635.0
2023-08-28,S002_P0016,581,709.0
2023-09-04,S002_P0016,1093,697.0
2023-09-11,S002_P0016,1346,991.0
2023-09-18,S002_P0016,573,868.0
2023-09-25,S002_P0016,522,778.0
2023-10-02,S002_P0016,633,898.0
2023-10-09,S002_P0016,1048,838.0
2023-10-16,S002_P0016,1175,868.0
2023-10-23,S002_P0016,952,1169.0
2023-10-30,S002_P0016,1211,788.0
2023-11-06,S002_P0016,761,894.0
2023-11-13,S002_P0016,1537,1531.0
2023-11-20,S002_P0016,762,905.0
2023-11-27,S002_P0016,723,860.0
2023-12-04,S002_P0016,981,997.0
2023-12-11,S002_P0016,1684,1061.0
2023-12-18,S002_P0016,1146,1030.0
2023-12-25,S002_P0016,945,908.0
2022-01-03,S002_P0017,948,
2022-01-10,S002_P0017,968,
2022-01-17,S002_P0017,965,
2022-01-24,S002_P0017,576,
2022-01-31,S002_P0017,731,
2022-02-07,S002_P0017,933,
2022-02-14,S002_P0017,1099,
2022-02-21,S002_P0017,611,
2022-02-28,S002_P0017,1101,
2022-03-07,S002_P0017,871,
2022-03-14,S002_P0017,1078,
2022-03-21,S002_P0017,1086,
2022-03-28,S002_P0017,920,
2022-04-04,S002_P0017,1366,
2022-04-11,S002_P0017,981,
2022-04-18,S002_P0017,820,
2022-04-25,S002_P0017,933,
2022-05-02,S002_P0017,936,
2022-05-09,S002_P0017,550,
2022-05-16,S002_P0017,870,
2022-05-23,S002_P0017,997,
2022-05-30,S002_P0017,832,
2022-06-06,S002_P0017,1132,
2022-06-13,S002_P0017,796,
2022-06-20,S002_P0017,1232,
2022-06-27,S002_P0017,661,
2022-07-04,S002_P0017,974,
2022-07-11,S002_P0017,904,
2022-07-18,S002_P0017,593,
2022-07-25,S002_P0017,1375,
2022-08-01,S002_P0017,1199,
2022-08-08,S002_P0017,763,
2022-08-15,S002_P0017,595,
2022-08-22,S002_P0017,864,
2022-08-29,S002_P0017,1019,
2022-09-05,S002_P0017,1207,
2022-09-12,S002_P0017,1203,
2022-09-19,S002_P0017,706,
2022-09-26,S002_P0017,927,
2022-10-03,S002_P0017,1020,
2022-10-10,S002_P0017,1288,
2022-10-17,S002_P0017,890,
2022-10-24,S002_P0017,487,
2022-10-31,S002_P0017,847,
2022-11-07,S002_P0017,939,
2022-11-14,S002_P0017,712,
2022-11-21,S002_P0017,1042,
2022-11-28,S002_P0017,786,
2022-12-05,S002_P0017,1019,
2022-12-12,S002_P0017,762,
2022-12-19,S002_P0017,1032,
2022-12-26,S002_P0017,1031,
2023-01-02,S002_P0017,955,948.0
2023-01-09,S002_P0017,953,968.0
2023-01-16,S002_P0017,737,965.0
2023-01-23,S002_P0017,1719,576.0
2023-01-30,S002_P0017,1056,731.0
2023-02-06,S002_P0017,1186,933.0
2023-02-13,S002_P0017,750,1099.0
2023-02-20,S002_P0017,1109,611.0
2023-02-27,S002_P0017,981,1101.0
2023-03-06,S002_P0017,1004,871.0
2023-03-13,S002_P0017,1017,1078.0
2023-03-20,S002_P0017,740,1086.0
2023-03-27,S002_P0017,1264,920.0
2023-04-03,S002_P0017,1303,1366.0
2023-04-10,S002_P0017,443,981.0
2023-04-17,S002_P0017,899,820.0
2023-04-24,S002_P0017,1316,933.0
2023-05-01,S002_P0017,1062,936.0
2023-05-08,S002_P0017,792,550.0
2023-05-15,S002_P0017,863,870.0
2023-05-22,S002_P0017,981,997.0
2023-05-29,S002_P0017,1257,832.0
2023-06-05,S002_P0017,864,1132.0
2023-06-12,S002_P0017,958,796.0
2023-06-19,S002_P0017,721,1232.0
2023-06-26,S002_P0017,829,661.0
2023-07-03,S002_P0017,527,974.0
2023-07-10,S002_P0017,283,904.0
2023-07-17,S002_P0017,818,593.0
2023-07-24,S002_P0017,1676,1375.0
2023-07-31,S002_P0017,1001,1199.0
2023-08-07,S002_P0017,467,763.0
2023-08-14,S002_P0017,990,595.0
2023-08-21,S002_P0017,894,864.0
2023-08-28,S002_P0017,636,1019.0
2023-09-04,S002_P0017,684,1207.0
2023-09-11,S002_P0017,652,1203.0
2023-09-18,S002_P0017,687,706.0
2023-09-25,S002_P0017,858,927.0
2023-10-02,S002_P0017,622,1020.0
2023-10-09,S002_P0017,586,1288.0
2023-10-16,S002_P0017,899,890.0
2023-10-23,S002_P0017,557,487.0
2023-10-30,S002_P0017,691,847.0
2023-11-06,S002_P0017,1455,939.0
2023-11-13,S002_P0017,564,712.0
2023-11-20,S002_P0017,1257,1042.0
2023-11-27,S002_P0017,1177,786.0
2023-12-04,S002_P0017,1530,1019.0
2023-12-11,S002_P0017,769,762.0
2023-12-18,S002_P0017,884,1032.0
2023-12-25,S002_P0017,1058,1031.0
2022-01-03,S002_P0018,1137,
2022-01-10,S002_P0018,664,
2022-01-17,S002_P0018,1204,
2022-01-24,S002_P0018,906,
2022-01-31,S002_P0018,1088,
2022-02-07,S002_P0018,786,
2022-02-14,S002_P0018,984,
2022-02-21,S002_P0018,1140,
2022-02-28,S002_P0018,851,
2022-03-07,S002_P0018,1017,
2022-03-14,S002_P0018,1066,
2022-03-21,S002_P0018,789,
2022-03-28,S002_P0018,1414,
2022-04-04,S002_P0018,845,
2022-04-11,S002_P0018,997,
2022-04-18,S002_P0018,1137,
2022-04-25,S002_P0018,1466,
2022-05-02,S002_P0018,1196,
2022-05-09,S002_P0018,996,
2022-05-16,S002_P0018,710,
2022-05-23,S002_P0018,953,
2022-05-30,S002_P0018,621,
2022-06-06,S002_P0018,538,
2022-06-13,S002_P0018,1598,
2022-06-20,S002_P0018,534,
2022-06-27,S002_P0018,1231,
2022-07-04,S002_P0018,960,
2022-07-11,S002_P0018,1089,
2022-07-18,S002_P0018,878,
2022-07-25,S002_P0018,509,
2022-08-01,S002_P0018,622,
2022-08-08,S002_P0018,955,
2022-08-15,S002_P0018,610,
2022-08-22,S002_P0018,845,
2022-08-29,S002_P0018,1081,
2022-09-05,S002_P0018,665,
2022-09-12,S002_P0018,780,
2022-09-19,S002_P0018,666,
2022-09-26,S002_P0018,1150,
2022-10-03,S002_P0018,1243,
2022-10-10,S002_P0018,820,
2022-10-17,S002_P0018,1460,
2022-10-24,S002_P0018,900,
2022-10-31,S002_P0018,800,
2022-11-07,S002_P0018,1030,
2022-11-14,S002_P0018,901,
2022-11-21,S002_P0018,1087,
2022-11-28,S002_P0018,1141,
2022-12-05,S002_P0018,988,
2022-12-12,S002_P0018,583,
2022-12-19,S002_P0018,703,
2022-12-26,S002_P0018,1487,
2023-01-02,S002_P0018,740,1137.0
2023-01-09,S002_P0018,777,664.0
2023-01-16,S002_P0018,1329,1204.0
2023-01-23,S002_P0018,1524,906.0
2023-01-30,S002_P0018,574,1088.0
2023-02-06,S002_P0018,700,786.0
2023-02-13,S002_P0018,1019,984.0
2023-02-20,S002_P0018,1023,1140.0
2023-02-27,S002_P0018,1290,851.0
2023-03-06,S002_P0018,1167,1017.0
2023-03-13,S002_P0018,871,1066.0
2023-03-20,S002_P0018,755,789.0
2023-03-27,S002_P0018,961,1414.0
2023-04-03,S002_P0018,1391,845.0
2023-04-10,S002_P0018,1112,997.0
2023-04-17,S002_P0018,856,1137.0
2023-04-24,S002_P0018,828,1466.0
2023-05-01,S002_P0018,988,1196.0
2023-05-08,S002_P0018,1323,996.0
2023-05-15,S002_P0018,1432,710.0
2023-05-22,S002_P0018,539,953.0
2023-05-29,S002_P0018,889,621.0
2023-06-05,S002_P0018,683,538.0
2023-06-12,S002_P0018,732,1598.0
2023-06-19,S002_P0018,1390,534.0
2023-06-26,S002_P0018,1614,1231.0
2023-07-03,S002_P0018,1078,960.0
2023-07-10,S002_P0018,919,1089.0
2023-07-17,S002_P0018,1147,878.0
2023-07-24,S002_P0018,820,509.0
2023-07-31,S002_P0018,1246,622.0
2023-08-07,S002_P0018,982,955.0
2023-08-14,S002_P0018,972,610.0
2023-08-21,S002_P0018,1222,845.0
2023-08-28,S002_P0018,735,1081.0
2023-09-04,S002_P0018,720,665.0
2023-09-11,S002_P0018,1107,780.0
2023-09-18,S002_P0018,630,666.0
2023-09-25,S002_P0018,938,1150.0
2023-10-02,S002_P0018,871,1243.0
2023-10-09,S002_P0018,1323,820.0
2023-10-16,S002_P0018,777,1460.0
2023-10-23,S002_P0018,1350,900.0
2023-10-30,S002_P0018,771,800.0
2023-11-06,S002_P0018,886,1030.0
2023-11-13,S002_P0018,928,901.0
2023-11-20,S002_P0018,970,1087.0
2023-11-27,S002_P0018,891,1141.0
2023-12-04,S002_P0018,884,988.0
2023-12-11,S002_P0018,1189,583.0
2023-12-18,S002_P0018,1281,703.0
2023-12-25,S002_P0018,1203,1487.0
2022-01-03,S002_P0019,953,
2022-01-10,S002_P0019,977,
2022-01-17,S002_P0019,1136,
2022-01-24,S002_P0019,692,
2022-01-31,S002_P0019,850,
2022-02-07,S002_P0019,1450,
2022-02-14,S002_P0019,680,
2022-02-21,S002_P0019,1014,
2022-02-28,S002_P0019,684,
2022-03-07,S002_P0019,1150,
2022-03-14,S002_P0019,564,
2022-03-21,S002_P0019,986,
2022-03-28,S002_P0019,902,
2022-04-04,S002_P0019,976,
2022-04-11,S002_P0019,1312,
2022-04-18,S002_P0019,1425,
2022-04-25,S002_P0019,755,
2022-05-02,S002_P0019,744,
2022-05-09,S002_P0019,967,
2022-05-16,S002_P0019,1093,
2022-05-23,S002_P0019,916,
2022-05-30,S002_P0019,466,
2022-06-06,S002_P0019,905,
2022-06-13,S002_P0019,297,
2022-06-20,S002_P0019,593,
2022-06-27,S002_P0019,902,
2022-07-04,S002_P0019,668,
2022-07-11,S002_P0019,1022,
2022-07-18,S002_P0019,1417,
2022-07-25,S002_P0019,531,
2022-08-01,S002_P0019,841,
2022-08-08,S002_P0019,544,
2022-08-15,S002_P0019,1104,
2022-08-22,S002_P0019,1120,
2022-08-29,S002_P0019,656,
2022-09-05,S002_P0019,1260,
2022-09-12,S002_P0019,834,
2022-09-19,S002_P0019,1309,
2022-09-26,S002_P0019,1281,
2022-10-03,S002_P0019,794,
2022-10-10,S002_P0019,803,
2022-10-17,S002_P0019,940,
2022-10-24,S002_P0019,886,
2022-10-31,S002_P0019,891,
2022-11-07,S002_P0019,975,
2022-11-14,S002_P0019,1089,
2022-11-21,S002_P0019,1283,
2022-11-28,S002_P0019,752,
2022-12-05,S002_P0019,796,
2022-12-12,S002_P0019,1410,
2022-12-19,S002_P0019,536,
2022-12-26,S002_P0019,741,
2023-01-02,S002_P0019,723,953.0
2023-01-09,S002_P0019,502,977.0
2023-01-16,S002_P0019,575,1136.0
2023-01-23,S002_P0019,1026,692.0
2023-01-30,S002_P0019,828,850.0
2023-02-06,S002_P0019,912,1450.0
2023-02-13,S002_P0019,883,680.0
2023-02-20,S002_P0019,1159,1014.0
2023-02-27,S002_P0019,1755,684.0
2023-03-06,S002_P0019,1245,1150.0
2023-03-13,S002_P0019,515,564.0
2023-03-20,S002_P0019,1156,986.0
2023-03-27,S002_P0019,766,902.0
2023-04-03,S002_P0019,589,976.0
2023-04-10,S002_P0019,876,1312.0
2023-04-17,S002_P0019,986,1425.0
2023-04-24,S002_P0019,554,755.0
2023-05-01,S002_P0019,205,744.0
2023-05-08,S002_P0019,1738,967.0
2023-05-15,S002_P0019,1470,1093.0
2023-05-22,S002_P0019,1343,916.0
2023-05-29,S002_P0019,1419,466.0
2023-06-05,S002_P0019,943,905.0
2023-06-12,S002_P0019,412,297.0
2023-06-19,S002_P0019,823,593.0
2023-06-26,S002_P0019,845,902.0
2023-07-03,S002_P0019,943,668.0
2023-07-10,S002_P0019,590,1022.0
2023-07-17,S002_P0019,988,1417.0
2023-07-24,S002_P0019,1041,531.0
2023-07-31,S002_P0019,504,841.0
2023-08-07,S002_P0019,1162,544.0
2023-08-14,S002_P0019,890,1104.0
2023-08-21,S002_P0019,1264,1120.0
2023-08-28,S002_P0019,937,656.0
2023-09-04,S002_P0019,860,1260.0
2023-09-11,S002_P0019,739,834.0
2023-09-18,S002_P0019,681,1309.0
2023-09-25,S002_P0019,1607,1281.0
2023-10-02,S002_P0019,987,794.0
2023-10-09,S002_P0019,1099,803.0
2023-10-16,S002_P0019,787,940.0
2023-10-23,S002_P0019,645,886.0
2023-10-30,S002_P0019,854,891.0
2023-11-06,S002_P0019,968,975.0
2023-11-13,S002_P0019,935,1089.0
2023-11-20,S002_P0019,375,1283.0
2023-11-27,S002_P0019,805,752.0
2023-12-04,S002_P0019,877,796.0
2023-12-11,S002_P0019,785,1410.0
2023-12-18,S002_P0019,864,536.0
2023-12-25,S002_P0019,1324,741.0
2022-01-03,S002_P0020,1263,
2022-01-10,S002_P0020,1340,
2022-01-17,S002_P0020,841,
2022-01-24,S002_P0020,1016,
2022-01-31,S002_P0020,1252,
2022-02-07,S002_P0020,947,
2022-02-14,S002_P0020,836,
2022-02-21,S002_P0020,925,
2022-02-28,S002_P0020,673,
2022-03-07,S002_P0020,903,
2022-03-14,S002_P0020,1172,
2022-03-21,S002_P0020,624,
2022-03-28,S002_P0020,699,
2022-04-04,S002_P0020,1255,
2022-04-11,S002_P0020,1135,
2022-04-18,S002_P0020,1104,
2022-04-25,S002_P0020,1347,
2022-05-02,S002_P0020,859,
2022-05-09,S002_P0020,601,
2022-05-16,S002_P0020,979,
2022-05-23,S002_P0020,1080,
2022-05-30,S002_P0020,1015,
2022-06-06,S002_P0020,1126,
2022-06-13,S002_P0020,870,
2022-06-20,S002_P0020,1260,
2022-06-27,S002_P0020,1093,
2022-07-04,S002_P0020,733,
2022-07-11,S002_P0020,1223,
2022-07-18,S002_P0020,1051,
2022-07-25,S002_P0020,1401,
2022-08-01,S002_P0020,856,
2022-08-08,S002_P0020,706,
2022-08-15,S002_P0020,1204,
2022-08-22,S002_P0020,655,
2022-08-29,S002_P0020,881,
2022-09-05,S002_P0020,755,
2022-09-12,S002_P0020,796,
2022-09-19,S002_P0020,520,
2022-09-26,S002_P0020,1116,
2022-10-03,S002_P0020,964,
2022-10-10,S002_P0020,1017,
2022-10-17,S002_P0020,1143,
2022-10-24,S002_P0020,1175,
2022-10-31,S002_P0020,1271,
2022-11-07,S002_P0020,766,
2022-11-14,S002_P0020,1031,
2022-11-21,S002_P0020,1528,
2022-11-28,S002_P0020,1395,
2022-12-05,S002_P0020,935,
2022-12-12,S002_P0020,880,
2022-12-19,S002_P0020,758,
2022-12-26,S002_P0020,1083,
2023-01-02,S002_P0020,901,1263.0
2023-01-09,S002_P0020,1383,1340.0
2023-01-16,S002_P0020,637,841.0
2023-01-23,S002_P0020,913,1016.0
2023-01-30,S002_P0020,1050,1252.0
2023-02-06,S002_P0020,1649,947.0
2023-02-13,S002_P0020,1413,836.0
2023-02-20,S002_P0020,1198,925.0
2023-02-27,S002_P0020,911,673.0
2023-03-06,S002_P0020,1039,903.0
2023-03-13,S002_P0020,1290,1172.0
2023-03-20,S002_P0020,656,624.0
2023-03-27,S002_P0020,1538,699.0
2023-04-03,S002_P0020,794,1255.0
2023-04-10,S002_P0020,532,1135.0
2023-04-17,S002_P0020,989,1104.0
2023-04-24,S002_P0020,1090,1347.0
2023-05-01,S002_P0020,1214,859.0
2023-05-08,S002_P0020,1251,601.0
2023-05-15,S002_P0020,704,979.0
2023-05-22,S002_P0020,1120,1080.0
2023-05-29,S002_P0020,1494,1015.0
2023-06-05,S002_P0020,1094,1126.0
2023-06-12,S002_P0020,736,870.0
2023-06-19,S002_P0020,1475,1260.0
2023-06-26,S002_P0020,1128,1093.0
2023-07-03,S002_P0020,1121,733.0
2023-07-10,S002_P0020,1358,1223.0
2023-07-17,S002_P0020,1067,1051.0
2023-07-24,S002_P0020,619,1401.0
2023-07-31,S002_P0020,1142,856.0
2023-08-07,S002_P0020,840,706.0
2023-08-14,S002_P0020,642,1204.0
2023-08-21,S002_P0020,397,655.0
2023-08-28,S002_P0020,1092,881.0
2023-09-04,S002_P0020,501,755.0
2023-09-11,S002_P0020,1267,796.0
2023-09-18,S002_P0020,1003,520.0
2023-09-25,S002_P0020,1128,1116.0
2023-10-02,S002_P0020,751,964.0
2023-10-09,S002_P0020,1160,1017.0
2023-10-16,S002_P0020,1305,1143.0
2023-10-23,S002_P0020,583,1175.0
2023-10-30,S002_P0020,891,1271.0
2023-11-06,S002_P0020,716,766.0
2023-11-13,S002_P0020,1410,1031.0
2023-11-20,S002_P0020,1073,1528.0
2023-11-27,S002_P0020,683,1395.0
2023-12-04,S002_P0020,1019,935.0
2023-12-11,S002_P0020,892,880.0
2023-12-18,S002_P0020,612,758.0
2023-12-25,S002_P0020,1410,1083.0
2022-01-03,S003_P0001,1009,
2022-01-10,S003_P0001,537,
2022-01-17,S003_P0001,1491,
2022-01-24,S003_P0001,1315,
2022-01-31,S003_P0001,1184,
2022-02-07,S003_P0001,586,
2022-02-14,S003_P0001,1206,
2022-02-21,S003_P0001,771,
2022-02-28,S003_P0001,479,
2022-03-07,S003_P0001,1090,
2022-03-14,S003_P0001,609,
2022-03-21,S003_P0001,769,
2022-03-28,S003_P0001,836,
2022-04-04,S003_P0001,749,
2022-04-11,S003_P0001,798,
2022-04-18,S003_P0001,201,
2022-04-25,S003_P0001,791,
2022-05-02,S003_P0001,299,
2022-05-09,S003_P0001,766,
2022-05-16,S003_P0001,1326,
2022-05-23,S003_P0001,828,
2022-05-30,S003_P0001,809,
2022-06-06,S003_P0001,972,
2022-06-13,S003_P0001,501,
2022-06-20,S003_P0001,792,
2022-06-27,S003_P0001,845,
2022-07-04,S003_P0001,674,
2022-07-11,S003_P0001,773,
2022-07-18,S003_P0001,938,
2022-07-25,S003_P0001,920,
2022-08-01,S003_P0001,1103,
2022-08-08,S003_P0001,1233,
2022-08-15,S003_P0001,822,
2022-08-22,S003_P0001,546,
2022-08-29,S003_P0001,849,
2022-09-05,S003_P0001,979,
2022-09-12,S003_P0001,1157,
2022-09-19,S003_P0001,1293,
2022-09-26,S003_P0001,1292,
2022-10-03,S003_P0001,803,
2022-10-10,S003_P0001,1368,
2022-10-17,S003_P0001,1304,
2022-10-24,S003_P0001,1018,
2022-10-31,S003_P0001,663,
2022-11-07,S003_P0001,848,
2022-11-14,S003_P0001,1548,
2022-11-21,S003_P0001,1329,
2022-11-28,S003_P0001,1483,
2022-12-05,S003_P0001,1006,
2022-12-12,S003_P0001,1272,
2022-12-19,S003_P0001,729,
2022-12-26,S003_P0001,1302,
2023-01-02,S003_P0001,778,1009.0
2023-01-09,S003_P0001,973,537.0
2023-01-16,S003_P0001,1025,1491.0
2023-01-23,S003_P0001,814,1315.0
2023-01-30,S003_P0001,1109,1184.0
2023-02-06,S003_P0001,757,586.0
2023-02-13,S003_P0001,973,1206.0
2023-02-20,S003_P0001,715,771.0
2023-02-27,S003_P0001,645,479.0
2023-03-06,S003_P0001,653,1090.0
2023-03-13,S003_P0001,871,609.0
2023-03-20,S003_P0001,748,769.0
2023-03-27,S003_P0001,1124,836.0
2023-04-03,S003_P0001,1015,749.0
2023-04-10,S003_P0001,728,798.0
2023-04-17,S003_P0001,936,201.0
2023-04-24,S003_P0001,600,791.0
2023-05-01,S003_P0001,1110,299.0
2023-05-08,S003_P0001,1102,766.0
2023-05-15,S003_P0001,929,1326.0
2023-05-22,S003_P0001,827,828.0
2023-05-29,S003_P0001,527,809.0
2023-06-05,S003_P0001,877,972.0
2023-06-12,S003_P0001,1376,501.0
2023-06-19,S003_P0001,934,792.0
2023-06-26,S003_P0001,1008,845.0
2023-07-03,S003_P0001,795,674.0
2023-07-10,S003_P0001,1236,773.0
2023-07-17,S003_P0001,879,938.0
2023-07-24,S003_P0001,831,920.0
2023-07-31,S003_P0001,905,1103.0
2023-08-07,S003_P0001,860,1233.0
2023-08-14,S003_P0001,670,822.0
2023-08-21,S003_P0001,1540,546.0
2023-08-28,S003_P0001,614,849.0
2023-09-04,S003_P0001,539,979.0
2023-09-11,S003_P0001,755,1157.0
2023-09-18,S003_P0001,337,1293.0
2023-09-25,S003_P0001,798,1292.0
2023-10-02,S003_P0001,917,803.0
2023-10-09,S003_P0001,815,1368.0
2023-10-16,S003_P0001,1610,1304.0
2023-10-23,S003_P0001,731,1018.0
2023-10-30,S003_P0001,1372,663.0
2023-11-06,S003_P0001,887,848.0
2023-11-13,S003_P0001,849,1548.0
2023-11-20,S003_P0001,711,1329.0
2023-11-27,S003_P0001,837,1483.0
2023-12-04,S003_P0001,698,1006.0
2023-12-11,S003_P0001,617,1272.0
2023-12-18,S003_P0001,902,729.0
2023-12-25,S003_P0001,575,1302.0
2022-01-03,S003_P0002,1306,
2022-01-10,S003_P0002,969,
2022-01-17,S003_P0002,792,
2022-01-24,S003_P0002,1070,
2022-01-31,S003_P0002,1299,
2022-02-07,S003_P0002,1049,
2022-02-14,S003_P0002,601,
2022-02-21,S003_P0002,1042,
2022-02-28,S003_P0002,515,
2022-03-07,S003_P0002,847,
2022-03-14,S003_P0002,1176,
2022-03-21,S003_P0002,682,
2022-03-28,S003_P0002,1178,
2022-04-04,S003_P0002,1170,
2022-04-11,S003_P0002,565,
2022-04-18,S003_P0002,459,
2022-04-25,S003_P0002,889,
2022-05-02,S003_P0002,932,
2022-05-09,S003_P0002,724,
2022-05-16,S003_P0002,1566,
2022-05-23,S003_P0002,552,
2022-05-30,S003_P0002,1214,
2022-06-06,S003_P0002,980,
2022-06-13,S003_P0002,1424,
2022-06-20,S003_P0002,1274,
2022-06-27,S003_P0002,1032,
2022-07-04,S003_P0002,1417,
2022-07-11,S003_P0002,814,
2022-07-18,S003_P0002,1269,
2022-07-25,S003_P0002,912,
2022-08-01,S003_P0002,1447,
2022-08-08,S003_P0002,811,
2022-08-15,S003_P0002,1363,
2022-08-22,S003_P0002,1152,
2022-08-29,S003_P0002,471,
2022-09-05,S003_P0002,609,
2022-09-12,S003_P0002,1017,
2022-09-19,S003_P0002,580,
2022-09-26,S003_P0002,742,
2022-10-03,S003_P0002,1280,
2022-10-10,S003_P0002,1352,
2022-10-17,S003_P0002,533,
2022-10-24,S003_P0002,779,
2022-10-31,S003_P0002,564,
2022-11-07,S003_P0002,1189,
2022-11-14,S003_P0002,832,
2022-11-21,S003_P0002,1028,
2022-11-28,S003_P0002,745,
2022-12-05,S003_P0002,762,
2022-12-12,S003_P0002,1493,
2022-12-19,S003_P0002,1171,
2022-12-26,S003_P0002,976,
2023-01-02,S003_P0002,1124,1306.0
2023-01-09,S003_P0002,337,969.0
2023-01-16,S003_P0002,1567,792.0
2023-01-23,S003_P0002,691,1070.0
2023-01-30,S003_P0002,1161,1299.0
2023-02-06,S003_P0002,956,1049.0
2023-02-13,S003_P0002,709,601.0
2023-02-20,S003_P0002,1265,1042.0
2023-02-27,S003_P0002,699,515.0
2023-03-06,S003_P0002,919,847.0
2023-03-13,S003_P0002,1444,1176.0
2023-03-20,S003_P0002,867,682.0
2023-03-27,S003_P0002,1530,1178.0
2023-04-03,S003_P0002,1188,1170.0
2023-04-10,S003_P0002,870,565.0
2023-04-17,S003_P0002,438,459.0
2023-04-24,S003_P0002,857,889.0
2023-05-01,S003_P0002,1192,932.0
2023-05-08,S003_P0002,1602,724.0
2023-05-15,S003_P0002,997,1566.0
2023-05-22,S003_P0002,1261,552.0
2023-05-29,S003_P0002,1273,1214.0
2023-06-05,S003_P0002,1232,980.0
2023-06-12,S003_P0002,958,1424.0
2023-06-19,S003_P0002,1375,1274.0
2023-06-26,S003_P0002,867,1032.0
2023-07-03,S003_P0002,1002,1417.0
2023-07-10,S003_P0002,867,814.0
2023-07-17,S003_P0002,897,1269.0
2023-07-24,S003_P0002,917,912.0
2023-07-31,S003_P0002,798,1447.0
2023-08-07,S003_P0002,817,811.0
2023-08-14,S003_P0002,1730,1363.0
2023-08-21,S003_P0002,1001,1152.0
2023-08-28,S003_P0002,539,471.0
2023-09-04,S003_P0002,1010,609.0
2023-09-11,S003_P0002,805,1017.0
2023-09-18,S003_P0002,848,580.0
2023-09-25,S003_P0002,1106,742.0
2023-10-02,S003_P0002,1064,1280.0
2023-10-09,S003_P0002,896,1352.0
2023-10-16,S003_P0002,984,533.0
2023-10-23,S003_P0002,968,779.0
2023-10-30,S003_P0002,655,564.0
2023-11-06,S003_P0002,1314,1189.0
2023-11-13,S003_P0002,1044,832.0
2023-11-20,S003_P0002,813,1028.0
2023-11-27,S003_P0002,1061,745.0
2023-12-04,S003_P0002,982,762.0
2023-12-11,S003_P0002,1150,1493.0
2023-12-18,S003_P0002,1100,1171.0
2023-12-25,S003_P0002,1753,976.0
2022-01-03,S003_P0003,729,
2022-01-10,S003_P0003,456,
2022-01-17,S003_P0003,981,
2022-01-24,S003_P0003,328,
2022-01-31,S003_P0003,635,
2022-02-07,S003_P0003,731,
2022-02-14,S003_P0003,1029,
2022-02-21,S003_P0003,614,
2022-02-28,S003_P0003,1035,
2022-03-07,S003_P0003,827,
2022-03-14,S003_P0003,708,
2022-03-21,S003_P0003,815,
2022-03-28,S003_P0003,1265,
2022-04-04,S003_P0003,917,
2022-04-11,S003_P0003,1201,
2022-04-18,S003_P0003,1009,
2022-04-25,S003_P0003,1048,
2022-05-02,S003_P0003,1152,
2022-05-09,S003_P0003,1239,
2022-05-16,S003_P0003,1148,
2022-05-23,S003_P0003,1477,
2022-05-30,S003_P0003,574,
2022-06-06,S003_P0003,778,
2022-06-13,S003_P0003,1332,
2022-06-20,S003_P0003,987,
2022-06-27,S003_P0003,1077,
2022-07-04,S003_P0003,1400,
2022-07-11,S003_P0003,962,
2022-07-18,S003_P0003,982,
2022-07-25,S003_P0003,1083,
2022-08-01,S003_P0003,648,
2022-08-08,S003_P0003,936,
2022-08-15,S003_P0003,860,
2022-08-22,S003_P0003,1234,
2022-08-29,S003_P0003,847,
2022-09-05,S003_P0003,706,
2022-09-12,S003_P0003,670,
2022-09-19,S003_P0003,1380,
2022-09-26,S003_P0003,514,
2022-10-03,S003_P0003,846,
2022-10-10,S003_P0003,1206,
2022-10-17,S003_P0003,761,
2022-10-24,S003_P0003,1020,
2022-10-31,S003_P0003,1130,
2022-11-07,S003_P0003,1109,
2022-11-14,S003_P0003,618,
2022-11-21,S003_P0003,471,
2022-11-28,S003_P0003,183,
2022-12-05,S003_P0003,889,
2022-12-12,S003_P0003,861,
2022-12-19,S003_P0003,1055,
2022-12-26,S003_P0003,868,
2023-01-02,S003_P0003,580,729.0
2023-01-09,S003_P0003,1115,456.0
2023-01-16,S003_P0003,474,981.0
2023-01-23,S003_P0003,472,328.0
2023-01-30,S003_P0003,803,635.0
2023-02-06,S003_P0003,1022,731.0
2023-02-13,S003_P0003,467,1029.0
2023-02-20,S003_P0003,959,614.0
2023-02-27,S003_P0003,828,1035.0
2023-03-06,S003_P0003,962,827.0
2023-03-13,S003_P0003,1048,708.0
2023-03-20,S003_P0003,853,815.0
2023-03-27,S003_P0003,337,1265.0
2023-04-03,S003_P0003,1329,917.0
2023-04-10,S003_P0003,695,1201.0
2023-04-17,S003_P0003,1020,1009.0
2023-04-24,S003_P0003,618,1048.0
2023-05-01,S003_P0003,1154,1152.0
2023-05-08,S003_P0003,1125,1239.0
2023-05-15,S003_P0003,869,1148.0
2023-05-22,S003_P0003,1432,1477.0
2023-05-29,S003_P0003,963,574.0
2023-06-05,S003_P0003,600,778.0
2023-06-12,S003_P0003,616,1332.0
2023-06-19,S003_P0003,626,987.0
2023-06-26,S003_P0003,853,1077.0
2023-07-03,S003_P0003,1428,1400.0
2023-07-10,S003_P0003,852,962.0
2023-07-17,S003_P0003,1224,982.0
2023-07-24,S003_P0003,1387,1083.0
2023-07-31,S003_P0003,743,648.0
2023-08-07,S003_P0003,939,936.0
2023-08-14,S003_P0003,553,860.0
2023-08-21,S003_P0003,670,1234.0
2023-08-28,S003_P0003,786,847.0
2023-09-04,S003_P0003,897,706.0
2023-09-11,S003_P0003,809,670.0
2023-09-18,S003_P0003,687,1380.0
2023-09-25,S003_P0003,959,514.0
2023-10-02,S003_P0003,954,846.0
2023-10-09,S003_P0003,900,1206.0
2023-10-16,S003_P0003,647,761.0
2023-10-23,S003_P0003,1142,1020.0
2023-10-30,S003_P0003,374,1130.0
2023-11-06,S003_P0003,857,1109.0
2023-11-13,S003_P0003,1289,618.0
2023-11-20,S003_P0003,1078,471.0
2023-11-27,S003_P0003,753,183.0
2023-12-04,S003_P0003,502,889.0
2023-12-11,S003_P0003,908,861.0
2023-12-18,S003_P0003,863,1055.0
2023-12-25,S003_P0003,1111,868.0
2022-01-03,S003_P0004,1008,
2022-01-10,S003_P0004,994,
2022-01-17,S003_P0004,838,
2022-01-24,S003_P0004,981,
2022-01-31,S003_P0004,1187,
2022-02-07,S003_P0004,846,
2022-02-14,S003_P0004,1105,
2022-02-21,S003_P0004,867,
2022-02-28,S003_P0004,877,
2022-03-07,S003_P0004,1261,
2022-03-14,S003_P0004,565,
2022-03-21,S003_P0004,774,
2022-03-28,S003_P0004,897,
2022-04-04,S003_P0004,900,
2022-04-11,S003_P0004,562,
2022-04-18,S003_P0004,600,
2022-04-25,S003_P0004,1002,
2022-05-02,S003_P0004,1107,
2022-05-09,S003_P0004,545,
2022-05-16,S003_P0004,948,
2022-05-23,S003_P0004,863,
2022-05-30,S003_P0004,926,
2022-06-06,S003_P0004,1313,
2022-06-13,S003_P0004,648,
2022-06-20,S003_P0004,765,
2022-06-27,S003_P0004,1091,
2022-07-04,S003_P0004,1251,
2022-07-11,S003_P0004,1059,
2022-07-18,S003_P0004,889,
2022-07-25,S003_P0004,1232,
2022-08-01,S003_P0004,1425,
2022-08-08,S003_P0004,1159,
2022-08-15,S003_P0004,450,
2022-08-22,S003_P0004,802,
2022-08-29,S003_P0004,784,
2022-09-05,S003_P0004,1017,
2022-09-12,S003_P0004,850,
2022-09-19,S003_P0004,830,
2022-09-26,S003_P0004,968,
2022-10-03,S003_P0004,678,
2022-10-10,S003_P0004,908,
2022-10-17,S003_P0004,952,
2022-10-24,S003_P0004,966,
2022-10-31,S003_P0004,951,
2022-11-07,S003_P0004,558,
2022-11-14,S003_P0004,948,
2022-11-21,S003_P0004,589,
2022-11-28,S003_P0004,1184,
2022-12-05,S003_P0004,616,
2022-12-12,S003_P0004,1226,
2022-12-19,S003_P0004,799,
2022-12-26,S003_P0004,928,
2023-01-02,S003_P0004,963,1008.0
2023-01-09,S003_P0004,1080,994.0
2023-01-16,S003_P0004,587,838.0
2023-01-23,S003_P0004,466,981.0
2023-01-30,S003_P0004,1055,1187.0
2023-02-06,S003_P0004,1054,846.0
2023-02-13,S003_P0004,1369,1105.0
2023-02-20,S003_P0004,1286,867.0
2023-02-27,S003_P0004,794,877.0
2023-03-06,S003_P0004,1472,1261.0
2023-03-13,S003_P0004,877,565.0
2023-03-20,S003_P0004,842,774.0
2023-03-27,S003_P0004,966,897.0
2023-04-03,S003_P0004,1085,900.0
2023-04-10,S003_P0004,686,562.0
2023-04-17,S003_P0004,1223,600.0
2023-04-24,S003_P0004,832,1002.0
2023-05-01,S003_P0004,853,1107.0
2023-05-08,S003_P0004,1252,545.0
2023-05-15,S003_P0004,1235,948.0
2023-05-22,S003_P0004,1263,863.0
2023-05-29,S003_P0004,1053,926.0
2023-06-05,S003_P0004,602,1313.0
2023-06-12,S003_P0004,911,648.0
2023-06-19,S003_P0004,1204,765.0
2023-06-26,S003_P0004,742,1091.0
2023-07-03,S003_P0004,765,1251.0
2023-07-10,S003_P0004,810,1059.0
2023-07-17,S003_P0004,779,889.0
2023-07-24,S003_P0004,804,1232.0
2023-07-31,S003_P0004,1165,1425.0
2023-08-07,S003_P0004,1632,1159.0
2023-08-14,S003_P0004,691,450.0
2023-08-21,S003_P0004,736,802.0
2023-08-28,S003_P0004,752,784.0
2023-09-04,S003_P0004,874,1017.0
2023-09-11,S003_P0004,643,850.0
2023-09-18,S003_P0004,1548,830.0
2023-09-25,S003_P0004,824,968.0
2023-10-02,S003_P0004,747,678.0
2023-10-09,S003_P0004,660,908.0
2023-10-16,S003_P0004,905,952.0
2023-10-23,S003_P0004,822,966.0
2023-10-30,S003_P0004,821,951.0
2023-11-06,S003_P0004,854,558.0
2023-11-13,S003_P0004,769,948.0
2023-11-20,S003_P0004,495,589.0
2023-11-27,S003_P0004,1312,1184.0
2023-12-04,S003_P0004,803,616.0
2023-12-11,S003_P0004,809,1226.0
2023-12-18,S003_P0004,1041,799.0
2023-12-25,S003_P0004,1237,928.0
2022-01-03,S003_P0005,1042,
2022-01-10,S003_P0005,962,
2022-01-17,S003_P0005,1615,
2022-01-24,S003_P0005,811,
2022-01-31,S003_P0005,974,
2022-02-07,S003_P0005,1169,
2022-02-14,S003_P0005,1420,
2022-02-21,S003_P0005,1175,
2022-02-28,S003_P0005,1035,
2022-03-07,S003_P0005,986,
2022-03-14,S003_P0005,821,
2022-03-21,S003_P0005,1040,
2022-03-28,S003_P0005,1600,
2022-04-04,S003_P0005,729,
2022-04-11,S003_P0005,655,
2022-04-18,S003_P0005,491,
2022-04-25,S003_P0005,1335,
2022-05-02,S003_P0005,1252,
2022-05-09,S003_P0005,587,
2022-05-16,S003_P0005,855,
2022-05-23,S003_P0005,1008,
2022-05-30,S003_P0005,819,
2022-06-06,S003_P0005,1536,
2022-06-13,S003_P0005,834,
2022-06-20,S003_P0005,1455,
2022-06-27,S003_P0005,691,
2022-07-04,S003_P0005,689,
2022-07-11,S003_P0005,1494,
2022-07-18,S003_P0005,1020,
2022-07-25,S003_P0005,866,
2022-08-01,S003_P0005,1560,
2022-08-08,S003_P0005,1551,
2022-08-15,S003_P0005,971,
2022-08-22,S003_P0005,845,
2022-08-29,S003_P0005,1295,
2022-09-05,S003_P0005,1604,
2022-09-12,S003_P0005,1075,
2022-09-19,S003_P0005,1081,
2022-09-26,S003_P0005,1067,
2022-10-03,S003_P0005,1285,
2022-10-10,S003_P0005,1041,
2022-10-17,S003_P0005,624,
2022-10-24,S003_P0005,648,
2022-10-31,S003_P0005,1050,
2022-11-07,S003_P0005,1227,
2022-11-14,S003_P0005,1005,
2022-11-21,S003_P0005,1152,
2022-11-28,S003_P0005,1244,
2022-12-05,S003_P0005,503,
2022-12-12,S003_P0005,1426,
2022-12-19,S003_P0005,339,
2022-12-26,S003_P0005,1636,
2023-01-02,S003_P0005,470,1042.0
2023-01-09,S003_P0005,788,962.0
2023-01-16,S003_P0005,1245,1615.0
2023-01-23,S003_P0005,1249,811.0
2023-01-30,S003_P0005,1037,974.0
2023-02-06,S003_P0005,661,1169.0
2023-02-13,S003_P0005,988,1420.0
2023-02-20,S003_P0005,691,1175.0
2023-02-27,S003_P0005,851,1035.0
2023-03-06,S003_P0005,802,986.0
2023-03-13,S003_P0005,955,821.0
2023-03-20,S003_P0005,1103,1040.0
2023-03-27,S003_P0005,1112,1600.0
2023-04-03,S003_P0005,631,729.0
2023-04-10,S003_P0005,1435,655.0
2023-04-17,S003_P0005,703,491.0
2023-04-24,S003_P0005,1125,1335.0
2023-05-01,S003_P0005,1217,1252.0
2023-05-08,S003_P0005,1090,587.0
2023-05-15,S003_P0005,1158,855.0
2023-05-22,S003_P0005,815,1008.0
2023-05-29,S003_P0005,903,819.0
2023-06-05,S003_P0005,1342,1536.0
2023-06-12,S003_P0005,732,834.0
2023-06-19,S003_P0005,986,1455.0
2023-06-26,S003_P0005,667,691.0
2023-07-03,S003_P0005,932,689.0
2023-07-10,S003_P0005,1185,1494.0
2023-07-17,S003_P0005,929,1020.0
2023-07-24,S003_P0005,943,866.0
2023-07-31,S003_P0005,953,1560.0
2023-08-07,S003_P0005,730,1551.0
2023-08-14,S003_P0005,1327,971.0
2023-08-21,S003_P0005,823,845.0
2023-08-28,S003_P0005,1006,1295.0
2023-09-04,S003_P0005,968,1604.0
2023-09-11,S003_P0005,896,1075.0
2023-09-18,S003_P0005,794,1081.0
2023-09-25,S003_P0005,1167,1067.0
2023-10-02,S003_P0005,686,1285.0
2023-10-09,S003_P0005,868,1041.0
2023-10-16,S003_P0005,1300,624.0
2023-10-23,S003_P0005,855,648.0
2023-10-30,S003_P0005,1455,1050.0
2023-11-06,S003_P0005,1032,1227.0
2023-11-13,S003_P0005,785,1005.0
2023-11-20,S003_P0005,702,1152.0
2023-11-27,S003_P0005,920,1244.0
2023-12-04,S003_P0005,957,503.0
2023-12-11,S003_P0005,677,1426.0
2023-12-18,S003_P0005,551,339.0
2023-12-25,S003_P0005,1118,1636.0
2022-01-03,S003_P0006,1311,
2022-01-10,S003_P0006,595,
2022-01-17,S003_P0006,1195,
2022-01-24,S003_P0006,1335,
2022-01-31,S003_P0006,1130,
2022-02-07,S003_P0006,685,
2022-02-14,S003_P0006,1389,
2022-02-21,S003_P0006,1112,
2022-02-28,S003_P0006,976,
2022-03-07,S003_P0006,1298,
2022-03-14,S003_P0006,911,
2022-03-21,S003_P0006,1118,
2022-03-28,S003_P0006,651,
2022-04-04,S003_P0006,681,
2022-04-11,S003_P0006,1399,
2022-04-18,S003_P0006,445,
2022-04-25,S003_P0006,651,
2022-05-02,S003_P0006,624,
2022-05-09,S003_P0006,827,
2022-05-16,S003_P0006,1259,
2022-05-23,S003_P0006,1483,
2022-05-30,S003_P0006,1054,
2022-06-06,S003_P0006,1337,
2022-06-13,S003_P0006,694,
2022-06-20,S003_P0006,1024,
2022-06-27,S003_P0006,1195,
2022-07-04,S003_P0006,771,
2022-07-11,S003_P0006,1458,
2022-07-18,S003_P0006,1245,
2022-07-25,S003_P0006,863,
2022-08-01,S003_P0006,816,
2022-08-08,S003_P0006,717,
2022-08-15,S003_P0006,1247,
2022-08-22,S003_P0006,1096,
2022-08-29,S003_P0006,934,
2022-09-05,S003_P0006,1014,
2022-09-12,S003_P0006,1206,
2022-09-19,S003_P0006,1111,
2022-09-26,S003_P0006,782,
2022-10-03,S003_P0006,1189,
2022-10-10,S003_P0006,913,
2022-10-17,S003_P0006,1052,
2022-10-24,S003_P0006,1602,
2022-10-31,S003_P0006,1220,
2022-11-07,S003_P0006,1216,
2022-11-14,S003_P0006,954,
2022-11-21,S003_P0006,641,
2022-11-28,S003_P0006,1028,
2022-12-05,S003_P0006,672,
2022-12-12,S003_P0006,818,
2022-12-19,S003_P0006,946,
2022-12-26,S003_P0006,712,
2023-01-02,S003_P0006,1072,1311.0
2023-01-09,S003_P0006,1466,595.0
2023-01-16,S003_P0006,961,1195.0
2023-01-23,S003_P0006,1107,1335.0
2023-01-30,S003_P0006,833,1130.0
2023-02-06,S003_P0006,860,685.0
2023-02-13,S003_P0006,881,1389.0
2023-02-20,S003_P0006,867,1112.0
2023-02-27,S003_P0006,1398,976.0
2023-03-06,S003_P0006,732,1298.0
2023-03-13,S003_P0006,1547,911.0
2023-03-20,S003_P0006,854,1118.0
2023-03-27,S003_P0006,668,651.0
2023-04-03,S003_P0006,1203,681.0
2023-04-10,S003_P0006,823,1399.0
2023-04-17,S003_P0006,760,445.0
2023-04-24,S003_P0006,896,651.0
2023-05-01,S003_P0006,1296,624.0
2023-05-08,S003_P0006,774,827.0
2023-05-15,S003_P0006,1010,1259.0
2023-05-22,S003_P0006,929,1483.0
2023-05-29,S003_P0006,466,1054.0
2023-06-05,S003_P0006,808,1337.0
2023-06-12,S003_P0006,823,694.0
2023-06-19,S003_P0006,1143,1024.0
2023-06-26,S003_P0006,1593,1195.0
2023-07-03,S003_P0006,949,771.0
2023-07-10,S003_P0006,790,1458.0
2023-07-17,S003_P0006,575,1245.0
2023-07-24,S003_P0006,797,863.0
2023-07-31,S003_P0006,997,816.0
2023-08-07,S003_P0006,988,717.0
2023-08-14,S003_P0006,643,1247.0
2023-08-21,S003_P0006,1084,1096.0
2023-08-28,S003_P0006,1165,934.0
2023-09-04,S003_P0006,1001,1014.0
2023-09-11,S003_P0006,621,1206.0
2023-09-18,S003_P0006,690,1111.0
2023-09-25,S003_P0006,399,782.0
2023-10-02,S003_P0006,639,1189.0
2023-10-09,S003_P0006,720,913.0
2023-10-16,S003_P0006,1485,1052.0
2023-10-23,S003_P0006,1197,1602.0
2023-10-30,S003_P0006,843,1220.0
2023-11-06,S003_P0006,1027,1216.0
2023-11-13,S003_P0006,1139,954.0
2023-11-20,S003_P0006,1354,641.0
2023-11-27,S003_P0006,880,1028.0
2023-12-04,S003_P0006,843,672.0
2023-12-11,S003_P0006,514,818.0
2023-12-18,S003_P0006,482,946.0
2023-12-25,S003_P0006,1357,712.0
2022-01-03,S003_P0007,727,
2022-01-10,S003_P0007,640,
2022-01-17,S003_P0007,1331,
2022-01-24,S003_P0007,857,
2022-01-31,S003_P0007,1224,
2022-02-07,S003_P0007,1644,
2022-02-14,S003_P0007,672,
2022-02-21,S003_P0007,1503,
2022-02-28,S003_P0007,806,
2022-03-07,S003_P0007,545,
2022-03-14,S003_P0007,876,
2022-03-21,S003_P0007,730,
2022-03-28,S003_P0007,1162,
2022-04-04,S003_P0007,882,
2022-04-11,S003_P0007,1079,
2022-04-18,S003_P0007,541,
2022-04-25,S003_P0007,1464,
2022-05-02,S003_P0007,1438,
2022-05-09,S003_P0007,1040,
2022-05-16,S003_P0007,1066,
2022-05-23,S003_P0007,641,
2022-05-30,S003_P0007,1127,
2022-06-06,S003_P0007,877,
2022-06-13,S003_P0007,1527,
2022-06-20,S003_P0007,890,
2022-06-27,S003_P0007,1006,
2022-07-04,S003_P0007,791,
2022-07-11,S003_P0007,1088,
2022-07-18,S003_P0007,321,
2022-07-25,S003_P0007,653,
2022-08-01,S003_P0007,749,
2022-08-08,S003_P0007,1211,
2022-08-15,S003_P0007,502,
2022-08-22,S003_P0007,1052,
2022-08-29,S003_P0007,788,
2022-09-05,S003_P0007,866,
2022-09-12,S003_P0007,578,
2022-09-19,S003_P0007,862,
2022-09-26,S003_P0007,683,
2022-10-03,S003_P0007,1543,
2022-10-10,S003_P0007,1049,
2022-10-17,S003_P0007,1303,
2022-10-24,S003_P0007,1432,
2022-10-31,S003_P0007,1044,
2022-11-07,S003_P0007,664,
2022-11-14,S003_P0007,1194,
2022-11-21,S003_P0007,1151,
2022-11-28,S003_P0007,1082,
2022-12-05,S003_P0007,884,
2022-12-12,S003_P0007,1218,
2022-12-19,S003_P0007,473,
2022-12-26,S003_P0007,1342,
2023-01-02,S003_P0007,899,727.0
2023-01-09,S003_P0007,804,640.0
2023-01-16,S003_P0007,1225,1331.0
2023-01-23,S003_P0007,1256,857.0
2023-01-30,S003_P0007,812,1224.0
2023-02-06,S003_P0007,622,1644.0
2023-02-13,S003_P0007,808,672.0
2023-02-20,S003_P0007,1232,1503.0
2023-02-27,S003_P0007,872,806.0
2023-03-06,S003_P0007,1088,545.0
2023-03-13,S003_P0007,890,876.0
2023-03-20,S003_P0007,1131,730.0
2023-03-27,S003_P0007,1303,1162.0
2023-04-03,S003_P0007,816,882.0
2023-04-10,S003_P0007,1325,1079.0
2023-04-17,S003_P0007,514,541.0
2023-04-24,S003_P0007,806,1464.0
2023-05-01,S003_P0007,930,1438.0
2023-05-08,S003_P0007,825,1040.0
2023-05-15,S003_P0007,628,1066.0
2023-05-22,S003_P0007,593,641.0
2023-05-29,S003_P0007,1238,1127.0
2023-06-05,S003_P0007,1145,877.0
2023-06-12,S003_P0007,1095,1527.0
2023-06-19,S003_P0007,778,890.0
2023-06-26,S003_P0007,1389,1006.0
2023-07-03,S003_P0007,866,791.0
2023-07-10,S003_P0007,1099,1088.0
2023-07-17,S003_P0007,1331,321.0
2023-07-24,S003_P0007,739,653.0
2023-07-31,S003_P0007,1145,749.0
2023-08-07,S003_P0007,1114,1211.0
2023-08-14,S003_P0007,1104,502.0
2023-08-21,S003_P0007,715,1052.0
2023-08-28,S003_P0007,178,788.0
2023-09-04,S003_P0007,1328,866.0
2023-09-11,S003_P0007,569,578.0
2023-09-18,S003_P0007,1056,862.0
2023-09-25,S003_P0007,988,683.0
2023-10-02,S003_P0007,814,1543.0
2023-10-09,S003_P0007,667,1049.0
2023-10-16,S003_P0007,1070,1303.0
2023-10-23,S003_P0007,982,1432.0
2023-10-30,S003_P0007,779,1044.0
2023-11-06,S003_P0007,1032,664.0
2023-11-13,S003_P0007,1380,1194.0
2023-11-20,S003_P0007,1420,1151.0
2023-11-27,S003_P0007,1371,1082.0
2023-12-04,S003_P0007,970,884.0
2023-12-11,S003_P0007,792,1218.0
2023-12-18,S003_P0007,631,473.0
2023-12-25,S003_P0007,1266,1342.0
2022-01-03,S003_P0008,1354,
2022-01-10,S003_P0008,680,
2022-01-17,S003_P0008,841,
2022-01-24,S003_P0008,683,
2022-01-31,S003_P0008,635,
2022-02-07,S003_P0008,505,
2022-02-14,S003_P0008,527,
2022-02-21,S003_P0008,1382,
2022-02-28,S003_P0008,1473,
2022-03-07,S003_P0008,617,
2022-03-14,S003_P0008,781,
2022-03-21,S003_P0008,776,
2022-03-28,S003_P0008,1015,
2022-04-04,S003_P0008,1519,
2022-04-11,S003_P0008,1291,
2022-04-18,S003_P0008,766,
2022-04-25,S003_P0008,462,
2022-05-02,S003_P0008,423,
2022-05-09,S003_P0008,1185,
2022-05-16,S003_P0008,1009,
2022-05-23,S003_P0008,665,
2022-05-30,S003_P0008,1087,
2022-06-06,S003_P0008,1323,
2022-06-13,S003_P0008,1033,
2022-06-20,S003_P0008,1064,
2022-06-27,S003_P0008,1300,
2022-07-04,S003_P0008,1287,
2022-07-11,S003_P0008,1105,
2022-07-18,S003_P0008,1005,
2022-07-25,S003_P0008,1321,
2022-08-01,S003_P0008,1337,
2022-08-08,S003_P0008,613,
2022-08-15,S003_P0008,965,
2022-08-22,S003_P0008,907,
2022-08-29,S003_P0008,1035,
2022-09-05,S003_P0008,1237,
2022-09-12,S003_P0008,1296,
2022-09-19,S003_P0008,843,
2022-09-26,S003_P0008,1317,
2022-10-03,S003_P0008,494,
2022-10-10,S003_P0008,887,
2022-10-17,S003_P0008,890,
2022-10-24,S003_P0008,600,
2022-10-31,S003_P0008,1226,
2022-11-07,S003_P0008,443,
2022-11-14,S003_P0008,1058,
2022-11-21,S003_P0008,806,
2022-11-28,S003_P0008,879,
2022-12-05,S003_P0008,1049,
2022-12-12,S003_P0008,777,
2022-12-19,S003_P0008,561,
2022-12-26,S003_P0008,742,
2023-01-02,S003_P0008,1177,1354.0
2023-01-09,S003_P0008,754,680.0
2023-01-16,S003_P0008,979,841.0
2023-01-23,S003_P0008,1134,683.0
2023-01-30,S003_P0008,480,635.0
2023-02-06,S003_P0008,1438,505.0
2023-02-13,S003_P0008,880,527.0
2023-02-20,S003_P0008,1152,1382.0
2023-02-27,S003_P0008,1306,1473.0
2023-03-06,S003_P0008,1029,617.0
2023-03-13,S003_P0008,574,781.0
2023-03-20,S003_P0008,1197,776.0
2023-03-27,S003_P0008,795,1015.0
2023-04-03,S003_P0008,820,1519.0
2023-04-10,S003_P0008,1177,1291.0
2023-04-17,S003_P0008,1223,766.0
2023-04-24,S003_P0008,1239,462.0
2023-05-01,S003_P0008,902,423.0
2023-05-08,S003_P0008,1197,1185.0
2023-05-15,S003_P0008,636,1009.0
2023-05-22,S003_P0008,1087,665.0
2023-05-29,S003_P0008,955,1087.0
2023-06-05,S003_P0008,849,1323.0
2023-06-12,S003_P0008,751,1033.0
2023-06-19,S003_P0008,885,1064.0
2023-06-26,S003_P0008,615,1300.0
2023-07-03,S003_P0008,895,1287.0
2023-07-10,S003_P0008,909,1105.0
2023-07-17,S003_P0008,1164,1005.0
2023-07-24,S003_P0008,983,1321.0
2023-07-31,S003_P0008,775,1337.0
2023-08-07,S003_P0008,905,613.0
2023-08-14,S003_P0008,904,965.0
2023-08-21,S003_P0008,1016,907.0
2023-08-28,S003_P0008,1164,1035.0
2023-09-04,S003_P0008,845,1237.0
2023-09-11,S003_P0008,1083,1296.0
2023-09-18,S003_P0008,805,843.0
2023-09-25,S003_P0008,383,1317.0
2023-10-02,S003_P0008,976,494.0
2023-10-09,S003_P0008,853,887.0
2023-10-16,S003_P0008,464,890.0
2023-10-23,S003_P0008,859,600.0
2023-10-30,S003_P0008,1143,1226.0
2023-11-06,S003_P0008,410,443.0
2023-11-13,S003_P0008,1373,1058.0
2023-11-20,S003_P0008,978,806.0
2023-11-27,S003_P0008,601,879.0
2023-12-04,S003_P0008,659,1049.0
2023-12-11,S003_P0008,1273,777.0
2023-12-18,S003_P0008,1041,561.0
2023-12-25,S003_P0008,839,742.0
2022-01-03,S003_P0009,763,
2022-01-10,S003_P0009,975,
2022-01-17,S003_P0009,1497,
2022-01-24,S003_P0009,825,
2022-01-31,S003_P0009,1211,
2022-02-07,S003_P0009,622,
2022-02-14,S003_P0009,1228,
2022-02-21,S003_P0009,831,
2022-02-28,S003_P0009,844,
2022-03-07,S003_P0009,1200,
2022-03-14,S003_P0009,990,
2022-03-21,S003_P0009,1365,
2022-03-28,S003_P0009,1612,
2022-04-04,S003_P0009,1003,
2022-04-11,S003_P0009,682,
2022-04-18,S003_P0009,923,
2022-04-25,S003_P0009,589,
2022-05-02,S003_P0009,1219,
2022-05-09,S003_P0009,1153,
2022-05-16,S003_P0009,966,
2022-05-23,S003_P0009,1356,
2022-05-30,S003_P0009,907,
2022-06-06,S003_P0009,384,
2022-06-13,S003_P0009,944,
2022-06-20,S003_P0009,1117,
2022-06-27,S003_P0009,759,
2022-07-04,S003_P0009,833,
2022-07-11,S003_P0009,1069,
2022-07-18,S003_P0009,517,
2022-07-25,S003_P0009,984,
2022-08-01,S003_P0009,971,
2022-08-08,S003_P0009,709,
2022-08-15,S003_P0009,1006,
2022-08-22,S003_P0009,1204,
2022-08-29,S003_P0009,733,
2022-09-05,S003_P0009,836,
2022-09-12,S003_P0009,767,
2022-09-19,S003_P0009,1282,
2022-09-26,S003_P0009,925,
2022-10-03,S003_P0009,1318,
2022-10-10,S003_P0009,756,
2022-10-17,S003_P0009,811,
2022-10-24,S003_P0009,723,
2022-10-31,S003_P0009,1360,
2022-11-07,S003_P0009,1086,
2022-11-14,S003_P0009,1524,
2022-11-21,S003_P0009,794,
2022-11-28,S003_P0009,489,
2022-12-05,S003_P0009,1108,
2022-12-12,S003_P0009,1452,
2022-12-19,S003_P0009,528,
2022-12-26,S003_P0009,891,
2023-01-02,S003_P0009,734,763.0
2023-01-09,S003_P0009,906,975.0
2023-01-16,S003_P0009,624,1497.0
2023-01-23,S003_P0009,558,825.0
2023-01-30,S003_P0009,1015,1211.0
2023-02-06,S003_P0009,929,622.0
2023-02-13,S003_P0009,751,1228.0
2023-02-20,S003_P0009,814,831.0
2023-02-27,S003_P0009,1072,844.0
2023-03-06,S003_P0009,1221,1200.0
2023-03-13,S003_P0009,1170,990.0
2023-03-20,S003_P0009,406,1365.0
2023-03-27,S003_P0009,1437,1612.0
2023-04-03,S003_P0009,1074,1003.0
2023-04-10,S003_P0009,1736,682.0
2023-04-17,S003_P0009,779,923.0
2023-04-24,S003_P0009,1314,589.0
2023-05-01,S003_P0009,1007,1219.0
2023-05-08,S003_P0009,779,1153.0
2023-05-15,S003_P0009,859,966.0
2023-05-22,S003_P0009,987,1356.0
2023-05-29,S003_P0009,1114,907.0
2023-06-05,S003_P0009,822,384.0
2023-06-12,S003_P0009,844,944.0
2023-06-19,S003_P0009,1171,1117.0
2023-06-26,S003_P0009,830,759.0
2023-07-03,S003_P0009,907,833.0
2023-07-10,S003_P0009,1677,1069.0
2023-07-17,S003_P0009,859,517.0
2023-07-24,S003_P0009,765,984.0
2023-07-31,S003_P0009,941,971.0
2023-08-07,S003_P0009,423,709.0
2023-08-14,S003_P0009,808,1006.0
2023-08-21,S003_P0009,971,1204.0
2023-08-28,S003_P0009,1402,733.0
2023-09-04,S003_P0009,1417,836.0
2023-09-11,S003_P0009,827,767.0
2023-09-18,S003_P0009,1093,1282.0
2023-09-25,S003_P0009,814,925.0
2023-10-02,S003_P0009,1409,1318.0
2023-10-09,S003_P0009,1034,756.0
2023-10-16,S003_P0009,1633,811.0
2023-10-23,S003_P0009,1173,723.0
2023-10-30,S003_P0009,682,1360.0
2023-11-06,S003_P0009,391,1086.0
2023-11-13,S003_P0009,1247,1524.0
2023-11-20,S003_P0009,1005,794.0
2023-11-27,S003_P0009,1283,489.0
2023-12-04,S003_P0009,838,1108.0
2023-12-11,S003_P0009,1422,1452.0
2023-12-18,S003_P0009,792,528.0
2023-12-25,S003_P0009,1106,891.0
2022-01-03,S003_P0010,671,
2022-01-10,S003_P0010,1040,
2022-01-17,S003_P0010,1482,
2022-01-24,S003_P0010,841,
2022-01-31,S003_P0010,856,
2022-02-07,S003_P0010,543,
2022-02-14,S003_P0010,1209,
2022-02-21,S003_P0010,1095,
2022-02-28,S003_P0010,722,
2022-03-07,S003_P0010,403,
2022-03-14,S003_P0010,664,
2022-03-21,S003_P0010,1003,
2022-03-28,S003_P0010,1059,
2022-04-04,S003_P0010,1201,
2022-04-11,S003_P0010,318,
2022-04-18,S003_P0010,912,
2022-04-25,S003_P0010,516,
2022-05-02,S003_P0010,922,
2022-05-09,S003_P0010,1196,
2022-05-16,S003_P0010,622,
2022-05-23,S003_P0010,594,
2022-05-30,S003_P0010,556,
2022-06-06,S003_P0010,790,
2022-06-13,S003_P0010,1065,
2022-06-20,S003_P0010,912,
2022-06-27,S003_P0010,1361,
2022-07-04,S003_P0010,803,
2022-07-11,S003_P0010,677,
2022-07-18,S003_P0010,1214,
2022-07-25,S003_P0010,950,
2022-08-01,S003_P0010,1196,
2022-08-08,S003_P0010,1169,
2022-08-15,S003_P0010,779,
2022-08-22,S003_P0010,1580,
2022-08-29,S003_P0010,1046,
2022-09-05,S003_P0010,1171,
2022-09-12,S003_P0010,1129,
2022-09-19,S003_P0010,1172,
2022-09-26,S003_P0010,1076,
2022-10-03,S003_P0010,1026,
2022-10-10,S003_P0010,658,
2022-10-17,S003_P0010,1226,
2022-10-24,S003_P0010,1087,
2022-10-31,S003_P0010,725,
2022-11-07,S003_P0010,790,
2022-11-14,S003_P0010,646,
2022-11-21,S003_P0010,1109,
2022-11-28,S003_P0010,1221,
2022-12-05,S003_P0010,791,
2022-12-12,S003_P0010,784,
2022-12-19,S003_P0010,247,
2022-12-26,S003_P0010,746,
2023-01-02,S003_P0010,1529,671.0
2023-01-09,S003_P0010,931,1040.0
2023-01-16,S003_P0010,1075,1482.0
2023-01-23,S003_P0010,1034,841.0
2023-01-30,S003_P0010,1154,856.0
2023-02-06,S003_P0010,1123,543.0
2023-02-13,S003_P0010,1318,1209.0
2023-02-20,S003_P0010,1657,1095.0
2023-02-27,S003_P0010,1234,722.0
2023-03-06,S003_P0010,441,403.0
2023-03-13,S003_P0010,809,664.0
2023-03-20,S003_P0010,587,1003.0
2023-03-27,S003_P0010,1017,1059.0
2023-04-03,S003_P0010,782,1201.0
2023-04-10,S003_P0010,1064,318.0
2023-04-17,S003_P0010,755,912.0
2023-04-24,S003_P0010,1154,516.0
2023-05-01,S003_P0010,1145,922.0
2023-05-08,S003_P0010,1005,1196.0
2023-05-15,S003_P0010,1151,622.0
2023-05-22,S003_P0010,560,594.0
2023-05-29,S003_P0010,1001,556.0
2023-06-05,S003_P0010,508,790.0
2023-06-12,S003_P0010,830,1065.0
2023-06-19,S003_P0010,1024,912.0
2023-06-26,S003_P0010,1034,1361.0
2023-07-03,S003_P0010,740,803.0
2023-07-10,S003_P0010,889,677.0
2023-07-17,S003_P0010,531,1214.0
2023-07-24,S003_P0010,524,950.0
2023-07-31,S003_P0010,1130,1196.0
2023-08-07,S003_P0010,1387,1169.0
2023-08-14,S003_P0010,1041,779.0
2023-08-21,S003_P0010,889,1580.0
2023-08-28,S003_P0010,1397,1046.0
2023-09-04,S003_P0010,1113,1171.0
2023-09-11,S003_P0010,886,1129.0
2023-09-18,S003_P0010,609,1172.0
2023-09-25,S003_P0010,539,1076.0
2023-10-02,S003_P0010,1473,1026.0
2023-10-09,S003_P0010,1747,658.0
2023-10-16,S003_P0010,1029,1226.0
2023-10-23,S003_P0010,679,1087.0
2023-10-30,S003_P0010,891,725.0
2023-11-06,S003_P0010,1233,790.0
2023-11-13,S003_P0010,582,646.0
2023-11-20,S003_P0010,1360,1109.0
2023-11-27,S003_P0010,948,1221.0
2023-12-04,S003_P0010,869,791.0
2023-12-11,S003_P0010,1401,784.0
2023-12-18,S003_P0010,735,247.0
2023-12-25,S003_P0010,704,746.0
2022-01-03,S003_P0011,1281,
2022-01-10,S003_P0011,816,
2022-01-17,S003_P0011,1200,
2022-01-24,S003_P0011,606,
2022-01-31,S003_P0011,824,
2022-02-07,S003_P0011,1318,
2022-02-14,S003_P0011,1469,
2022-02-21,S003_P0011,782,
2022-02-28,S003_P0011,1247,
2022-03-07,S003_P0011,1069,
2022-03-14,S003_P0011,663,
2022-03-21,S003_P0011,874,
2022-03-28,S003_P0011,571,
2022-04-04,S003_P0011,1164,
2022-04-11,S003_P0011,536,
2022-04-18,S003_P0011,675,
2022-04-25,S003_P0011,929,
2022-05-02,S003_P0011,986,
2022-05-09,S003_P0011,639,
2022-05-16,S003_P0011,903,
2022-05-23,S003_P0011,883,
2022-05-30,S003_P0011,1504,
2022-06-06,S003_P0011,329,
2022-06-13,S003_P0011,938,
2022-06-20,S003_P0011,680,
2022-06-27,S003_P0011,1214,
2022-07-04,S003_P0011,881,
2022-07-11,S003_P0011,1115,
2022-07-18,S003_P0011,703,
2022-07-25,S003_P0011,1250,
2022-08-01,S003_P0011,1192,
2022-08-08,S003_P0011,1060,
2022-08-15,S003_P0011,983,
2022-08-22,S003_P0011,1207,
2022-08-29,S003_P0011,673,
2022-09-05,S003_P0011,1103,
2022-09-12,S003_P0011,1337,
2022-09-19,S003_P0011,479,
2022-09-26,S003_P0011,937,
2022-10-03,S003_P0011,801,
2022-10-10,S003_P0011,933,
2022-10-17,S003_P0011,625,
2022-10-24,S003_P0011,1099,
2022-10-31,S003_P0011,1202,
2022-11-07,S003_P0011,822,
2022-11-14,S003_P0011,1352,
2022-11-21,S003_P0011,743,
2022-11-28,S003_P0011,728,
2022-12-05,S003_P0011,686,
2022-12-12,S003_P0011,983,
2022-12-19,S003_P0011,1047,
2022-12-26,S003_P0011,460,
2023-01-02,S003_P0011,813,1281.0
2023-01-09,S003_P0011,1395,816.0
2023-01-16,S003_P0011,1536,1200.0
2023-01-23,S003_P0011,765,606.0
2023-01-30,S003_P0011,1386,824.0
2023-02-06,S003_P0011,854,1318.0
2023-02-13,S003_P0011,1190,1469.0
2023-02-20,S003_P0011,824,782.0
2023-02-27,S003_P0011,691,1247.0
2023-03-06,S003_P0011,806,1069.0
2023-03-13,S003_P0011,728,663.0
2023-03-20,S003_P0011,1016,874.0
2023-03-27,S003_P0011,1762,571.0
2023-04-03,S003_P0011,1069,1164.0
2023-04-10,S003_P0011,1347,536.0
2023-04-17,S003_P0011,643,675.0
2023-04-24,S003_P0011,717,929.0
2023-05-01,S003_P0011,898,986.0
2023-05-08,S003_P0011,1022,639.0
2023-05-15,S003_P0011,804,903.0
2023-05-22,S003_P0011,793,883.0
2023-05-29,S003_P0011,1223,1504.0
2023-06-05,S003_P0011,1066,329.0
2023-06-12,S003_P0011,751,938.0
2023-06-19,S003_P0011,645,680.0
2023-06-26,S003_P0011,490,1214.0
2023-07-03,S003_P0011,885,881.0
2023-07-10,S003_P0011,1137,1115.0
2023-07-17,S003_P0011,1166,703.0
2023-07-24,S003_P0011,1170,1250.0
2023-07-31,S003_P0011,1095,1192.0
2023-08-07,S003_P0011,1401,1060.0
2023-08-14,S003_P0011,1231,983.0
2023-08-21,S003_P0011,955,1207.0
2023-08-28,S003_P0011,768,673.0
2023-09-04,S003_P0011,1284,1103.0
2023-09-11,S003_P0011,787,1337.0
2023-09-18,S003_P0011,1002,479.0
2023-09-25,S003_P0011,936,937.0
2023-10-02,S003_P0011,970,801.0
2023-10-09,S003_P0011,1182,933.0
2023-10-16,S003_P0011,1199,625.0
2023-10-23,S003_P0011,738,1099.0
2023-10-30,S003_P0011,984,1202.0
2023-11-06,S003_P0011,357,822.0
2023-11-13,S003_P0011,1345,1352.0
2023-11-20,S003_P0011,1325,743.0
2023-11-27,S003_P0011,909,728.0
2023-12-04,S003_P0011,1160,686.0
2023-12-11,S003_P0011,1290,983.0
2023-12-18,S003_P0011,887,1047.0
2023-12-25,S003_P0011,1048,460.0
2022-01-03,S003_P0012,720,
2022-01-10,S003_P0012,1252,
2022-01-17,S003_P0012,1730,
2022-01-24,S003_P0012,1257,
2022-01-31,S003_P0012,1086,
2022-02-07,S003_P0012,880,
2022-02-14,S003_P0012,669,
2022-02-21,S003_P0012,901,
2022-02-28,S003_P0012,1174,
2022-03-07,S003_P0012,1044,
2022-03-14,S003_P0012,1280,
2022-03-21,S003_P0012,749,
2022-03-28,S003_P0012,1011,
2022-04-04,S003_P0012,1020,
2022-04-11,S003_P0012,594,
2022-04-18,S003_P0012,544,
2022-04-25,S003_P0012,808,
2022-05-02,S003_P0012,1316,
2022-05-09,S003_P0012,1534,
2022-05-16,S003_P0012,1498,
2022-05-23,S003_P0012,958,
2022-05-30,S003_P0012,959,
2022-06-06,S003_P0012,1154,
2022-06-13,S003_P0012,998,
2022-06-20,S003_P0012,966,
2022-06-27,S003_P0012,1294,
2022-07-04,S003_P0012,1168,
2022-07-11,S003_P0012,670,
2022-07-18,S003_P0012,885,
2022-07-25,S003_P0012,607,
2022-08-01,S003_P0012,1225,
2022-08-08,S003_P0012,1609,
2022-08-15,S003_P0012,782,
2022-08-22,S003_P0012,952,
2022-08-29,S003_P0012,1284,
2022-09-05,S003_P0012,772,
2022-09-12,S003_P0012,744,
2022-09-19,S003_P0012,1280,
2022-09-26,S003_P0012,1026,
2022-10-03,S003_P0012,1100,
2022-10-10,S003_P0012,1373,
2022-10-17,S003_P0012,1270,
2022-10-24,S003_P0012,823,
2022-10-31,S003_P0012,1502,
2022-11-07,S003_P0012,836,
2022-11-14,S003_P0012,956,
2022-11-21,S003_P0012,818,
2022-11-28,S003_P0012,862,
2022-12-05,S003_P0012,1087,
2022-12-12,S003_P0012,891,
2022-12-19,S003_P0012,1136,
2022-12-26,S003_P0012,704,
2023-01-02,S003_P0012,925,720.0
2023-01-09,S003_P0012,979,1252.0
2023-01-16,S003_P0012,1099,1730.0
2023-01-23,S003_P0012,665,1257.0
2023-01-30,S003_P0012,1010,1086.0
2023-02-06,S003_P0012,365,880.0
2023-02-13,S003_P0012,706,669.0
2023-02-20,S003_P0012,777,901.0
2023-02-27,S003_P0012,864,1174.0
2023-03-06,S003_P0012,512,1044.0
2023-03-13,S003_P0012,1072,1280.0
2023-03-20,S003_P0012,1390,749.0
2023-03-27,S003_P0012,258,1011.0
2023-04-03,S003_P0012,813,1020.0
2023-04-10,S003_P0012,731,594.0
2023-04-17,S003_P0012,719,544.0
2023-04-24,S003_P0012,736,808.0
2023-05-01,S003_P0012,1467,1316.0
2023-05-08,S003_P0012,970,1534.0
2023-05-15,S003_P0012,890,1498.0
2023-05-22,S003_P0012,682,958.0
2023-05-29,S003_P0012,909,959.0
2023-06-05,S003_P0012,1178,1154.0
2023-06-12,S003_P0012,580,998.0
2023-06-19,S003_P0012,842,966.0
2023-06-26,S003_P0012,1073,1294.0
2023-07-03,S003_P0012,1227,1168.0
2023-07-10,S003_P0012,1729,670.0
2023-07-17,S003_P0012,829,885.0
2023-07-24,S003_P0012,785,607.0
2023-07-31,S003_P0012,1071,1225.0
2023-08-07,S003_P0012,949,1609.0
2023-08-14,S003_P0012,956,782.0
2023-08-21,S003_P0012,1091,952.0
2023-08-28,S003_P0012,1234,1284.0
2023-09-04,S003_P0012,1200,772.0
2023-09-11,S003_P0012,821,744.0
2023-09-18,S003_P0012,803,1280.0
2023-09-25,S003_P0012,457,1026.0
2023-10-02,S003_P0012,927,1100.0
2023-10-09,S003_P0012,645,1373.0
2023-10-16,S003_P0012,1053,1270.0
2023-10-23,S003_P0012,873,823.0
2023-10-30,S003_P0012,671,1502.0
2023-11-06,S003_P0012,865,836.0
2023-11-13,S003_P0012,838,956.0
2023-11-20,S003_P0012,1528,818.0
2023-11-27,S003_P0012,745,862.0
2023-12-04,S003_P0012,748,1087.0
2023-12-11,S003_P0012,583,891.0
2023-12-18,S003_P0012,964,1136.0
2023-12-25,S003_P0012,697,704.0
2022-01-03,S003_P0013,639,
2022-01-10,S003_P0013,1027,
2022-01-17,S003_P0013,567,
2022-01-24,S003_P0013,900,
2022-01-31,S003_P0013,1033,
2022-02-07,S003_P0013,1110,
2022-02-14,S003_P0013,1168,
2022-02-21,S003_P0013,1007,
2022-02-28,S003_P0013,929,
2022-03-07,S003_P0013,1464,
2022-03-14,S003_P0013,860,
2022-03-21,S003_P0013,1361,
2022-03-28,S003_P0013,767,
2022-04-04,S003_P0013,619,
2022-04-11,S003_P0013,1192,
2022-04-18,S003_P0013,831,
2022-04-25,S003_P0013,1116,
2022-05-02,S003_P0013,958,
2022-05-09,S003_P0013,714,
2022-05-16,S003_P0013,1513,
2022-05-23,S003_P0013,780,
2022-05-30,S003_P0013,1062,
2022-06-06,S003_P0013,886,
2022-06-13,S003_P0013,1256,
2022-06-20,S003_P0013,662,
2022-06-27,S003_P0013,1742,
2022-07-04,S003_P0013,1071,
2022-07-11,S003_P0013,1254,
2022-07-18,S003_P0013,640,
2022-07-25,S003_P0013,1091,
2022-08-01,S003_P0013,862,
2022-08-08,S003_P0013,1227,
2022-08-15,S003_P0013,811,
2022-08-22,S003_P0013,1083,
2022-08-29,S003_P0013,1010,
2022-09-05,S003_P0013,578,
2022-09-12,S003_P0013,1006,
2022-09-19,S003_P0013,880,
2022-09-26,S003_P0013,1195,
2022-10-03,S003_P0013,1372,
2022-10-10,S003_P0013,1166,
2022-10-17,S003_P0013,1303,
2022-10-24,S003_P0013,876,
2022-10-31,S003_P0013,1747,
2022-11-07,S003_P0013,677,
2022-11-14,S003_P0013,680,
2022-11-21,S003_P0013,1824,
2022-11-28,S003_P0013,1496,
2022-12-05,S003_P0013,1174,
2022-12-12,S003_P0013,754,
2022-12-19,S003_P0013,1183,
2022-12-26,S003_P0013,1063,
2023-01-02,S003_P0013,1160,639.0
2023-01-09,S003_P0013,992,1027.0
2023-01-16,S003_P0013,979,567.0
2023-01-23,S003_P0013,1232,900.0
2023-01-30,S003_P0013,1086,1033.0
2023-02-06,S003_P0013,1220,1110.0
2023-02-13,S003_P0013,840,1168.0
2023-02-20,S003_P0013,870,1007.0
2023-02-27,S003_P0013,1092,929.0
2023-03-06,S003_P0013,1141,1464.0
2023-03-13,S003_P0013,1260,860.0
2023-03-20,S003_P0013,1359,1361.0
2023-03-27,S003_P0013,1210,767.0
2023-04-03,S003_P0013,648,619.0
2023-04-10,S003_P0013,921,1192.0
2023-04-17,S003_P0013,651,831.0
2023-04-24,S003_P0013,1163,1116.0
2023-05-01,S003_P0013,930,958.0
2023-05-08,S003_P0013,1126,714.0
2023-05-15,S003_P0013,331,1513.0
2023-05-22,S003_P0013,804,780.0
2023-05-29,S003_P0013,1102,1062.0
2023-06-05,S003_P0013,875,886.0
2023-06-12,S003_P0013,677,1256.0
2023-06-19,S003_P0013,1041,662.0
2023-06-26,S003_P0013,1076,1742.0
2023-07-03,S003_P0013,900,1071.0
2023-07-10,S003_P0013,1212,1254.0
2023-07-17,S003_P0013,1793,640.0
2023-07-24,S003_P0013,1936,1091.0
2023-07-31,S003_P0013,1055,862.0
2023-08-07,S003_P0013,1044,1227.0
2023-08-14,S003_P0013,789,811.0
2023-08-21,S003_P0013,965,1083.0
2023-08-28,S003_P0013,1084,1010.0
2023-09-04,S003_P0013,1249,578.0
2023-09-11,S003_P0013,1130,1006.0
2023-09-18,S003_P0013,845,880.0
2023-09-25,S003_P0013,406,1195.0
2023-10-02,S003_P0013,730,1372.0
2023-10-09,S003_P0013,1077,1166.0
2023-10-16,S003_P0013,957,1303.0
2023-10-23,S003_P0013,909,876.0
2023-10-30,S003_P0013,1227,1747.0
2023-11-06,S003_P0013,1159,677.0
2023-11-13,S003_P0013,1353,680.0
2023-11-20,S003_P0013,1113,1824.0
2023-11-27,S003_P0013,625,1496.0
2023-12-04,S003_P0013,758,1174.0
2023-12-11,S003_P0013,1425,754.0
2023-12-18,S003_P0013,643,1183.0
2023-12-25,S003_P0013,788,1063.0
2022-01-03,S003_P0014,565,
2022-01-10,S003_P0014,565,
2022-01-17,S003_P0014,1297,
2022-01-24,S003_P0014,1066,
2022-01-31,S003_P0014,1149,
2022-02-07,S003_P0014,1198,
2022-02-14,S003_P0014,643,
2022-02-21,S003_P0014,965,
2022-02-28,S003_P0014,1066,
2022-03-07,S003_P0014,414,
2022-03-14,S003_P0014,968,
2022-03-21,S003_P0014,1007,
2022-03-28,S003_P0014,741,
2022-04-04,S003_P0014,1157,
2022-04-11,S003_P0014,1225,
2022-04-18,S003_P0014,1349,
2022-04-25,S003_P0014,801,
2022-05-02,S003_P0014,1185,
2022-05-09,S003_P0014,927,
2022-05-16,S003_P0014,981,
2022-05-23,S003_P0014,795,
2022-05-30,S003_P0014,1118,
2022-06-06,S003_P0014,1050,
2022-06-13,S003_P0014,925,
2022-06-20,S003_P0014,907,
2022-06-27,S003_P0014,804,
2022-07-04,S003_P0014,1354,
2022-07-11,S003_P0014,833,
2022-07-18,S003_P0014,1078,
2022-07-25,S003_P0014,1177,
2022-08-01,S003_P0014,1182,
2022-08-08,S003_P0014,530,
2022-08-15,S003_P0014,1310,
2022-08-22,S003_P0014,1054,
2022-08-29,S003_P0014,1087,
2022-09-05,S003_P0014,785,
2022-09-12,S003_P0014,1664,
2022-09-19,S003_P0014,744,
2022-09-26,S003_P0014,1283,
2022-10-03,S003_P0014,740,
2022-10-10,S003_P0014,1269,
2022-10-17,S003_P0014,603,
2022-10-24,S003_P0014,1107,
2022-10-31,S003_P0014,987,
2022-11-07,S003_P0014,1558,
2022-11-14,S003_P0014,610,
2022-11-21,S003_P0014,1096,
2022-11-28,S003_P0014,682,
2022-12-05,S003_P0014,1256,
2022-12-12,S003_P0014,561,
2022-12-19,S003_P0014,1211,
2022-12-26,S003_P0014,1022,
2023-01-02,S003_P0014,1399,565.0
2023-01-09,S003_P0014,1620,565.0
2023-01-16,S003_P0014,672,1297.0
2023-01-23,S003_P0014,1120,1066.0
2023-01-30,S003_P0014,1025,1149.0
2023-02-06,S003_P0014,1304,1198.0
2023-02-13,S003_P0014,883,643.0
2023-02-20,S003_P0014,847,965.0
2023-02-27,S003_P0014,690,1066.0
2023-03-06,S003_P0014,783,414.0
2023-03-13,S003_P0014,924,968.0
2023-03-20,S003_P0014,823,1007.0
2023-03-27,S003_P0014,547,741.0
2023-04-03,S003_P0014,1077,1157.0
2023-04-10,S003_P0014,1185,1225.0
2023-04-17,S003_P0014,808,1349.0
2023-04-24,S003_P0014,1442,801.0
2023-05-01,S003_P0014,1191,1185.0
2023-05-08,S003_P0014,855,927.0
2023-05-15,S003_P0014,853,981.0
2023-05-22,S003_P0014,917,795.0
2023-05-29,S003_P0014,541,1118.0
2023-06-05,S003_P0014,1363,1050.0
2023-06-12,S003_P0014,872,925.0
2023-06-19,S003_P0014,1543,907.0
2023-06-26,S003_P0014,1164,804.0
2023-07-03,S003_P0014,991,1354.0
2023-07-10,S003_P0014,777,833.0
2023-07-17,S003_P0014,623,1078.0
2023-07-24,S003_P0014,976,1177.0
2023-07-31,S003_P0014,1268,1182.0
2023-08-07,S003_P0014,900,530.0
2023-08-14,S003_P0014,920,1310.0
2023-08-21,S003_P0014,1479,1054.0
2023-08-28,S003_P0014,856,1087.0
2023-09-04,S003_P0014,938,785.0
2023-09-11,S003_P0014,1062,1664.0
2023-09-18,S003_P0014,928,744.0
2023-09-25,S003_P0014,1312,1283.0
2023-10-02,S003_P0014,1205,740.0
2023-10-09,S003_P0014,889,1269.0
2023-10-16,S003_P0014,1214,603.0
2023-10-23,S003_P0014,619,1107.0
2023-10-30,S003_P0014,1269,987.0
2023-11-06,S003_P0014,622,1558.0
2023-11-13,S003_P0014,783,610.0
2023-11-20,S003_P0014,1217,1096.0
2023-11-27,S003_P0014,1172,682.0
2023-12-04,S003_P0014,1012,1256.0
2023-12-11,S003_P0014,1101,561.0
2023-12-18,S003_P0014,902,1211.0
2023-12-25,S003_P0014,1243,1022.0
2022-01-03,S003_P0015,1308,
2022-01-10,S003_P0015,785,
2022-01-17,S003_P0015,870,
2022-01-24,S003_P0015,901,
2022-01-31,S003_P0015,710,
2022-02-07,S003_P0015,1195,
2022-02-14,S003_P0015,956,
2022-02-21,S003_P0015,869,
2022-02-28,S003_P0015,582,
2022-03-07,S003_P0015,1089,
2022-03-14,S003_P0015,1032,
2022-03-21,S003_P0015,662,
2022-03-28,S003_P0015,1362,
2022-04-04,S003_P0015,784,
2022-04-11,S003_P0015,1089,
2022-04-18,S003_P0015,990,
2022-04-25,S003_P0015,896,
2022-05-02,S003_P0015,1506,
2022-05-09,S003_P0015,1224,
2022-05-16,S003_P0015,746,
2022-05-23,S003_P0015,914,
2022-05-30,S003_P0015,1173,
2022-06-06,S003_P0015,826,
2022-06-13,S003_P0015,1083,
2022-06-20,S003_P0015,1485,
2022-06-27,S003_P0015,1297,
2022-07-04,S003_P0015,605,
2022-07-11,S003_P0015,1141,
2022-07-18,S003_P0015,852,
2022-07-25,S003_P0015,1478,
2022-08-01,S003_P0015,419,
2022-08-08,S003_P0015,1191,
2022-08-15,S003_P0015,688,
2022-08-22,S003_P0015,815,
2022-08-29,S003_P0015,1489,
2022-09-05,S003_P0015,704,
2022-09-12,S003_P0015,728,
2022-09-19,S003_P0015,894,
2022-09-26,S003_P0015,652,
2022-10-03,S003_P0015,642,
2022-10-10,S003_P0015,1371,
2022-10-17,S003_P0015,692,
2022-10-24,S003_P0015,966,
2022-10-31,S003_P0015,871,
2022-11-07,S003_P0015,867,
2022-11-14,S003_P0015,804,
2022-11-21,S003_P0015,912,
2022-11-28,S003_P0015,698,
2022-12-05,S003_P0015,485,
2022-12-12,S003_P0015,1087,
2022-12-19,S003_P0015,610,
2022-12-26,S003_P0015,951,
2023-01-02,S003_P0015,543,1308.0
2023-01-09,S003_P0015,1265,785.0
2023-01-16,S003_P0015,938,870.0
2023-01-23,S003_P0015,1115,901.0
2023-01-30,S003_P0015,872,710.0
2023-02-06,S003_P0015,1447,1195.0
2023-02-13,S003_P0015,829,956.0
2023-02-20,S003_P0015,834,869.0
2023-02-27,S003_P0015,1020,582.0
2023-03-06,S003_P0015,835,1089.0
2023-03-13,S003_P0015,526,1032.0
2023-03-20,S003_P0015,1134,662.0
2023-03-27,S003_P0015,1421,1362.0
2023-04-03,S003_P0015,1033,784.0
2023-04-10,S003_P0015,1067,1089.0
2023-04-17,S003_P0015,687,990.0
2023-04-24,S003_P0015,672,896.0
2023-05-01,S003_P0015,1193,1506.0
2023-05-08,S003_P0015,740,1224.0
2023-05-15,S003_P0015,772,746.0
2023-05-22,S003_P0015,1362,914.0
2023-05-29,S003_P0015,760,1173.0
2023-06-05,S003_P0015,1009,826.0
2023-06-12,S003_P0015,684,1083.0
2023-06-19,S003_P0015,823,1485.0
2023-06-26,S003_P0015,1486,1297.0
2023-07-03,S003_P0015,725,605.0
2023-07-10,S003_P0015,769,1141.0
2023-07-17,S003_P0015,1063,852.0
2023-07-24,S003_P0015,1024,1478.0
2023-07-31,S003_P0015,957,419.0
2023-08-07,S003_P0015,1229,1191.0
2023-08-14,S003_P0015,1029,688.0
2023-08-21,S003_P0015,1130,815.0
2023-08-28,S003_P0015,714,1489.0
2023-09-04,S003_P0015,1229,704.0
2023-09-11,S003_P0015,1315,728.0
2023-09-18,S003_P0015,1236,894.0
2023-09-25,S003_P0015,810,652.0
2023-10-02,S003_P0015,1097,642.0
2023-10-09,S003_P0015,1084,1371.0
2023-10-16,S003_P0015,735,692.0
2023-10-23,S003_P0015,1379,966.0
2023-10-30,S003_P0015,685,871.0
2023-11-06,S003_P0015,1394,867.0
2023-11-13,S003_P0015,1016,804.0
2023-11-20,S003_P0015,766,912.0
2023-11-27,S003_P0015,1103,698.0
2023-12-04,S003_P0015,909,485.0
2023-12-11,S003_P0015,915,1087.0
2023-12-18,S003_P0015,935,610.0
2023-12-25,S003_P0015,1138,951.0
2022-01-03,S003_P0016,876,
2022-01-10,S003_P0016,634,
2022-01-17,S003_P0016,802,
2022-01-24,S003_P0016,959,
2022-01-31,S003_P0016,629,
2022-02-07,S003_P0016,940,
2022-02-14,S003_P0016,1106,
2022-02-21,S003_P0016,634,
2022-02-28,S003_P0016,776,
2022-03-07,S003_P0016,1154,
2022-03-14,S003_P0016,965,
2022-03-21,S003_P0016,925,
2022-03-28,S003_P0016,742,
2022-04-04,S003_P0016,774,
2022-04-11,S003_P0016,929,
2022-04-18,S003_P0016,691,
2022-04-25,S003_P0016,795,
2022-05-02,S003_P0016,1398,
2022-05-09,S003_P0016,1087,
2022-05-16,S003_P0016,943,
2022-05-23,S003_P0016,777,
2022-05-30,S003_P0016,1158,
2022-06-06,S003_P0016,1399,
2022-06-13,S003_P0016,867,
2022-06-20,S003_P0016,1401,
2022-06-27,S003_P0016,1019,
2022-07-04,S003_P0016,1041,
2022-07-11,S003_P0016,1017,
2022-07-18,S003_P0016,1256,
2022-07-25,S003_P0016,1446,
2022-08-01,S003_P0016,1469,
2022-08-08,S003_P0016,766,
2022-08-15,S003_P0016,644,
2022-08-22,S003_P0016,1550,
2022-08-29,S003_P0016,1017,
2022-09-05,S003_P0016,1560,
2022-09-12,S003_P0016,977,
2022-09-19,S003_P0016,883,
2022-09-26,S003_P0016,1443,
2022-10-03,S003_P0016,1029,
2022-10-10,S003_P0016,1112,
2022-10-17,S003_P0016,745,
2022-10-24,S003_P0016,1278,
2022-10-31,S003_P0016,1243,
2022-11-07,S003_P0016,904,
2022-11-14,S003_P0016,1388,
2022-11-21,S003_P0016,587,
2022-11-28,S003_P0016,1363,
2022-12-05,S003_P0016,1060,
2022-12-12,S003_P0016,904,
2022-12-19,S003_P0016,728,
2022-12-26,S003_P0016,661,
2023-01-02,S003_P0016,715,876.0
2023-01-09,S003_P0016,1004,634.0
2023-01-16,S003_P0016,1444,802.0
2023-01-23,S003_P0016,738,959.0
2023-01-30,S003_P0016,962,629.0
2023-02-06,S003_P0016,1077,940.0
2023-02-13,S003_P0016,1017,1106.0
2023-02-20,S003_P0016,703,634.0
2023-02-27,S003_P0016,581,776.0
2023-03-06,S003_P0016,1242,1154.0
2023-03-13,S003_P0016,993,965.0
2023-03-20,S003_P0016,1433,925.0
2023-03-27,S003_P0016,1754,742.0
2023-04-03,S003_P0016,1573,774.0
2023-04-10,S003_P0016,488,929.0
2023-04-17,S003_P0016,1108,691.0
2023-04-24,S003_P0016,594,795.0
2023-05-01,S003_P0016,1131,1398.0
2023-05-08,S003_P0016,1232,1087.0
2023-05-15,S003_P0016,415,943.0
2023-05-22,S003_P0016,1011,777.0
2023-05-29,S003_P0016,450,1158.0
2023-06-05,S003_P0016,1190,1399.0
2023-06-12,S003_P0016,1160,867.0
2023-06-19,S003_P0016,1130,1401.0
2023-06-26,S003_P0016,910,1019.0
2023-07-03,S003_P0016,1047,1041.0
2023-07-10,S003_P0016,1022,1017.0
2023-07-17,S003_P0016,913,1256.0
2023-07-24,S003_P0016,1077,1446.0
2023-07-31,S003_P0016,952,1469.0
2023-08-07,S003_P0016,1023,766.0
2023-08-14,S003_P0016,1024,644.0
2023-08-21,S003_P0016,1056,1550.0
2023-08-28,S003_P0016,1124,1017.0
2023-09-04,S003_P0016,453,1560.0
2023-09-11,S003_P0016,697,977.0
2023-09-18,S003_P0016,484,883.0
2023-09-25,S003_P0016,1021,1443.0
2023-10-02,S003_P0016,847,1029.0
2023-10-09,S003_P0016,711,1112.0
2023-10-16,S003_P0016,938,745.0
2023-10-23,S003_P0016,883,1278.0
2023-10-30,S003_P0016,1062,1243.0
2023-11-06,S003_P0016,1523,904.0
2023-11-13,S003_P0016,850,1388.0
2023-11-20,S003_P0016,818,587.0
2023-11-27,S003_P0016,1561,1363.0
2023-12-04,S003_P0016,1192,1060.0
2023-12-11,S003_P0016,628,904.0
2023-12-18,S003_P0016,681,728.0
2023-12-25,S003_P0016,982,661.0
2022-01-03,S003_P0017,1131,
2022-01-10,S003_P0017,771,
2022-01-17,S003_P0017,1295,
2022-01-24,S003_P0017,636,
2022-01-31,S003_P0017,1243,
2022-02-07,S003_P0017,788,
2022-02-14,S003_P0017,774,
2022-02-21,S003_P0017,730,
2022-02-28,S003_P0017,840,
2022-03-07,S003_P0017,782,
2022-03-14,S003_P0017,869,
2022-03-21,S003_P0017,1261,
2022-03-28,S003_P0017,1024,
2022-04-04,S003_P0017,852,
2022-04-11,S003_P0017,1115,
2022-04-18,S003_P0017,1038,
2022-04-25,S003_P0017,1115,
2022-05-02,S003_P0017,912,
2022-05-09,S003_P0017,1007,
2022-05-16,S003_P0017,1196,
2022-05-23,S003_P0017,1406,
2022-05-30,S003_P0017,896,
2022-06-06,S003_P0017,884,
2022-06-13,S003_P0017,482,
2022-06-20,S003_P0017,1038,
2022-06-27,S003_P0017,943,
2022-07-04,S003_P0017,1149,
2022-07-11,S003_P0017,711,
2022-07-18,S003_P0017,1070,
2022-07-25,S003_P0017,718,
2022-08-01,S003_P0017,872,
2022-08-08,S003_P0017,945,
2022-08-15,S003_P0017,1050,
2022-08-22,S003_P0017,1141,
2022-08-29,S003_P0017,851,
2022-09-05,S003_P0017,1262,
2022-09-12,S003_P0017,998,
2022-09-19,S003_P0017,899,
2022-09-26,S003_P0017,1569,
2022-10-03,S003_P0017,1853,
2022-10-10,S003_P0017,930,
2022-10-17,S003_P0017,1475,
2022-10-24,S003_P0017,1328,
2022-10-31,S003_P0017,866,
2022-11-07,S003_P0017,664,
2022-11-14,S003_P0017,1057,
2022-11-21,S003_P0017,943,
2022-11-28,S003_P0017,1190,
2022-12-05,S003_P0017,1633,
2022-12-12,S003_P0017,806,
2022-12-19,S003_P0017,639,
2022-12-26,S003_P0017,1167,
2023-01-02,S003_P0017,1127,1131.0
2023-01-09,S003_P0017,654,771.0
2023-01-16,S003_P0017,470,1295.0
2023-01-23,S003_P0017,1430,636.0
2023-01-30,S003_P0017,743,1243.0
2023-02-06,S003_P0017,1262,788.0
2023-02-13,S003_P0017,701,774.0
2023-02-20,S003_P0017,863,730.0
2023-02-27,S003_P0017,1282,840.0
2023-03-06,S003_P0017,1008,782.0
2023-03-13,S003_P0017,966,869.0
2023-03-20,S003_P0017,1169,1261.0
2023-03-27,S003_P0017,760,1024.0
2023-04-03,S003_P0017,667,852.0
2023-04-10,S003_P0017,900,1115.0
2023-04-17,S003_P0017,984,1038.0
2023-04-24,S003_P0017,949,1115.0
2023-05-01,S003_P0017,764,912.0
2023-05-08,S003_P0017,712,1007.0
2023-05-15,S003_P0017,777,1196.0
2023-05-22,S003_P0017,1055,1406.0
2023-05-29,S003_P0017,692,896.0
2023-06-05,S003_P0017,750,884.0
2023-06-12,S003_P0017,583,482.0
2023-06-19,S003_P0017,1276,1038.0
2023-06-26,S003_P0017,908,943.0
2023-07-03,S003_P0017,1965,1149.0
2023-07-10,S003_P0017,638,711.0
2023-07-17,S003_P0017,842,1070.0
2023-07-24,S003_P0017,872,718.0
2023-07-31,S003_P0017,1549,872.0
2023-08-07,S003_P0017,950,945.0
2023-08-14,S003_P0017,1032,1050.0
2023-08-21,S003_P0017,978,1141.0
2023-08-28,S003_P0017,931,851.0
2023-09-04,S003_P0017,1138,1262.0
2023-09-11,S003_P0017,1014,998.0
2023-09-18,S003_P0017,902,899.0
2023-09-25,S003_P0017,997,1569.0
2023-10-02,S003_P0017,813,1853.0
2023-10-09,S003_P0017,962,930.0
2023-10-16,S003_P0017,1938,1475.0
2023-10-23,S003_P0017,936,1328.0
2023-10-30,S003_P0017,1115,866.0
2023-11-06,S003_P0017,1709,664.0
2023-11-13,S003_P0017,1333,1057.0
2023-11-20,S003_P0017,1267,943.0
2023-11-27,S003_P0017,767,1190.0
2023-12-04,S003_P0017,532,1633.0
2023-12-11,S003_P0017,1114,806.0
2023-12-18,S003_P0017,740,639.0
2023-12-25,S003_P0017,1020,1167.0
2022-01-03,S003_P0018,1069,
2022-01-10,S003_P0018,864,
2022-01-17,S003_P0018,877,
2022-01-24,S003_P0018,1043,
2022-01-31,S003_P0018,1275,
2022-02-07,S003_P0018,1116,
2022-02-14,S003_P0018,566,
2022-02-21,S003_P0018,987,
2022-02-28,S003_P0018,1000,
2022-03-07,S003_P0018,621,
2022-03-14,S003_P0018,792,
2022-03-21,S003_P0018,394,
2022-03-28,S003_P0018,834,
2022-04-04,S003_P0018,954,
2022-04-11,S003_P0018,1744,
2022-04-18,S003_P0018,799,
2022-04-25,S003_P0018,997,
2022-05-02,S003_P0018,628,
2022-05-09,S003_P0018,841,
2022-05-16,S003_P0018,780,
2022-05-23,S003_P0018,648,
2022-05-30,S003_P0018,553,
2022-06-06,S003_P0018,1262,
2022-06-13,S003_P0018,1149,
2022-06-20,S003_P0018,605,
2022-06-27,S003_P0018,1055,
2022-07-04,S003_P0018,1782,
2022-07-11,S003_P0018,1025,
2022-07-18,S003_P0018,882,
2022-07-25,S003_P0018,533,
2022-08-01,S003_P0018,1268,
2022-08-08,S003_P0018,879,
2022-08-15,S003_P0018,669,
2022-08-22,S003_P0018,748,
2022-08-29,S003_P0018,1386,
2022-09-05,S003_P0018,636,
2022-09-12,S003_P0018,798,
2022-09-19,S003_P0018,896,
2022-09-26,S003_P0018,1055,
2022-10-03,S003_P0018,775,
2022-10-10,S003_P0018,994,
2022-10-17,S003_P0018,485,
2022-10-24,S003_P0018,897,
2022-10-31,S003_P0018,389,
2022-11-07,S003_P0018,500,
2022-11-14,S003_P0018,593,
2022-11-21,S003_P0018,726,
2022-11-28,S003_P0018,1036,
2022-12-05,S003_P0018,640,
2022-12-12,S003_P0018,386,
2022-12-19,S003_P0018,1325,
2022-12-26,S003_P0018,756,
2023-01-02,S003_P0018,1282,1069.0
2023-01-09,S003_P0018,1096,864.0
2023-01-16,S003_P0018,1072,877.0
2023-01-23,S003_P0018,520,1043.0
2023-01-30,S003_P0018,856,1275.0
2023-02-06,S003_P0018,1367,1116.0
2023-02-13,S003_P0018,1207,566.0
2023-02-20,S003_P0018,990,987.0
2023-02-27,S003_P0018,1080,1000.0
2023-03-06,S003_P0018,513,621.0
2023-03-13,S003_P0018,759,792.0
2023-03-20,S003_P0018,1077,394.0
2023-03-27,S003_P0018,1184,834.0
2023-04-03,S003_P0018,1407,954.0
2023-04-10,S003_P0018,882,1744.0
2023-04-17,S003_P0018,1034,799.0
2023-04-24,S003_P0018,993,997.0
2023-05-01,S003_P0018,408,628.0
2023-05-08,S003_P0018,894,841.0
2023-05-15,S003_P0018,985,780.0
2023-05-22,S003_P0018,868,648.0
2023-05-29,S003_P0018,830,553.0
2023-06-05,S003_P0018,922,1262.0
2023-06-12,S003_P0018,1467,1149.0
2023-06-19,S003_P0018,480,605.0
2023-06-26,S003_P0018,789,1055.0
2023-07-03,S003_P0018,837,1782.0
2023-07-10,S003_P0018,1250,1025.0
2023-07-17,S003_P0018,771,882.0
2023-07-24,S003_P0018,707,533.0
2023-07-31,S003_P0018,1080,1268.0
2023-08-07,S003_P0018,1447,879.0
2023-08-14,S003_P0018,769,669.0
2023-08-21,S003_P0018,981,748.0
2023-08-28,S003_P0018,843,1386.0
2023-09-04,S003_P0018,1219,636.0
2023-09-11,S003_P0018,1258,798.0
2023-09-18,S003_P0018,941,896.0
2023-09-25,S003_P0018,1252,1055.0
2023-10-02,S003_P0018,868,775.0
2023-10-09,S003_P0018,849,994.0
2023-10-16,S003_P0018,1238,485.0
2023-10-23,S003_P0018,743,897.0
2023-10-30,S003_P0018,1064,389.0
2023-11-06,S003_P0018,635,500.0
2023-11-13,S003_P0018,951,593.0
2023-11-20,S003_P0018,932,726.0
2023-11-27,S003_P0018,1103,1036.0
2023-12-04,S003_P0018,763,640.0
2023-12-11,S003_P0018,1784,386.0
2023-12-18,S003_P0018,912,1325.0
2023-12-25,S003_P0018,438,756.0
2022-01-03,S003_P0019,563,
2022-01-10,S003_P0019,1353,
2022-01-17,S003_P0019,997,
2022-01-24,S003_P0019,664,
2022-01-31,S003_P0019,887,
2022-02-07,S003_P0019,1755,
2022-02-14,S003_P0019,940,
2022-02-21,S003_P0019,939,
2022-02-28,S003_P0019,817,
2022-03-07,S003_P0019,707,
2022-03-14,S003_P0019,940,
2022-03-21,S003_P0019,821,
2022-03-28,S003_P0019,1098,
2022-04-04,S003_P0019,646,
2022-04-11,S003_P0019,760,
2022-04-18,S003_P0019,1259,
2022-04-25,S003_P0019,1111,
2022-05-02,S003_P0019,1022,
2022-05-09,S003_P0019,1380,
2022-05-16,S003_P0019,966,
2022-05-23,S003_P0019,1458,
2022-05-30,S003_P0019,1255,
2022-06-06,S003_P0019,764,
2022-06-13,S003_P0019,1349,
2022-06-20,S003_P0019,1172,
2022-06-27,S003_P0019,1104,
2022-07-04,S003_P0019,841,
2022-07-11,S003_P0019,1113,
2022-07-18,S003_P0019,1667,
2022-07-25,S003_P0019,718,
2022-08-01,S003_P0019,667,
2022-08-08,S003_P0019,964,
2022-08-15,S003_P0019,685,
2022-08-22,S003_P0019,825,
2022-08-29,S003_P0019,838,
2022-09-05,S003_P0019,782,
2022-09-12,S003_P0019,670,
2022-09-19,S003_P0019,976,
2022-09-26,S003_P0019,595,
2022-10-03,S003_P0019,898,
2022-10-10,S003_P0019,1377,
2022-10-17,S003_P0019,825,
2022-10-24,S003_P0019,953,
2022-10-31,S003_P0019,834,
2022-11-07,S003_P0019,723,
2022-11-14,S003_P0019,1215,
2022-11-21,S003_P0019,1112,
2022-11-28,S003_P0019,678,
2022-12-05,S003_P0019,810,
2022-12-12,S003_P0019,697,
2022-12-19,S003_P0019,1244,
2022-12-26,S003_P0019,386,
2023-01-02,S003_P0019,960,563.0
2023-01-09,S003_P0019,1305,1353.0
2023-01-16,S003_P0019,1332,997.0
2023-01-23,S003_P0019,813,664.0
2023-01-30,S003_P0019,1543,887.0
2023-02-06,S003_P0019,1440,1755.0
2023-02-13,S003_P0019,1096,940.0
2023-02-20,S003_P0019,1389,939.0
2023-02-27,S003_P0019,968,817.0
2023-03-06,S003_P0019,1184,707.0
2023-03-13,S003_P0019,607,940.0
2023-03-20,S003_P0019,714,821.0
2023-03-27,S003_P0019,676,1098.0
2023-04-03,S003_P0019,542,646.0
2023-04-10,S003_P0019,691,760.0
2023-04-17,S003_P0019,979,1259.0
2023-04-24,S003_P0019,975,1111.0
2023-05-01,S003_P0019,675,1022.0
2023-05-08,S003_P0019,1469,1380.0
2023-05-15,S003_P0019,1525,966.0
2023-05-22,S003_P0019,1415,1458.0
2023-05-29,S003_P0019,741,1255.0
2023-06-05,S003_P0019,1479,764.0
2023-06-12,S003_P0019,1282,1349.0
2023-06-19,S003_P0019,1182,1172.0
2023-06-26,S003_P0019,1243,1104.0
2023-07-03,S003_P0019,897,841.0
2023-07-10,S003_P0019,1169,1113.0
2023-07-17,S003_P0019,1032,1667.0
2023-07-24,S003_P0019,733,718.0
2023-07-31,S003_P0019,900,667.0
2023-08-07,S003_P0019,921,964.0
2023-08-14,S003_P0019,1252,685.0
2023-08-21,S003_P0019,1075,825.0
2023-08-28,S003_P0019,835,838.0
2023-09-04,S003_P0019,1118,782.0
2023-09-11,S003_P0019,451,670.0
2023-09-18,S003_P0019,897,976.0
2023-09-25,S003_P0019,1062,595.0
2023-10-02,S003_P0019,408,898.0
2023-10-09,S003_P0019,1026,1377.0
2023-10-16,S003_P0019,1427,825.0
2023-10-23,S003_P0019,629,953.0
2023-10-30,S003_P0019,1299,834.0
2023-11-06,S003_P0019,880,723.0
2023-11-13,S003_P0019,1032,1215.0
2023-11-20,S003_P0019,1401,1112.0
2023-11-27,S003_P0019,1450,678.0
2023-12-04,S003_P0019,679,810.0
2023-12-11,S003_P0019,1239,697.0
2023-12-18,S003_P0019,1208,1244.0
2023-12-25,S003_P0019,976,386.0
2022-01-03,S003_P0020,794,
2022-01-10,S003_P0020,1034,
2022-01-17,S003_P0020,751,
2022-01-24,S003_P0020,838,
2022-01-31,S003_P0020,596,
2022-02-07,S003_P0020,607,
2022-02-14,S003_P0020,458,
2022-02-21,S003_P0020,532,
2022-02-28,S003_P0020,1323,
2022-03-07,S003_P0020,1182,
2022-03-14,S003_P0020,1345,
2022-03-21,S003_P0020,1018,
2022-03-28,S003_P0020,949,
2022-04-04,S003_P0020,1120,
2022-04-11,S003_P0020,1311,
2022-04-18,S003_P0020,1517,
2022-04-25,S003_P0020,762,
2022-05-02,S003_P0020,1001,
2022-05-09,S003_P0020,652,
2022-05-16,S003_P0020,1271,
2022-05-23,S003_P0020,776,
2022-05-30,S003_P0020,1389,
2022-06-06,S003_P0020,1031,
2022-06-13,S003_P0020,1195,
2022-06-20,S003_P0020,736,
2022-06-27,S003_P0020,705,
2022-07-04,S003_P0020,726,
2022-07-11,S003_P0020,1192,
2022-07-18,S003_P0020,957,
2022-07-25,S003_P0020,1077,
2022-08-01,S003_P0020,705,
2022-08-08,S003_P0020,965,
2022-08-15,S003_P0020,377,
2022-08-22,S003_P0020,755,
2022-08-29,S003_P0020,772,
2022-09-05,S003_P0020,1226,
2022-09-12,S003_P0020,1158,
2022-09-19,S003_P0020,812,
2022-09-26,S003_P0020,947,
2022-10-03,S003_P0020,1155,
2022-10-10,S003_P0020,1056,
2022-10-17,S003_P0020,972,
2022-10-24,S003_P0020,1008,
2022-10-31,S003_P0020,991,
2022-11-07,S003_P0020,1284,
2022-11-14,S003_P0020,1227,
2022-11-21,S003_P0020,1044,
2022-11-28,S003_P0020,1006,
2022-12-05,S003_P0020,1088,
2022-12-12,S003_P0020,559,
2022-12-19,S003_P0020,1175,
2022-12-26,S003_P0020,1085,
2023-01-02,S003_P0020,1526,794.0
2023-01-09,S003_P0020,791,1034.0
2023-01-16,S003_P0020,1148,751.0
2023-01-23,S003_P0020,700,838.0
2023-01-30,S003_P0020,1214,596.0
2023-02-06,S003_P0020,565,607.0
2023-02-13,S003_P0020,1390,458.0
2023-02-20,S003_P0020,858,532.0
2023-02-27,S003_P0020,826,1323.0
2023-03-06,S003_P0020,494,1182.0
2023-03-13,S003_P0020,968,1345.0
2023-03-20,S003_P0020,717,1018.0
2023-03-27,S003_P0020,1548,949.0
2023-04-03,S003_P0020,911,1120.0
2023-04-10,S003_P0020,852,1311.0
2023-04-17,S003_P0020,1290,1517.0
2023-04-24,S003_P0020,623,762.0
2023-05-01,S003_P0020,1193,1001.0
2023-05-08,S003_P0020,706,652.0
2023-05-15,S003_P0020,492,1271.0
2023-05-22,S003_P0020,957,776.0
2023-05-29,S003_P0020,812,1389.0
2023-06-05,S003_P0020,712,1031.0
2023-06-12,S003_P0020,1136,1195.0
2023-06-19,S003_P0020,1106,736.0
2023-06-26,S003_P0020,781,705.0
2023-07-03,S003_P0020,975,726.0
2023-07-10,S003_P0020,1030,1192.0
2023-07-17,S003_P0020,1165,957.0
2023-07-24,S003_P0020,670,1077.0
2023-07-31,S003_P0020,833,705.0
2023-08-07,S003_P0020,1040,965.0
2023-08-14,S003_P0020,880,377.0
2023-08-21,S003_P0020,673,755.0
2023-08-28,S003_P0020,880,772.0
2023-09-04,S003_P0020,851,1226.0
2023-09-11,S003_P0020,1332,1158.0
2023-09-18,S003_P0020,589,812.0
2023-09-25,S003_P0020,1027,947.0
2023-10-02,S003_P0020,1372,1155.0
2023-10-09,S003_P0020,795,1056.0
2023-10-16,S003_P0020,1118,972.0
2023-10-23,S003_P0020,1259,1008.0
2023-10-30,S003_P0020,910,991.0
2023-11-06,S003_P0020,906,1284.0
2023-11-13,S003_P0020,1220,1227.0
2023-11-20,S003_P0020,892,1044.0
2023-11-27,S003_P0020,1171,1006.0
2023-12-04,S003_P0020,776,1088.0
2023-12-11,S003_P0020,1155,559.0
2023-12-18,S003_P0020,1258,1175.0
2023-12-25,S003_P0020,600,1085.0
2022-01-03,S004_P0001,799,
2022-01-10,S004_P0001,803,
2022-01-17,S004_P0001,955,
2022-01-24,S004_P0001,1223,
2022-01-31,S004_P0001,1188,
2022-02-07,S004_P0001,918,
2022-02-14,S004_P0001,1369,
2022-02-21,S004_P0001,829,
2022-02-28,S004_P0001,1426,
2022-03-07,S004_P0001,1069,
2022-03-14,S004_P0001,738,
2022-03-21,S004_P0001,1369,
2022-03-28,S004_P0001,742,
2022-04-04,S004_P0001,1017,
2022-04-11,S004_P0001,1470,
2022-04-18,S004_P0001,1142,
2022-04-25,S004_P0001,579,
2022-05-02,S004_P0001,702,
2022-05-09,S004_P0001,674,
2022-05-16,S004_P0001,1118,
2022-05-23,S004_P0001,1317,
2022-05-30,S004_P0001,762,
2022-06-06,S004_P0001,954,
2022-06-13,S004_P0001,751,
2022-06-20,S004_P0001,1661,
2022-06-27,S004_P0001,922,
2022-07-04,S004_P0001,1237,
2022-07-11,S004_P0001,998,
2022-07-18,S004_P0001,884,
2022-07-25,S004_P0001,690,
2022-08-01,S004_P0001,928,
2022-08-08,S004_P0001,1034,
2022-08-15,S004_P0001,1092,
2022-08-22,S004_P0001,924,
2022-08-29,S004_P0001,1330,
2022-09-05,S004_P0001,1589,
2022-09-12,S004_P0001,1151,
2022-09-19,S004_P0001,669,
2022-09-26,S004_P0001,1319,
2022-10-03,S004_P0001,896,
2022-10-10,S004_P0001,831,
2022-10-17,S004_P0001,719,
2022-10-24,S004_P0001,1122,
2022-10-31,S004_P0001,641,
2022-11-07,S004_P0001,746,
2022-11-14,S004_P0001,929,
2022-11-21,S004_P0001,859,
2022-11-28,S004_P0001,959,
2022-12-05,S004_P0001,1272,
2022-12-12,S004_P0001,1789,
2022-12-19,S004_P0001,759,
2022-12-26,S004_P0001,529,
2023-01-02,S004_P0001,628,799.0
2023-01-09,S004_P0001,739,803.0
2023-01-16,S004_P0001,633,955.0
2023-01-23,S004_P0001,733,1223.0
2023-01-30,S004_P0001,1181,1188.0
2023-02-06,S004_P0001,1047,918.0
2023-02-13,S004_P0001,914,1369.0
2023-02-20,S004_P0001,318,829.0
2023-02-27,S004_P0001,988,1426.0
2023-03-06,S004_P0001,684,1069.0
2023-03-13,S004_P0001,592,738.0
2023-03-20,S004_P0001,1229,1369.0
2023-03-27,S004_P0001,620,742.0
2023-04-03,S004_P0001,866,1017.0
2023-04-10,S004_P0001,781,1470.0
2023-04-17,S004_P0001,791,1142.0
2023-04-24,S004_P0001,1678,579.0
2023-05-01,S004_P0001,1050,702.0
2023-05-08,S004_P0001,1305,674.0
2023-05-15,S004_P0001,665,1118.0
2023-05-22,S004_P0001,899,1317.0
2023-05-29,S004_P0001,955,762.0
2023-06-05,S004_P0001,605,954.0
2023-06-12,S004_P0001,871,751.0
2023-06-19,S004_P0001,1003,1661.0
2023-06-26,S004_P0001,421,922.0
2023-07-03,S004_P0001,1065,1237.0
2023-07-10,S004_P0001,1504,998.0
2023-07-17,S004_P0001,738,884.0
2023-07-24,S004_P0001,814,690.0
2023-07-31,S004_P0001,847,928.0
2023-08-07,S004_P0001,832,1034.0
2023-08-14,S004_P0001,783,1092.0
2023-08-21,S004_P0001,946,924.0
2023-08-28,S004_P0001,934,1330.0
2023-09-04,S004_P0001,1957,1589.0
2023-09-11,S004_P0001,1451,1151.0
2023-09-18,S004_P0001,1348,669.0
2023-09-25,S004_P0001,1229,1319.0
2023-10-02,S004_P0001,677,896.0
2023-10-09,S004_P0001,980,831.0
2023-10-16,S004_P0001,753,719.0
2023-10-23,S004_P0001,608,1122.0
2023-10-30,S004_P0001,539,641.0
2023-11-06,S004_P0001,746,746.0
2023-11-13,S004_P0001,1260,929.0
2023-11-20,S004_P0001,1038,859.0
2023-11-27,S004_P0001,1457,959.0
2023-12-04,S004_P0001,965,1272.0
2023-12-11,S004_P0001,841,1789.0
2023-12-18,S004_P0001,781,759.0
2023-12-25,S004_P0001,799,529.0
2022-01-03,S004_P0002,646,
2022-01-10,S004_P0002,908,
2022-01-17,S004_P0002,664,
2022-01-24,S004_P0002,747,
2022-01-31,S004_P0002,850,
2022-02-07,S004_P0002,803,
2022-02-14,S004_P0002,702,
2022-02-21,S004_P0002,938,
2022-02-28,S004_P0002,1314,
2022-03-07,S004_P0002,1175,
2022-03-14,S004_P0002,1508,
2022-03-21,S004_P0002,1507,
2022-03-28,S004_P0002,1375,
2022-04-04,S004_P0002,1044,
2022-04-11,S004_P0002,1141,
2022-04-18,S004_P0002,396,
2022-04-25,S004_P0002,597,
2022-05-02,S004_P0002,864,
2022-05-09,S004_P0002,444,
2022-05-16,S004_P0002,774,
2022-05-23,S004_P0002,1047,
2022-05-30,S004_P0002,1442,
2022-06-06,S004_P0002,1337,
2022-06-13,S004_P0002,1300,
2022-06-20,S004_P0002,770,
2022-06-27,S004_P0002,1270,
2022-07-04,S004_P0002,632,
2022-07-11,S004_P0002,1621,
2022-07-18,S004_P0002,977,
2022-07-25,S004_P0002,884,
2022-08-01,S004_P0002,1265,
2022-08-08,S004_P0002,1020,
2022-08-15,S004_P0002,878,
2022-08-22,S004_P0002,761,
2022-08-29,S004_P0002,907,
2022-09-05,S004_P0002,712,
2022-09-12,S004_P0002,1065,
2022-09-19,S004_P0002,634,
2022-09-26,S004_P0002,1095,
2022-10-03,S004_P0002,939,
2022-10-10,S004_P0002,960,
2022-10-17,S004_P0002,1107,
2022-10-24,S004_P0002,441,
2022-10-31,S004_P0002,756,
2022-11-07,S004_P0002,1147,
2022-11-14,S004_P0002,835,
2022-11-21,S004_P0002,1238,
2022-11-28,S004_P0002,762,
2022-12-05,S004_P0002,540,
2022-12-12,S004_P0002,1085,
2022-12-19,S004_P0002,803,
2022-12-26,S004_P0002,1018,
2023-01-02,S004_P0002,856,646.0
2023-01-09,S004_P0002,894,908.0
2023-01-16,S004_P0002,851,664.0
2023-01-23,S004_P0002,1209,747.0
2023-01-30,S004_P0002,897,850.0
2023-02-06,S004_P0002,1047,803.0
2023-02-13,S004_P0002,632,702.0
2023-02-20,S004_P0002,855,938.0
2023-02-27,S004_P0002,569,1314.0
2023-03-06,S004_P0002,580,1175.0
2023-03-13,S004_P0002,1596,1508.0
2023-03-20,S004_P0002,589,1507.0
2023-03-27,S004_P0002,972,1375.0
2023-04-03,S004_P0002,669,1044.0
2023-04-10,S004_P0002,995,1141.0
2023-04-17,S004_P0002,859,396.0
2023-04-24,S004_P0002,761,597.0
2023-05-01,S004_P0002,733,864.0
2023-05-08,S004_P0002,907,444.0
2023-05-15,S004_P0002,772,774.0
2023-05-22,S004_P0002,589,1047.0
2023-05-29,S004_P0002,979,1442.0
2023-06-05,S004_P0002,1017,1337.0
2023-06-12,S004_P0002,1319,1300.0
2023-06-19,S004_P0002,932,770.0
2023-06-26,S004_P0002,551,1270.0
2023-07-03,S004_P0002,913,632.0
2023-07-10,S004_P0002,1206,1621.0
2023-07-17,S004_P0002,701,977.0
2023-07-24,S004_P0002,1153,884.0
2023-07-31,S004_P0002,850,1265.0
2023-08-07,S004_P0002,1349,1020.0
2023-08-14,S004_P0002,905,878.0
2023-08-21,S004_P0002,688,761.0
2023-08-28,S004_P0002,593,907.0
2023-09-04,S004_P0002,1149,712.0
2023-09-11,S004_P0002,658,1065.0
2023-09-18,S004_P0002,449,634.0
2023-09-25,S004_P0002,903,1095.0
2023-10-02,S004_P0002,401,939.0
2023-10-09,S004_P0002,1008,960.0
2023-10-16,S004_P0002,1083,1107.0
2023-10-23,S004_P0002,788,441.0
2023-10-30,S004_P0002,712,756.0
2023-11-06,S004_P0002,998,1147.0
2023-11-13,S004_P0002,777,835.0
2023-11-20,S004_P0002,703,1238.0
2023-11-27,S004_P0002,552,762.0
2023-12-04,S004_P0002,804,540.0
2023-12-11,S004_P0002,1064,1085.0
2023-12-18,S004_P0002,1105,803.0
2023-12-25,S004_P0002,1166,1018.0
2022-01-03,S004_P0003,690,
2022-01-10,S004_P0003,718,
2022-01-17,S004_P0003,941,
2022-01-24,S004_P0003,1048,
2022-01-31,S004_P0003,918,
2022-02-07,S004_P0003,1278,
2022-02-14,S004_P0003,1296,
2022-02-21,S004_P0003,1065,
2022-02-28,S004_P0003,957,
2022-03-07,S004_P0003,1262,
2022-03-14,S004_P0003,1350,
2022-03-21,S004_P0003,1299,
2022-03-28,S004_P0003,1051,
2022-04-04,S004_P0003,737,
2022-04-11,S004_P0003,891,
2022-04-18,S004_P0003,942,
2022-04-25,S004_P0003,741,
2022-05-02,S004_P0003,1131,
2022-05-09,S004_P0003,801,
2022-05-16,S004_P0003,967,
2022-05-23,S004_P0003,723,
2022-05-30,S004_P0003,881,
2022-06-06,S004_P0003,729,
2022-06-13,S004_P0003,1129,
2022-06-20,S004_P0003,727,
2022-06-27,S004_P0003,488,
2022-07-04,S004_P0003,1427,
2022-07-11,S004_P0003,1174,
2022-07-18,S004_P0003,787,
2022-07-25,S004_P0003,894,
2022-08-01,S004_P0003,1045,
2022-08-08,S004_P0003,794,
2022-08-15,S004_P0003,512,
2022-08-22,S004_P0003,1116,
2022-08-29,S004_P0003,959,
2022-09-05,S004_P0003,792,
2022-09-12,S004_P0003,928,
2022-09-19,S004_P0003,602,
2022-09-26,S004_P0003,540,
2022-10-03,S004_P0003,968,
2022-10-10,S004_P0003,441,
2022-10-17,S004_P0003,587,
2022-10-24,S004_P0003,1086,
2022-10-31,S004_P0003,952,
2022-11-07,S004_P0003,1219,
2022-11-14,S004_P0003,813,
2022-11-21,S004_P0003,731,
2022-11-28,S004_P0003,524,
2022-12-05,S004_P0003,887,
2022-12-12,S004_P0003,905,
2022-12-19,S004_P0003,930,
2022-12-26,S004_P0003,1334,
2023-01-02,S004_P0003,585,690.0
2023-01-09,S004_P0003,968,718.0
2023-01-16,S004_P0003,961,941.0
2023-01-23,S004_P0003,1021,1048.0
2023-01-30,S004_P0003,1379,918.0
2023-02-06,S004_P0003,940,1278.0
2023-02-13,S004_P0003,580,1296.0
2023-02-20,S004_P0003,755,1065.0
2023-02-27,S004_P0003,1499,957.0
2023-03-06,S004_P0003,809,1262.0
2023-03-13,S004_P0003,513,1350.0
2023-03-20,S004_P0003,1260,1299.0
2023-03-27,S004_P0003,982,1051.0
2023-04-03,S004_P0003,701,737.0
2023-04-10,S004_P0003,530,891.0
2023-04-17,S004_P0003,1249,942.0
2023-04-24,S004_P0003,679,741.0
2023-05-01,S004_P0003,710,1131.0
2023-05-08,S004_P0003,608,801.0
2023-05-15,S004_P0003,623,967.0
2023-05-22,S004_P0003,713,723.0
2023-05-29,S004_P0003,1719,881.0
2023-06-05,S004_P0003,744,729.0
2023-06-12,S004_P0003,897,1129.0
2023-06-19,S004_P0003,555,727.0
2023-06-26,S004_P0003,1206,488.0
2023-07-03,S004_P0003,975,1427.0
2023-07-10,S004_P0003,1017,1174.0
2023-07-17,S004_P0003,813,787.0
2023-07-24,S004_P0003,799,894.0
2023-07-31,S004_P0003,523,1045.0
2023-08-07,S004_P0003,1221,794.0
2023-08-14,S004_P0003,916,512.0
2023-08-21,S004_P0003,1190,1116.0
2023-08-28,S004_P0003,924,959.0
2023-09-04,S004_P0003,1194,792.0
2023-09-11,S004_P0003,535,928.0
2023-09-18,S004_P0003,679,602.0
2023-09-25,S004_P0003,811,540.0
2023-10-02,S004_P0003,812,968.0
2023-10-09,S004_P0003,1221,441.0
2023-10-16,S004_P0003,676,587.0
2023-10-23,S004_P0003,1282,1086.0
2023-10-30,S004_P0003,825,952.0
2023-11-06,S004_P0003,612,1219.0
2023-11-13,S004_P0003,722,813.0
2023-11-20,S004_P0003,944,731.0
2023-11-27,S004_P0003,1036,524.0
2023-12-04,S004_P0003,652,887.0
2023-12-11,S004_P0003,467,905.0
2023-12-18,S004_P0003,1201,930.0
2023-12-25,S004_P0003,991,1334.0
2022-01-03,S004_P0004,1277,
2022-01-10,S004_P0004,1149,
2022-01-17,S004_P0004,1157,
2022-01-24,S004_P0004,1054,
2022-01-31,S004_P0004,577,
2022-02-07,S004_P0004,916,
2022-02-14,S004_P0004,1283,
2022-02-21,S004_P0004,653,
2022-02-28,S004_P0004,752,
2022-03-07,S004_P0004,1028,
2022-03-14,S004_P0004,1189,
2022-03-21,S004_P0004,835,
2022-03-28,S004_P0004,1241,
2022-04-04,S004_P0004,1410,
2022-04-11,S004_P0004,736,
2022-04-18,S004_P0004,1234,
2022-04-25,S004_P0004,836,
2022-05-02,S004_P0004,810,
2022-05-09,S004_P0004,659,
2022-05-16,S004_P0004,1329,
2022-05-23,S004_P0004,594,
2022-05-30,S004_P0004,698,
2022-06-06,S004_P0004,715,
2022-06-13,S004_P0004,1458,
2022-06-20,S004_P0004,801,
2022-06-27,S004_P0004,659,
2022-07-04,S004_P0004,928,
2022-07-11,S004_P0004,1302,
2022-07-18,S004_P0004,743,
2022-07-25,S004_P0004,707,
2022-08-01,S004_P0004,857,
2022-08-08,S004_P0004,1027,
2022-08-15,S004_P0004,813,
2022-08-22,S004_P0004,744,
2022-08-29,S004_P0004,602,
2022-09-05,S004_P0004,990,
2022-09-12,S004_P0004,1064,
2022-09-19,S004_P0004,1059,
2022-09-26,S004_P0004,889,
2022-10-03,S004_P0004,638,
2022-10-10,S004_P0004,1481,
2022-10-17,S004_P0004,1270,
2022-10-24,S004_P0004,766,
2022-10-31,S004_P0004,1124,
2022-11-07,S004_P0004,1081,
2022-11-14,S004_P0004,1125,
2022-11-21,S004_P0004,1314,
2022-11-28,S004_P0004,1384,
2022-12-05,S004_P0004,514,
2022-12-12,S004_P0004,943,
2022-12-19,S004_P0004,634,
2022-12-26,S004_P0004,1334,
2023-01-02,S004_P0004,844,1277.0
2023-01-09,S004_P0004,949,1149.0
2023-01-16,S004_P0004,507,1157.0
2023-01-23,S004_P0004,1027,1054.0
2023-01-30,S004_P0004,1152,577.0
2023-02-06,S004_P0004,811,916.0
2023-02-13,S004_P0004,666,1283.0
2023-02-20,S004_P0004,1423,653.0
2023-02-27,S004_P0004,881,752.0
2023-03-06,S004_P0004,907,1028.0
2023-03-13,S004_P0004,805,1189.0
2023-03-20,S004_P0004,854,835.0
2023-03-27,S004_P0004,764,1241.0
2023-04-03,S004_P0004,1000,1410.0
2023-04-10,S004_P0004,669,736.0
2023-04-17,S004_P0004,212,1234.0
2023-04-24,S004_P0004,495,836.0
2023-05-01,S004_P0004,1085,810.0
2023-05-08,S004_P0004,700,659.0
2023-05-15,S004_P0004,816,1329.0
2023-05-22,S004_P0004,886,594.0
2023-05-29,S004_P0004,1276,698.0
2023-06-05,S004_P0004,832,715.0
2023-06-12,S004_P0004,1027,1458.0
2023-06-19,S004_P0004,1268,801.0
2023-06-26,S004_P0004,914,659.0
2023-07-03,S004_P0004,634,928.0
2023-07-10,S004_P0004,761,1302.0
2023-07-17,S004_P0004,1084,743.0
2023-07-24,S004_P0004,873,707.0
2023-07-31,S004_P0004,1004,857.0
2023-08-07,S004_P0004,514,1027.0
2023-08-14,S004_P0004,780,813.0
2023-08-21,S004_P0004,839,744.0
2023-08-28,S004_P0004,1004,602.0
2023-09-04,S004_P0004,898,990.0
2023-09-11,S004_P0004,929,1064.0
2023-09-18,S004_P0004,499,1059.0
2023-09-25,S004_P0004,823,889.0
2023-10-02,S004_P0004,651,638.0
2023-10-09,S004_P0004,1119,1481.0
2023-10-16,S004_P0004,783,1270.0
2023-10-23,S004_P0004,821,766.0
2023-10-30,S004_P0004,663,1124.0
2023-11-06,S004_P0004,927,1081.0
2023-11-13,S004_P0004,1661,1125.0
2023-11-20,S004_P0004,1171,1314.0
2023-11-27,S004_P0004,1082,1384.0
2023-12-04,S004_P0004,587,514.0
2023-12-11,S004_P0004,688,943.0
2023-12-18,S004_P0004,939,634.0
2023-12-25,S004_P0004,712,1334.0
2022-01-03,S004_P0005,1043,
2022-01-10,S004_P0005,696,
2022-01-17,S004_P0005,1180,
2022-01-24,S004_P0005,745,
2022-01-31,S004_P0005,1358,
2022-02-07,S004_P0005,773,
2022-02-14,S004_P0005,933,
2022-02-21,S004_P0005,742,
2022-02-28,S004_P0005,931,
2022-03-07,S004_P0005,1038,
2022-03-14,S004_P0005,776,
2022-03-21,S004_P0005,809,
2022-03-28,S004_P0005,1248,
2022-04-04,S004_P0005,1292,
2022-04-11,S004_P0005,822,
2022-04-18,S004_P0005,987,
2022-04-25,S004_P0005,1477,
2022-05-02,S004_P0005,1212,
2022-05-09,S004_P0005,1248,
2022-05-16,S004_P0005,1197,
2022-05-23,S004_P0005,1500,
2022-05-30,S004_P0005,1695,
2022-06-06,S004_P0005,700,
2022-06-13,S004_P0005,1091,
2022-06-20,S004_P0005,977,
2022-06-27,S004_P0005,1105,
2022-07-04,S004_P0005,1144,
2022-07-11,S004_P0005,1357,
2022-07-18,S004_P0005,897,
2022-07-25,S004_P0005,502,
2022-08-01,S004_P0005,983,
2022-08-08,S004_P0005,1217,
2022-08-15,S004_P0005,671,
2022-08-22,S004_P0005,1691,
2022-08-29,S004_P0005,823,
2022-09-05,S004_P0005,1016,
2022-09-12,S004_P0005,621,
2022-09-19,S004_P0005,466,
2022-09-26,S004_P0005,812,
2022-10-03,S004_P0005,948,
2022-10-10,S004_P0005,1051,
2022-10-17,S004_P0005,806,
2022-10-24,S004_P0005,963,
2022-10-31,S004_P0005,439,
2022-11-07,S004_P0005,1122,
2022-11-14,S004_P0005,715,
2022-11-21,S004_P0005,1225,
2022-11-28,S004_P0005,1283,
2022-12-05,S004_P0005,627,
2022-12-12,S004_P0005,870,
2022-12-19,S004_P0005,917,
2022-12-26,S004_P0005,1029,
2023-01-02,S004_P0005,933,1043.0
2023-01-09,S004_P0005,780,696.0
2023-01-16,S004_P0005,1344,1180.0
2023-01-23,S004_P0005,907,745.0
2023-01-30,S004_P0005,352,1358.0
2023-02-06,S004_P0005,1690,773.0
2023-02-13,S004_P0005,1565,933.0
2023-02-20,S004_P0005,596,742.0
2023-02-27,S004_P0005,1175,931.0
2023-03-06,S004_P0005,465,1038.0
2023-03-13,S004_P0005,979,776.0
2023-03-20,S004_P0005,986,809.0
2023-03-27,S004_P0005,404,1248.0
2023-04-03,S004_P0005,515,1292.0
2023-04-10,S004_P0005,684,822.0
2023-04-17,S004_P0005,959,987.0
2023-04-24,S004_P0005,1059,1477.0
2023-05-01,S004_P0005,1237,1212.0
2023-05-08,S004_P0005,1265,1248.0
2023-05-15,S004_P0005,966,1197.0
2023-05-22,S004_P0005,905,1500.0
2023-05-29,S004_P0005,891,1695.0
2023-06-05,S004_P0005,997,700.0
2023-06-12,S004_P0005,1194,1091.0
2023-06-19,S004_P0005,882,977.0
2023-06-26,S004_P0005,1070,1105.0
2023-07-03,S004_P0005,322,1144.0
2023-07-10,S004_P0005,1462,1357.0
2023-07-17,S004_P0005,634,897.0
2023-07-24,S004_P0005,1403,502.0
2023-07-31,S004_P0005,912,983.0
2023-08-07,S004_P0005,1400,1217.0
2023-08-14,S004_P0005,473,671.0
2023-08-21,S004_P0005,1295,1691.0
2023-08-28,S004_P0005,624,823.0
2023-09-04,S004_P0005,428,1016.0
2023-09-11,S004_P0005,662,621.0
2023-09-18,S004_P0005,1062,466.0
2023-09-25,S004_P0005,835,812.0
2023-10-02,S004_P0005,1415,948.0
2023-10-09,S004_P0005,910,1051.0
2023-10-16,S004_P0005,1164,806.0
2023-10-23,S004_P0005,665,963.0
2023-10-30,S004_P0005,884,439.0
2023-11-06,S004_P0005,352,1122.0
2023-11-13,S004_P0005,689,715.0
2023-11-20,S004_P0005,798,1225.0
2023-11-27,S004_P0005,1280,1283.0
2023-12-04,S004_P0005,620,627.0
2023-12-11,S004_P0005,1136,870.0
2023-12-18,S004_P0005,1159,917.0
2023-12-25,S004_P0005,839,1029.0
2022-01-03,S004_P0006,1199,
2022-01-10,S004_P0006,776,
2022-01-17,S004_P0006,413,
2022-01-24,S004_P0006,1445,
2022-01-31,S004_P0006,982,
2022-02-07,S004_P0006,670,
2022-02-14,S004_P0006,704,
2022-02-21,S004_P0006,834,
2022-02-28,S004_P0006,1408,
2022-03-07,S004_P0006,621,
2022-03-14,S004_P0006,1083,
2022-03-21,S004_P0006,1126,
2022-03-28,S004_P0006,1167,
2022-04-04,S004_P0006,754,
2022-04-11,S004_P0006,1011,
2022-04-18,S004_P0006,1363,
2022-04-25,S004_P0006,1381,
2022-05-02,S004_P0006,1011,
2022-05-09,S004_P0006,865,
2022-05-16,S004_P0006,757,
2022-05-23,S004_P0006,848,
2022-05-30,S004_P0006,532,
2022-06-06,S004_P0006,994,
2022-06-13,S004_P0006,816,
2022-06-20,S004_P0006,1076,
2022-06-27,S004_P0006,1377,
2022-07-04,S004_P0006,783,
2022-07-11,S004_P0006,1356,
2022-07-18,S004_P0006,825,
2022-07-25,S004_P0006,463,
2022-08-01,S004_P0006,1017,
2022-08-08,S004_P0006,318,
2022-08-15,S004_P0006,1006,
2022-08-22,S004_P0006,1532,
2022-08-29,S004_P0006,1189,
2022-09-05,S004_P0006,654,
2022-09-12,S004_P0006,946,
2022-09-19,S004_P0006,1068,
2022-09-26,S004_P0006,852,
2022-10-03,S004_P0006,895,
2022-10-10,S004_P0006,1332,
2022-10-17,S004_P0006,1003,
2022-10-24,S004_P0006,1140,
2022-10-31,S004_P0006,946,
2022-11-07,S004_P0006,661,
2022-11-14,S004_P0006,712,
2022-11-21,S004_P0006,1037,
2022-11-28,S004_P0006,957,
2022-12-05,S004_P0006,900,
2022-12-12,S004_P0006,1126,
2022-12-19,S004_P0006,865,
2022-12-26,S004_P0006,1354,
2023-01-02,S004_P0006,691,1199.0
2023-01-09,S004_P0006,1296,776.0
2023-01-16,S004_P0006,738,413.0
2023-01-23,S004_P0006,711,1445.0
2023-01-30,S004_P0006,1431,982.0
2023-02-06,S004_P0006,869,670.0
2023-02-13,S004_P0006,1153,704.0
2023-02-20,S004_P0006,1736,834.0
2023-02-27,S004_P0006,990,1408.0
2023-03-06,S004_P0006,722,621.0
2023-03-13,S004_P0006,1222,1083.0
2023-03-20,S004_P0006,1028,1126.0
2023-03-27,S004_P0006,1125,1167.0
2023-04-03,S004_P0006,1270,754.0
2023-04-10,S004_P0006,1185,1011.0
2023-04-17,S004_P0006,1019,1363.0
2023-04-24,S004_P0006,1075,1381.0
2023-05-01,S004_P0006,531,1011.0
2023-05-08,S004_P0006,774,865.0
2023-05-15,S004_P0006,1210,757.0
2023-05-22,S004_P0006,1147,848.0
2023-05-29,S004_P0006,1075,532.0
2023-06-05,S004_P0006,1105,994.0
2023-06-12,S004_P0006,585,816.0
2023-06-19,S004_P0006,963,1076.0
2023-06-26,S004_P0006,953,1377.0
2023-07-03,S004_P0006,903,783.0
2023-07-10,S004_P0006,1250,1356.0
2023-07-17,S004_P0006,871,825.0
2023-07-24,S004_P0006,797,463.0
2023-07-31,S004_P0006,1137,1017.0
2023-08-07,S004_P0006,852,318.0
2023-08-14,S004_P0006,1188,1006.0
2023-08-21,S004_P0006,1640,1532.0
2023-08-28,S004_P0006,541,1189.0
2023-09-04,S004_P0006,837,654.0
2023-09-11,S004_P0006,1019,946.0
2023-09-18,S004_P0006,544,1068.0
2023-09-25,S004_P0006,1783,852.0
2023-10-02,S004_P0006,864,895.0
2023-10-09,S004_P0006,870,1332.0
2023-10-16,S004_P0006,1032,1003.0
2023-10-23,S004_P0006,910,1140.0
2023-10-30,S004_P0006,862,946.0
2023-11-06,S004_P0006,1445,661.0
2023-11-13,S004_P0006,1348,712.0
2023-11-20,S004_P0006,821,1037.0
2023-11-27,S004_P0006,929,957.0
2023-12-04,S004_P0006,608,900.0
2023-12-11,S004_P0006,942,1126.0
2023-12-18,S004_P0006,650,865.0
2023-12-25,S004_P0006,1126,1354.0
2022-01-03,S004_P0007,1200,
2022-01-10,S004_P0007,891,
2022-01-17,S004_P0007,872,
2022-01-24,S004_P0007,1253,
2022-01-31,S004_P0007,1299,
2022-02-07,S004_P0007,716,
2022-02-14,S004_P0007,1282,
2022-02-21,S004_P0007,1124,
2022-02-28,S004_P0007,541,
2022-03-07,S004_P0007,1081,
2022-03-14,S004_P0007,554,
2022-03-21,S004_P0007,1256,
2022-03-28,S004_P0007,1404,
2022-04-04,S004_P0007,816,
2022-04-11,S004_P0007,1082,
2022-04-18,S004_P0007,1175,
2022-04-25,S004_P0007,1334,
2022-05-02,S004_P0007,593,
2022-05-09,S004_P0007,1041,
2022-05-16,S004_P0007,850,
2022-05-23,S004_P0007,657,
2022-05-30,S004_P0007,1158,
2022-06-06,S004_P0007,808,
2022-06-13,S004_P0007,676,
2022-06-20,S004_P0007,1054,
2022-06-27,S004_P0007,798,
2022-07-04,S004_P0007,889,
2022-07-11,S004_P0007,626,
2022-07-18,S004_P0007,1344,
2022-07-25,S004_P0007,910,
2022-08-01,S004_P0007,636,
2022-08-08,S004_P0007,733,
2022-08-15,S004_P0007,1095,
2022-08-22,S004_P0007,1000,
2022-08-29,S004_P0007,842,
2022-09-05,S004_P0007,465,
2022-09-12,S004_P0007,762,
2022-09-19,S004_P0007,1317,
2022-09-26,S004_P0007,1124,
2022-10-03,S004_P0007,919,
2022-10-10,S004_P0007,1235,
2022-10-17,S004_P0007,1028,
2022-10-24,S004_P0007,1159,
2022-10-31,S004_P0007,789,
2022-11-07,S004_P0007,688,
2022-11-14,S004_P0007,597,
2022-11-21,S004_P0007,616,
2022-11-28,S004_P0007,1852,
2022-12-05,S004_P0007,296,
2022-12-12,S004_P0007,1091,
2022-12-19,S004_P0007,491,
2022-12-26,S004_P0007,675,
2023-01-02,S004_P0007,1358,1200.0
2023-01-09,S004_P0007,1244,891.0
2023-01-16,S004_P0007,684,872.0
2023-01-23,S004_P0007,498,1253.0
2023-01-30,S004_P0007,986,1299.0
2023-02-06,S004_P0007,433,716.0
2023-02-13,S004_P0007,1281,1282.0
2023-02-20,S004_P0007,661,1124.0
2023-02-27,S004_P0007,800,541.0
2023-03-06,S004_P0007,791,1081.0
2023-03-13,S004_P0007,742,554.0
2023-03-20,S004_P0007,690,1256.0
2023-03-27,S004_P0007,1013,1404.0
2023-04-03,S004_P0007,943,816.0
2023-04-10,S004_P0007,1261,1082.0
2023-04-17,S004_P0007,893,1175.0
2023-04-24,S004_P0007,1157,1334.0
2023-05-01,S004_P0007,749,593.0
2023-05-08,S004_P0007,986,1041.0
2023-05-15,S004_P0007,1118,850.0
2023-05-22,S004_P0007,1273,657.0
2023-05-29,S004_P0007,1432,1158.0
2023-06-05,S004_P0007,848,808.0
2023-06-12,S004_P0007,779,676.0
2023-06-19,S004_P0007,697,1054.0
2023-06-26,S004_P0007,601,798.0
2023-07-03,S004_P0007,911,889.0
2023-07-10,S004_P0007,782,626.0
2023-07-17,S004_P0007,1081,1344.0
2023-07-24,S004_P0007,793,910.0
2023-07-31,S004_P0007,870,636.0
2023-08-07,S004_P0007,680,733.0
2023-08-14,S004_P0007,530,1095.0
2023-08-21,S004_P0007,1047,1000.0
2023-08-28,S004_P0007,750,842.0
2023-09-04,S004_P0007,590,465.0
2023-09-11,S004_P0007,1007,762.0
2023-09-18,S004_P0007,1166,1317.0
2023-09-25,S004_P0007,871,1124.0
2023-10-02,S004_P0007,1219,919.0
2023-10-09,S004_P0007,967,1235.0
2023-10-16,S004_P0007,938,1028.0
2023-10-23,S004_P0007,595,1159.0
2023-10-30,S004_P0007,1217,789.0
2023-11-06,S004_P0007,902,688.0
2023-11-13,S004_P0007,518,597.0
2023-11-20,S004_P0007,592,616.0
2023-11-27,S004_P0007,725,1852.0
2023-12-04,S004_P0007,913,296.0
2023-12-11,S004_P0007,970,1091.0
2023-12-18,S004_P0007,593,491.0
2023-12-25,S004_P0007,1048,675.0
2022-01-03,S004_P0008,1260,
2022-01-10,S004_P0008,1073,
2022-01-17,S004_P0008,1037,
2022-01-24,S004_P0008,908,
2022-01-31,S004_P0008,793,
2022-02-07,S004_P0008,1385,
2022-02-14,S004_P0008,981,
2022-02-21,S004_P0008,566,
2022-02-28,S004_P0008,395,
2022-03-07,S004_P0008,1082,
2022-03-14,S004_P0008,1380,
2022-03-21,S004_P0008,1570,
2022-03-28,S004_P0008,698,
2022-04-04,S004_P0008,1393,
2022-04-11,S004_P0008,786,
2022-04-18,S004_P0008,675,
2022-04-25,S004_P0008,787,
2022-05-02,S004_P0008,1356,
2022-05-09,S004_P0008,1247,
2022-05-16,S004_P0008,884,
2022-05-23,S004_P0008,1139,
2022-05-30,S004_P0008,743,
2022-06-06,S004_P0008,846,
2022-06-13,S004_P0008,874,
2022-06-20,S004_P0008,1300,
2022-06-27,S004_P0008,647,
2022-07-04,S004_P0008,1130,
2022-07-11,S004_P0008,874,
2022-07-18,S004_P0008,815,
2022-07-25,S004_P0008,972,
2022-08-01,S004_P0008,884,
2022-08-08,S004_P0008,822,
2022-08-15,S004_P0008,772,
2022-08-22,S004_P0008,1262,
2022-08-29,S004_P0008,1175,
2022-09-05,S004_P0008,764,
2022-09-12,S004_P0008,655,
2022-09-19,S004_P0008,778,
2022-09-26,S004_P0008,1082,
2022-10-03,S004_P0008,880,
2022-10-10,S004_P0008,515,
2022-10-17,S004_P0008,1061,
2022-10-24,S004_P0008,625,
2022-10-31,S004_P0008,1383,
2022-11-07,S004_P0008,1220,
2022-11-14,S004_P0008,719,
2022-11-21,S004_P0008,775,
2022-11-28,S004_P0008,370,
2022-12-05,S004_P0008,570,
2022-12-12,S004_P0008,1202,
2022-12-19,S004_P0008,625,
2022-12-26,S004_P0008,1340,
2023-01-02,S004_P0008,764,1260.0
2023-01-09,S004_P0008,1468,1073.0
2023-01-16,S004_P0008,337,1037.0
2023-01-23,S004_P0008,630,908.0
2023-01-30,S004_P0008,279,793.0
2023-02-06,S004_P0008,1002,1385.0
2023-02-13,S004_P0008,1066,981.0
2023-02-20,S004_P0008,1260,566.0
2023-02-27,S004_P0008,646,395.0
2023-03-06,S004_P0008,1146,1082.0
2023-03-13,S004_P0008,590,1380.0
2023-03-20,S004_P0008,601,1570.0
2023-03-27,S004_P0008,858,698.0
2023-04-03,S004_P0008,876,1393.0
2023-04-10,S004_P0008,508,786.0
2023-04-17,S004_P0008,1148,675.0
2023-04-24,S004_P0008,933,787.0
2023-05-01,S004_P0008,806,1356.0
2023-05-08,S004_P0008,1033,1247.0
2023-05-15,S004_P0008,1286,884.0
2023-05-22,S004_P0008,1083,1139.0
2023-05-29,S004_P0008,959,743.0
2023-06-05,S004_P0008,1086,846.0
2023-06-12,S004_P0008,759,874.0
2023-06-19,S004_P0008,877,1300.0
2023-06-26,S004_P0008,970,647.0
2023-07-03,S004_P0008,1246,1130.0
2023-07-10,S004_P0008,1253,874.0
2023-07-17,S004_P0008,1238,815.0
2023-07-24,S004_P0008,568,972.0
2023-07-31,S004_P0008,1268,884.0
2023-08-07,S004_P0008,1066,822.0
2023-08-14,S004_P0008,1080,772.0
2023-08-21,S004_P0008,752,1262.0
2023-08-28,S004_P0008,833,1175.0
2023-09-04,S004_P0008,824,764.0
2023-09-11,S004_P0008,1320,655.0
2023-09-18,S004_P0008,877,778.0
2023-09-25,S004_P0008,577,1082.0
2023-10-02,S004_P0008,646,880.0
2023-10-09,S004_P0008,713,515.0
2023-10-16,S004_P0008,975,1061.0
2023-10-23,S004_P0008,1056,625.0
2023-10-30,S004_P0008,458,1383.0
2023-11-06,S004_P0008,1279,1220.0
2023-11-13,S004_P0008,1212,719.0
2023-11-20,S004_P0008,1138,775.0
2023-11-27,S004_P0008,965,370.0
2023-12-04,S004_P0008,1407,570.0
2023-12-11,S004_P0008,750,1202.0
2023-12-18,S004_P0008,1102,625.0
2023-12-25,S004_P0008,1279,1340.0
2022-01-03,S004_P0009,1251,
2022-01-10,S004_P0009,1014,
2022-01-17,S004_P0009,689,
2022-01-24,S004_P0009,411,
2022-01-31,S004_P0009,1057,
2022-02-07,S004_P0009,1067,
2022-02-14,S004_P0009,675,
2022-02-21,S004_P0009,585,
2022-02-28,S004_P0009,623,
2022-03-07,S004_P0009,1008,
2022-03-14,S004_P0009,746,
2022-03-21,S004_P0009,622,
2022-03-28,S004_P0009,868,
2022-04-04,S004_P0009,1013,
2022-04-11,S004_P0009,695,
2022-04-18,S004_P0009,747,
2022-04-25,S004_P0009,647,
2022-05-02,S004_P0009,1326,
2022-05-09,S004_P0009,571,
2022-05-16,S004_P0009,615,
2022-05-23,S004_P0009,1115,
2022-05-30,S004_P0009,1287,
2022-06-06,S004_P0009,587,
2022-06-13,S004_P0009,1137,
2022-06-20,S004_P0009,996,
2022-06-27,S004_P0009,981,
2022-07-04,S004_P0009,1095,
2022-07-11,S004_P0009,1166,
2022-07-18,S004_P0009,963,
2022-07-25,S004_P0009,1194,
2022-08-01,S004_P0009,831,
2022-08-08,S004_P0009,1418,
2022-08-15,S004_P0009,1039,
2022-08-22,S004_P0009,900,
2022-08-29,S004_P0009,763,
2022-09-05,S004_P0009,1248,
2022-09-12,S004_P0009,602,
2022-09-19,S004_P0009,1910,
2022-09-26,S004_P0009,1778,
2022-10-03,S004_P0009,354,
2022-10-10,S004_P0009,809,
2022-10-17,S004_P0009,989,
2022-10-24,S004_P0009,1107,
2022-10-31,S004_P0009,748,
2022-11-07,S004_P0009,834,
2022-11-14,S004_P0009,821,
2022-11-21,S004_P0009,932,
2022-11-28,S004_P0009,701,
2022-12-05,S004_P0009,770,
2022-12-12,S004_P0009,1444,
2022-12-19,S004_P0009,587,
2022-12-26,S004_P0009,1413,
2023-01-02,S004_P0009,1318,1251.0
2023-01-09,S004_P0009,813,1014.0
2023-01-16,S004_P0009,1135,689.0
2023-01-23,S004_P0009,727,411.0
2023-01-30,S004_P0009,662,1057.0
2023-02-06,S004_P0009,778,1067.0
2023-02-13,S004_P0009,1124,675.0
2023-02-20,S004_P0009,644,585.0
2023-02-27,S004_P0009,655,623.0
2023-03-06,S004_P0009,1095,1008.0
2023-03-13,S004_P0009,879,746.0
2023-03-20,S004_P0009,656,622.0
2023-03-27,S004_P0009,616,868.0
2023-04-03,S004_P0009,1052,1013.0
2023-04-10,S004_P0009,1066,695.0
2023-04-17,S004_P0009,1324,747.0
2023-04-24,S004_P0009,686,647.0
2023-05-01,S004_P0009,366,1326.0
2023-05-08,S004_P0009,886,571.0
2023-05-15,S004_P0009,1684,615.0
2023-05-22,S004_P0009,882,1115.0
2023-05-29,S004_P0009,1360,1287.0
2023-06-05,S004_P0009,2130,587.0
2023-06-12,S004_P0009,572,1137.0
2023-06-19,S004_P0009,661,996.0
2023-06-26,S004_P0009,997,981.0
2023-07-03,S004_P0009,815,1095.0
2023-07-10,S004_P0009,1366,1166.0
2023-07-17,S004_P0009,1166,963.0
2023-07-24,S004_P0009,989,1194.0
2023-07-31,S004_P0009,386,831.0
2023-08-07,S004_P0009,1017,1418.0
2023-08-14,S004_P0009,1039,1039.0
2023-08-21,S004_P0009,930,900.0
2023-08-28,S004_P0009,679,763.0
2023-09-04,S004_P0009,548,1248.0
2023-09-11,S004_P0009,978,602.0
2023-09-18,S004_P0009,479,1910.0
2023-09-25,S004_P0009,804,1778.0
2023-10-02,S004_P0009,774,354.0
2023-10-09,S004_P0009,1288,809.0
2023-10-16,S004_P0009,1114,989.0
2023-10-23,S004_P0009,731,1107.0
2023-10-30,S004_P0009,1528,748.0
2023-11-06,S004_P0009,910,834.0
2023-11-13,S004_P0009,983,821.0
2023-11-20,S004_P0009,666,932.0
2023-11-27,S004_P0009,783,701.0
2023-12-04,S004_P0009,1356,770.0
2023-12-11,S004_P0009,1550,1444.0
2023-12-18,S004_P0009,811,587.0
2023-12-25,S004_P0009,1006,1413.0
2022-01-03,S004_P0010,787,
2022-01-10,S004_P0010,1378,
2022-01-17,S004_P0010,960,
2022-01-24,S004_P0010,704,
2022-01-31,S004_P0010,1286,
2022-02-07,S004_P0010,819,
2022-02-14,S004_P0010,1098,
2022-02-21,S004_P0010,1345,
2022-02-28,S004_P0010,505,
2022-03-07,S004_P0010,1611,
2022-03-14,S004_P0010,1002,
2022-03-21,S004_P0010,956,
2022-03-28,S004_P0010,797,
2022-04-04,S004_P0010,826,
2022-04-11,S004_P0010,918,
2022-04-18,S004_P0010,841,
2022-04-25,S004_P0010,880,
2022-05-02,S004_P0010,748,
2022-05-09,S004_P0010,1204,
2022-05-16,S004_P0010,1181,
2022-05-23,S004_P0010,918,
2022-05-30,S004_P0010,1065,
2022-06-06,S004_P0010,1386,
2022-06-13,S004_P0010,906,
2022-06-20,S004_P0010,1719,
2022-06-27,S004_P0010,469,
2022-07-04,S004_P0010,960,
2022-07-11,S004_P0010,840,
2022-07-18,S004_P0010,921,
2022-07-25,S004_P0010,1169,
2022-08-01,S004_P0010,1221,
2022-08-08,S004_P0010,627,
2022-08-15,S004_P0010,1062,
2022-08-22,S004_P0010,1600,
2022-08-29,S004_P0010,879,
2022-09-05,S004_P0010,567,
2022-09-12,S004_P0010,1080,
2022-09-19,S004_P0010,1337,
2022-09-26,S004_P0010,1535,
2022-10-03,S004_P0010,1658,
2022-10-10,S004_P0010,927,
2022-10-17,S004_P0010,719,
2022-10-24,S004_P0010,556,
2022-10-31,S004_P0010,1256,
2022-11-07,S004_P0010,1032,
2022-11-14,S004_P0010,537,
2022-11-21,S004_P0010,1205,
2022-11-28,S004_P0010,770,
2022-12-05,S004_P0010,890,
2022-12-12,S004_P0010,468,
2022-12-19,S004_P0010,453,
2022-12-26,S004_P0010,1383,
2023-01-02,S004_P0010,1223,787.0
2023-01-09,S004_P0010,756,1378.0
2023-01-16,S004_P0010,1421,960.0
2023-01-23,S004_P0010,821,704.0
2023-01-30,S004_P0010,1065,1286.0
2023-02-06,S004_P0010,1167,819.0
2023-02-13,S004_P0010,1069,1098.0
2023-02-20,S004_P0010,783,1345.0
2023-02-27,S004_P0010,1476,505.0
2023-03-06,S004_P0010,929,1611.0
2023-03-13,S004_P0010,1068,1002.0
2023-03-20,S004_P0010,748,956.0
2023-03-27,S004_P0010,1029,797.0
2023-04-03,S004_P0010,537,826.0
2023-04-10,S004_P0010,606,918.0
2023-04-17,S004_P0010,723,841.0
2023-04-24,S004_P0010,947,880.0
2023-05-01,S004_P0010,597,748.0
2023-05-08,S004_P0010,1229,1204.0
2023-05-15,S004_P0010,865,1181.0
2023-05-22,S004_P0010,1101,918.0
2023-05-29,S004_P0010,866,1065.0
2023-06-05,S004_P0010,1045,1386.0
2023-06-12,S004_P0010,1103,906.0
2023-06-19,S004_P0010,1452,1719.0
2023-06-26,S004_P0010,1026,469.0
2023-07-03,S004_P0010,1089,960.0
2023-07-10,S004_P0010,574,840.0
2023-07-17,S004_P0010,1278,921.0
2023-07-24,S004_P0010,964,1169.0
2023-07-31,S004_P0010,1109,1221.0
2023-08-07,S004_P0010,583,627.0
2023-08-14,S004_P0010,608,1062.0
2023-08-21,S004_P0010,557,1600.0
2023-08-28,S004_P0010,1412,879.0
2023-09-04,S004_P0010,1058,567.0
2023-09-11,S004_P0010,993,1080.0
2023-09-18,S004_P0010,827,1337.0
2023-09-25,S004_P0010,701,1535.0
2023-10-02,S004_P0010,653,1658.0
2023-10-09,S004_P0010,930,927.0
2023-10-16,S004_P0010,977,719.0
2023-10-23,S004_P0010,808,556.0
2023-10-30,S004_P0010,924,1256.0
2023-11-06,S004_P0010,221,1032.0
2023-11-13,S004_P0010,637,537.0
2023-11-20,S004_P0010,1170,1205.0
2023-11-27,S004_P0010,852,770.0
2023-12-04,S004_P0010,1077,890.0
2023-12-11,S004_P0010,880,468.0
2023-12-18,S004_P0010,1028,453.0
2023-12-25,S004_P0010,782,1383.0
2022-01-03,S004_P0011,890,
2022-01-10,S004_P0011,1021,
2022-01-17,S004_P0011,1272,
2022-01-24,S004_P0011,1173,
2022-01-31,S004_P0011,755,
2022-02-07,S004_P0011,1113,
2022-02-14,S004_P0011,1054,
2022-02-21,S004_P0011,924,
2022-02-28,S004_P0011,815,
2022-03-07,S004_P0011,675,
2022-03-14,S004_P0011,1071,
2022-03-21,S004_P0011,610,
2022-03-28,S004_P0011,764,
2022-04-04,S004_P0011,1246,
2022-04-11,S004_P0011,845,
2022-04-18,S004_P0011,1253,
2022-04-25,S004_P0011,1042,
2022-05-02,S004_P0011,960,
2022-05-09,S004_P0011,800,
2022-05-16,S004_P0011,804,
2022-05-23,S004_P0011,1226,
2022-05-30,S004_P0011,1200,
2022-06-06,S004_P0011,1257,
2022-06-13,S004_P0011,753,
2022-06-20,S004_P0011,1481,
2022-06-27,S004_P0011,1319,
2022-07-04,S004_P0011,1123,
2022-07-11,S004_P0011,437,
2022-07-18,S004_P0011,834,
2022-07-25,S004_P0011,937,
2022-08-01,S004_P0011,1214,
2022-08-08,S004_P0011,1147,
2022-08-15,S004_P0011,885,
2022-08-22,S004_P0011,1228,
2022-08-29,S004_P0011,1176,
2022-09-05,S004_P0011,545,
2022-09-12,S004_P0011,675,
2022-09-19,S004_P0011,1182,
2022-09-26,S004_P0011,1070,
2022-10-03,S004_P0011,1244,
2022-10-10,S004_P0011,1035,
2022-10-17,S004_P0011,765,
2022-10-24,S004_P0011,999,
2022-10-31,S004_P0011,697,
2022-11-07,S004_P0011,1000,
2022-11-14,S004_P0011,716,
2022-11-21,S004_P0011,1102,
2022-11-28,S004_P0011,1239,
2022-12-05,S004_P0011,927,
2022-12-12,S004_P0011,778,
2022-12-19,S004_P0011,913,
2022-12-26,S004_P0011,803,
2023-01-02,S004_P0011,746,890.0
2023-01-09,S004_P0011,1328,1021.0
2023-01-16,S004_P0011,973,1272.0
2023-01-23,S004_P0011,875,1173.0
2023-01-30,S004_P0011,1055,755.0
2023-02-06,S004_P0011,1119,1113.0
2023-02-13,S004_P0011,914,1054.0
2023-02-20,S004_P0011,1159,924.0
2023-02-27,S004_P0011,1773,815.0
2023-03-06,S004_P0011,1134,675.0
2023-03-13,S004_P0011,1103,1071.0
2023-03-20,S004_P0011,617,610.0
2023-03-27,S004_P0011,566,764.0
2023-04-03,S004_P0011,921,1246.0
2023-04-10,S004_P0011,912,845.0
2023-04-17,S004_P0011,926,1253.0
2023-04-24,S004_P0011,1158,1042.0
2023-05-01,S004_P0011,488,960.0
2023-05-08,S004_P0011,589,800.0
2023-05-15,S004_P0011,993,804.0
2023-05-22,S004_P0011,572,1226.0
2023-05-29,S004_P0011,1007,1200.0
2023-06-05,S004_P0011,811,1257.0
2023-06-12,S004_P0011,1187,753.0
2023-06-19,S004_P0011,893,1481.0
2023-06-26,S004_P0011,549,1319.0
2023-07-03,S004_P0011,502,1123.0
2023-07-10,S004_P0011,882,437.0
2023-07-17,S004_P0011,1059,834.0
2023-07-24,S004_P0011,1281,937.0
2023-07-31,S004_P0011,697,1214.0
2023-08-07,S004_P0011,726,1147.0
2023-08-14,S004_P0011,1173,885.0
2023-08-21,S004_P0011,953,1228.0
2023-08-28,S004_P0011,736,1176.0
2023-09-04,S004_P0011,987,545.0
2023-09-11,S004_P0011,837,675.0
2023-09-18,S004_P0011,858,1182.0
2023-09-25,S004_P0011,716,1070.0
2023-10-02,S004_P0011,1312,1244.0
2023-10-09,S004_P0011,1106,1035.0
2023-10-16,S004_P0011,1677,765.0
2023-10-23,S004_P0011,872,999.0
2023-10-30,S004_P0011,977,697.0
2023-11-06,S004_P0011,1217,1000.0
2023-11-13,S004_P0011,1040,716.0
2023-11-20,S004_P0011,1549,1102.0
2023-11-27,S004_P0011,1268,1239.0
2023-12-04,S004_P0011,754,927.0
2023-12-11,S004_P0011,1030,778.0
2023-12-18,S004_P0011,937,913.0
2023-12-25,S004_P0011,1160,803.0
2022-01-03,S004_P0012,997,
2022-01-10,S004_P0012,1122,
2022-01-17,S004_P0012,631,
2022-01-24,S004_P0012,754,
2022-01-31,S004_P0012,663,
2022-02-07,S004_P0012,1191,
2022-02-14,S004_P0012,1422,
2022-02-21,S004_P0012,1026,
2022-02-28,S004_P0012,774,
2022-03-07,S004_P0012,639,
2022-03-14,S004_P0012,1204,
2022-03-21,S004_P0012,801,
2022-03-28,S004_P0012,839,
2022-04-04,S004_P0012,1005,
2022-04-11,S004_P0012,1204,
2022-04-18,S004_P0012,793,
2022-04-25,S004_P0012,730,
2022-05-02,S004_P0012,1095,
2022-05-09,S004_P0012,1333,
2022-05-16,S004_P0012,589,
2022-05-23,S004_P0012,1256,
2022-05-30,S004_P0012,803,
2022-06-06,S004_P0012,1207,
2022-06-13,S004_P0012,1079,
2022-06-20,S004_P0012,441,
2022-06-27,S004_P0012,631,
2022-07-04,S004_P0012,1284,
2022-07-11,S004_P0012,781,
2022-07-18,S004_P0012,872,
2022-07-25,S004_P0012,928,
2022-08-01,S004_P0012,605,
2022-08-08,S004_P0012,693,
2022-08-15,S004_P0012,763,
2022-08-22,S004_P0012,686,
2022-08-29,S004_P0012,861,
2022-09-05,S004_P0012,477,
2022-09-12,S004_P0012,1383,
2022-09-19,S004_P0012,807,
2022-09-26,S004_P0012,711,
2022-10-03,S004_P0012,638,
2022-10-10,S004_P0012,1541,
2022-10-17,S004_P0012,1064,
2022-10-24,S004_P0012,900,
2022-10-31,S004_P0012,574,
2022-11-07,S004_P0012,1230,
2022-11-14,S004_P0012,942,
2022-11-21,S004_P0012,958,
2022-11-28,S004_P0012,1240,
2022-12-05,S004_P0012,1179,
2022-12-12,S004_P0012,916,
2022-12-19,S004_P0012,1184,
2022-12-26,S004_P0012,1410,
2023-01-02,S004_P0012,687,997.0
2023-01-09,S004_P0012,1020,1122.0
2023-01-16,S004_P0012,738,631.0
2023-01-23,S004_P0012,1508,754.0
2023-01-30,S004_P0012,603,663.0
2023-02-06,S004_P0012,860,1191.0
2023-02-13,S004_P0012,624,1422.0
2023-02-20,S004_P0012,931,1026.0
2023-02-27,S004_P0012,750,774.0
2023-03-06,S004_P0012,734,639.0
2023-03-13,S004_P0012,520,1204.0
2023-03-20,S004_P0012,684,801.0
2023-03-27,S004_P0012,1283,839.0
2023-04-03,S004_P0012,746,1005.0
2023-04-10,S004_P0012,1014,1204.0
2023-04-17,S004_P0012,779,793.0
2023-04-24,S004_P0012,666,730.0
2023-05-01,S004_P0012,821,1095.0
2023-05-08,S004_P0012,1039,1333.0
2023-05-15,S004_P0012,1038,589.0
2023-05-22,S004_P0012,1559,1256.0
2023-05-29,S004_P0012,934,803.0
2023-06-05,S004_P0012,749,1207.0
2023-06-12,S004_P0012,482,1079.0
2023-06-19,S004_P0012,1518,441.0
2023-06-26,S004_P0012,1214,631.0
2023-07-03,S004_P0012,1128,1284.0
2023-07-10,S004_P0012,1295,781.0
2023-07-17,S004_P0012,980,872.0
2023-07-24,S004_P0012,1291,928.0
2023-07-31,S004_P0012,262,605.0
2023-08-07,S004_P0012,319,693.0
2023-08-14,S004_P0012,776,763.0
2023-08-21,S004_P0012,711,686.0
2023-08-28,S004_P0012,1089,861.0
2023-09-04,S004_P0012,1014,477.0
2023-09-11,S004_P0012,943,1383.0
2023-09-18,S004_P0012,1382,807.0
2023-09-25,S004_P0012,1087,711.0
2023-10-02,S004_P0012,1214,638.0
2023-10-09,S004_P0012,1134,1541.0
2023-10-16,S004_P0012,881,1064.0
2023-10-23,S004_P0012,1029,900.0
2023-10-30,S004_P0012,843,574.0
2023-11-06,S004_P0012,1112,1230.0
2023-11-13,S004_P0012,439,942.0
2023-11-20,S004_P0012,998,958.0
2023-11-27,S004_P0012,610,1240.0
2023-12-04,S004_P0012,677,1179.0
2023-12-11,S004_P0012,732,916.0
2023-12-18,S004_P0012,795,1184.0
2023-12-25,S004_P0012,1002,1410.0
2022-01-03,S004_P0013,968,
2022-01-10,S004_P0013,737,
2022-01-17,S004_P0013,1089,
2022-01-24,S004_P0013,829,
2022-01-31,S004_P0013,690,
2022-02-07,S004_P0013,1086,
2022-02-14,S004_P0013,1319,
2022-02-21,S004_P0013,987,
2022-02-28,S004_P0013,956,
2022-03-07,S004_P0013,661,
2022-03-14,S004_P0013,959,
2022-03-21,S004_P0013,996,
2022-03-28,S004_P0013,628,
2022-04-04,S004_P0013,556,
2022-04-11,S004_P0013,860,
2022-04-18,S004_P0013,1431,
2022-04-25,S004_P0013,816,
2022-05-02,S004_P0013,1217,
2022-05-09,S004_P0013,935,
2022-05-16,S004_P0013,918,
2022-05-23,S004_P0013,875,
2022-05-30,S004_P0013,747,
2022-06-06,S004_P0013,763,
2022-06-13,S004_P0013,648,
2022-06-20,S004_P0013,805,
2022-06-27,S004_P0013,1108,
2022-07-04,S004_P0013,698,
2022-07-11,S004_P0013,1098,
2022-07-18,S004_P0013,1281,
2022-07-25,S004_P0013,925,
2022-08-01,S004_P0013,1103,
2022-08-08,S004_P0013,596,
2022-08-15,S004_P0013,1145,
2022-08-22,S004_P0013,435,
2022-08-29,S004_P0013,1223,
2022-09-05,S004_P0013,873,
2022-09-12,S004_P0013,1810,
2022-09-19,S004_P0013,574,
2022-09-26,S004_P0013,2003,
2022-10-03,S004_P0013,649,
2022-10-10,S004_P0013,1543,
2022-10-17,S004_P0013,965,
2022-10-24,S004_P0013,1049,
2022-10-31,S004_P0013,1279,
2022-11-07,S004_P0013,719,
2022-11-14,S004_P0013,579,
2022-11-21,S004_P0013,1282,
2022-11-28,S004_P0013,1120,
2022-12-05,S004_P0013,1001,
2022-12-12,S004_P0013,922,
2022-12-19,S004_P0013,819,
2022-12-26,S004_P0013,987,
2023-01-02,S004_P0013,1022,968.0
2023-01-09,S004_P0013,738,737.0
2023-01-16,S004_P0013,1203,1089.0
2023-01-23,S004_P0013,615,829.0
2023-01-30,S004_P0013,495,690.0
2023-02-06,S004_P0013,1081,1086.0
2023-02-13,S004_P0013,534,1319.0
2023-02-20,S004_P0013,587,987.0
2023-02-27,S004_P0013,600,956.0
2023-03-06,S004_P0013,1326,661.0
2023-03-13,S004_P0013,908,959.0
2023-03-20,S004_P0013,1026,996.0
2023-03-27,S004_P0013,1708,628.0
2023-04-03,S004_P0013,875,556.0
2023-04-10,S004_P0013,991,860.0
2023-04-17,S004_P0013,650,1431.0
2023-04-24,S004_P0013,742,816.0
2023-05-01,S004_P0013,957,1217.0
2023-05-08,S004_P0013,1226,935.0
2023-05-15,S004_P0013,1138,918.0
2023-05-22,S004_P0013,380,875.0
2023-05-29,S004_P0013,1189,747.0
2023-06-05,S004_P0013,969,763.0
2023-06-12,S004_P0013,1033,648.0
2023-06-19,S004_P0013,837,805.0
2023-06-26,S004_P0013,1659,1108.0
2023-07-03,S004_P0013,865,698.0
2023-07-10,S004_P0013,999,1098.0
2023-07-17,S004_P0013,789,1281.0
2023-07-24,S004_P0013,730,925.0
2023-07-31,S004_P0013,459,1103.0
2023-08-07,S004_P0013,749,596.0
2023-08-14,S004_P0013,714,1145.0
2023-08-21,S004_P0013,725,435.0
2023-08-28,S004_P0013,1089,1223.0
2023-09-04,S004_P0013,424,873.0
2023-09-11,S004_P0013,747,1810.0
2023-09-18,S004_P0013,1120,574.0
2023-09-25,S004_P0013,819,2003.0
2023-10-02,S004_P0013,630,649.0
2023-10-09,S004_P0013,442,1543.0
2023-10-16,S004_P0013,913,965.0
2023-10-23,S004_P0013,1296,1049.0
2023-10-30,S004_P0013,936,1279.0
2023-11-06,S004_P0013,655,719.0
2023-11-13,S004_P0013,856,579.0
2023-11-20,S004_P0013,592,1282.0
2023-11-27,S004_P0013,1022,1120.0
2023-12-04,S004_P0013,1128,1001.0
2023-12-11,S004_P0013,931,922.0
2023-12-18,S004_P0013,544,819.0
2023-12-25,S004_P0013,878,987.0
2022-01-03,S004_P0014,1228,
2022-01-10,S004_P0014,1402,
2022-01-17,S004_P0014,1138,
2022-01-24,S004_P0014,867,
2022-01-31,S004_P0014,1292,
2022-02-07,S004_P0014,1193,
2022-02-14,S004_P0014,1068,
2022-02-21,S004_P0014,1066,
2022-02-28,S004_P0014,1109,
2022-03-07,S004_P0014,1269,
2022-03-14,S004_P0014,753,
2022-03-21,S004_P0014,598,
2022-03-28,S004_P0014,851,
2022-04-04,S004_P0014,926,
2022-04-11,S004_P0014,755,
2022-04-18,S004_P0014,710,
2022-04-25,S004_P0014,1202,
2022-05-02,S004_P0014,659,
2022-05-09,S004_P0014,1134,
2022-05-16,S004_P0014,1477,
2022-05-23,S004_P0014,1200,
2022-05-30,S004_P0014,1472,
2022-06-06,S004_P0014,1010,
2022-06-13,S004_P0014,770,
2022-06-20,S004_P0014,858,
2022-06-27,S004_P0014,1197,
2022-07-04,S004_P0014,505,
2022-07-11,S004_P0014,905,
2022-07-18,S004_P0014,830,
2022-07-25,S004_P0014,1585,
2022-08-01,S004_P0014,968,
2022-08-08,S004_P0014,1342,
2022-08-15,S004_P0014,584,
2022-08-22,S004_P0014,987,
2022-08-29,S004_P0014,1122,
2022-09-05,S004_P0014,1402,
2022-09-12,S004_P0014,815,
2022-09-19,S004_P0014,953,
2022-09-26,S004_P0014,502,
2022-10-03,S004_P0014,907,
2022-10-10,S004_P0014,1169,
2022-10-17,S004_P0014,777,
2022-10-24,S004_P0014,806,
2022-10-31,S004_P0014,1544,
2022-11-07,S004_P0014,1142,
2022-11-14,S004_P0014,607,
2022-11-21,S004_P0014,612,
2022-11-28,S004_P0014,816,
2022-12-05,S004_P0014,1138,
2022-12-12,S004_P0014,820,
2022-12-19,S004_P0014,823,
2022-12-26,S004_P0014,1406,
2023-01-02,S004_P0014,585,1228.0
2023-01-09,S004_P0014,952,1402.0
2023-01-16,S004_P0014,692,1138.0
2023-01-23,S004_P0014,1079,867.0
2023-01-30,S004_P0014,1423,1292.0
2023-02-06,S004_P0014,1236,1193.0
2023-02-13,S004_P0014,982,1068.0
2023-02-20,S004_P0014,783,1066.0
2023-02-27,S004_P0014,1361,1109.0
2023-03-06,S004_P0014,1313,1269.0
2023-03-13,S004_P0014,1072,753.0
2023-03-20,S004_P0014,750,598.0
2023-03-27,S004_P0014,1005,851.0
2023-04-03,S004_P0014,999,926.0
2023-04-10,S004_P0014,1003,755.0
2023-04-17,S004_P0014,970,710.0
2023-04-24,S004_P0014,1186,1202.0
2023-05-01,S004_P0014,1093,659.0
2023-05-08,S004_P0014,676,1134.0
2023-05-15,S004_P0014,1052,1477.0
2023-05-22,S004_P0014,833,1200.0
2023-05-29,S004_P0014,1148,1472.0
2023-06-05,S004_P0014,1258,1010.0
2023-06-12,S004_P0014,954,770.0
2023-06-19,S004_P0014,1649,858.0
2023-06-26,S004_P0014,506,1197.0
2023-07-03,S004_P0014,1024,505.0
2023-07-10,S004_P0014,1206,905.0
2023-07-17,S004_P0014,1241,830.0
2023-07-24,S004_P0014,1020,1585.0
2023-07-31,S004_P0014,797,968.0
2023-08-07,S004_P0014,752,1342.0
2023-08-14,S004_P0014,969,584.0
2023-08-21,S004_P0014,1004,987.0
2023-08-28,S004_P0014,608,1122.0
2023-09-04,S004_P0014,1077,1402.0
2023-09-11,S004_P0014,1066,815.0
2023-09-18,S004_P0014,939,953.0
2023-09-25,S004_P0014,1266,502.0
2023-10-02,S004_P0014,1027,907.0
2023-10-09,S004_P0014,1261,1169.0
2023-10-16,S004_P0014,606,777.0
2023-10-23,S004_P0014,1429,806.0
2023-10-30,S004_P0014,1207,1544.0
2023-11-06,S004_P0014,951,1142.0
2023-11-13,S004_P0014,553,607.0
2023-11-20,S004_P0014,628,612.0
2023-11-27,S004_P0014,691,816.0
2023-12-04,S004_P0014,1012,1138.0
2023-12-11,S004_P0014,636,820.0
2023-12-18,S004_P0014,1092,823.0
2023-12-25,S004_P0014,763,1406.0
2022-01-03,S004_P0015,743,
2022-01-10,S004_P0015,1122,
2022-01-17,S004_P0015,328,
2022-01-24,S004_P0015,1370,
2022-01-31,S004_P0015,707,
2022-02-07,S004_P0015,949,
2022-02-14,S004_P0015,866,
2022-02-21,S004_P0015,910,
2022-02-28,S004_P0015,928,
2022-03-07,S004_P0015,681,
2022-03-14,S004_P0015,950,
2022-03-21,S004_P0015,838,
2022-03-28,S004_P0015,1092,
2022-04-04,S004_P0015,889,
2022-04-11,S004_P0015,1066,
2022-04-18,S004_P0015,785,
2022-04-25,S004_P0015,613,
2022-05-02,S004_P0015,948,
2022-05-09,S004_P0015,1457,
2022-05-16,S004_P0015,1320,
2022-05-23,S004_P0015,652,
2022-05-30,S004_P0015,632,
2022-06-06,S004_P0015,416,
2022-06-13,S004_P0015,823,
2022-06-20,S004_P0015,1532,
2022-06-27,S004_P0015,1017,
2022-07-04,S004_P0015,995,
2022-07-11,S004_P0015,881,
2022-07-18,S004_P0015,947,
2022-07-25,S004_P0015,871,
2022-08-01,S004_P0015,1145,
2022-08-08,S004_P0015,620,
2022-08-15,S004_P0015,1407,
2022-08-22,S004_P0015,323,
2022-08-29,S004_P0015,1197,
2022-09-05,S004_P0015,741,
2022-09-12,S004_P0015,636,
2022-09-19,S004_P0015,925,
2022-09-26,S004_P0015,1127,
2022-10-03,S004_P0015,1079,
2022-10-10,S004_P0015,790,
2022-10-17,S004_P0015,616,
2022-10-24,S004_P0015,997,
2022-10-31,S004_P0015,1094,
2022-11-07,S004_P0015,476,
2022-11-14,S004_P0015,1400,
2022-11-21,S004_P0015,951,
2022-11-28,S004_P0015,1790,
2022-12-05,S004_P0015,943,
2022-12-12,S004_P0015,671,
2022-12-19,S004_P0015,907,
2022-12-26,S004_P0015,770,
2023-01-02,S004_P0015,846,743.0
2023-01-09,S004_P0015,1022,1122.0
2023-01-16,S004_P0015,1056,328.0
2023-01-23,S004_P0015,862,1370.0
2023-01-30,S004_P0015,1705,707.0
2023-02-06,S004_P0015,1312,949.0
2023-02-13,S004_P0015,861,866.0
2023-02-20,S004_P0015,818,910.0
2023-02-27,S004_P0015,1185,928.0
2023-03-06,S004_P0015,1334,681.0
2023-03-13,S004_P0015,892,950.0
2023-03-20,S004_P0015,851,838.0
2023-03-27,S004_P0015,920,1092.0
2023-04-03,S004_P0015,1448,889.0
2023-04-10,S004_P0015,668,1066.0
2023-04-17,S004_P0015,529,785.0
2023-04-24,S004_P0015,1007,613.0
2023-05-01,S004_P0015,962,948.0
2023-05-08,S004_P0015,1168,1457.0
2023-05-15,S004_P0015,1236,1320.0
2023-05-22,S004_P0015,704,652.0
2023-05-29,S004_P0015,782,632.0
2023-06-05,S004_P0015,1237,416.0
2023-06-12,S004_P0015,1098,823.0
2023-06-19,S004_P0015,1012,1532.0
2023-06-26,S004_P0015,592,1017.0
2023-07-03,S004_P0015,1122,995.0
2023-07-10,S004_P0015,589,881.0
2023-07-17,S004_P0015,1042,947.0
2023-07-24,S004_P0015,1400,871.0
2023-07-31,S004_P0015,335,1145.0
2023-08-07,S004_P0015,1126,620.0
2023-08-14,S004_P0015,1377,1407.0
2023-08-21,S004_P0015,854,323.0
2023-08-28,S004_P0015,1525,1197.0
2023-09-04,S004_P0015,984,741.0
2023-09-11,S004_P0015,850,636.0
2023-09-18,S004_P0015,974,925.0
2023-09-25,S004_P0015,824,1127.0
2023-10-02,S004_P0015,1038,1079.0
2023-10-09,S004_P0015,1297,790.0
2023-10-16,S004_P0015,1411,616.0
2023-10-23,S004_P0015,501,997.0
2023-10-30,S004_P0015,1302,1094.0
2023-11-06,S004_P0015,1013,476.0
2023-11-13,S004_P0015,811,1400.0
2023-11-20,S004_P0015,1534,951.0
2023-11-27,S004_P0015,783,1790.0
2023-12-04,S004_P0015,1088,943.0
2023-12-11,S004_P0015,1210,671.0
2023-12-18,S004_P0015,783,907.0
2023-12-25,S004_P0015,574,770.0
2022-01-03,S004_P0016,906,
2022-01-10,S004_P0016,805,
2022-01-17,S004_P0016,1040,
2022-01-24,S004_P0016,849,
2022-01-31,S004_P0016,980,
2022-02-07,S004_P0016,671,
2022-02-14,S004_P0016,1068,
2022-02-21,S004_P0016,1148,
2022-02-28,S004_P0016,1067,
2022-03-07,S004_P0016,905,
2022-03-14,S004_P0016,1117,
2022-03-21,S004_P0016,789,
2022-03-28,S004_P0016,551,
2022-04-04,S004_P0016,1009,
2022-04-11,S004_P0016,1234,
2022-04-18,S004_P0016,596,
2022-04-25,S004_P0016,805,
2022-05-02,S004_P0016,484,
2022-05-09,S004_P0016,1232,
2022-05-16,S004_P0016,616,
2022-05-23,S004_P0016,1122,
2022-05-30,S004_P0016,931,
2022-06-06,S004_P0016,1301,
2022-06-13,S004_P0016,621,
2022-06-20,S004_P0016,1186,
2022-06-27,S004_P0016,1101,
2022-07-04,S004_P0016,915,
2022-07-11,S004_P0016,747,
2022-07-18,S004_P0016,1119,
2022-07-25,S004_P0016,794,
2022-08-01,S004_P0016,973,
2022-08-08,S004_P0016,1034,
2022-08-15,S004_P0016,1089,
2022-08-22,S004_P0016,1251,
2022-08-29,S004_P0016,710,
2022-09-05,S004_P0016,958,
2022-09-12,S004_P0016,1816,
2022-09-19,S004_P0016,760,
2022-09-26,S004_P0016,835,
2022-10-03,S004_P0016,758,
2022-10-10,S004_P0016,891,
2022-10-17,S004_P0016,1227,
2022-10-24,S004_P0016,1085,
2022-10-31,S004_P0016,784,
2022-11-07,S004_P0016,1670,
2022-11-14,S004_P0016,982,
2022-11-21,S004_P0016,1885,
2022-11-28,S004_P0016,728,
2022-12-05,S004_P0016,1311,
2022-12-12,S004_P0016,1094,
2022-12-19,S004_P0016,963,
2022-12-26,S004_P0016,1152,
2023-01-02,S004_P0016,826,906.0
2023-01-09,S004_P0016,786,805.0
2023-01-16,S004_P0016,1229,1040.0
2023-01-23,S004_P0016,1038,849.0
2023-01-30,S004_P0016,860,980.0
2023-02-06,S004_P0016,1445,671.0
2023-02-13,S004_P0016,1554,1068.0
2023-02-20,S004_P0016,976,1148.0
2023-02-27,S004_P0016,1145,1067.0
2023-03-06,S004_P0016,705,905.0
2023-03-13,S004_P0016,937,1117.0
2023-03-20,S004_P0016,914,789.0
2023-03-27,S004_P0016,1114,551.0
2023-04-03,S004_P0016,1706,1009.0
2023-04-10,S004_P0016,769,1234.0
2023-04-17,S004_P0016,671,596.0
2023-04-24,S004_P0016,947,805.0
2023-05-01,S004_P0016,1257,484.0
2023-05-08,S004_P0016,1543,1232.0
2023-05-15,S004_P0016,914,616.0
2023-05-22,S004_P0016,1197,1122.0
2023-05-29,S004_P0016,984,931.0
2023-06-05,S004_P0016,857,1301.0
2023-06-12,S004_P0016,1138,621.0
2023-06-19,S004_P0016,543,1186.0
2023-06-26,S004_P0016,941,1101.0
2023-07-03,S004_P0016,965,915.0
2023-07-10,S004_P0016,812,747.0
2023-07-17,S004_P0016,386,1119.0
2023-07-24,S004_P0016,1030,794.0
2023-07-31,S004_P0016,1340,973.0
2023-08-07,S004_P0016,1099,1034.0
2023-08-14,S004_P0016,364,1089.0
2023-08-21,S004_P0016,1721,1251.0
2023-08-28,S004_P0016,1213,710.0
2023-09-04,S004_P0016,1299,958.0
2023-09-11,S004_P0016,1211,1816.0
2023-09-18,S004_P0016,1028,760.0
2023-09-25,S004_P0016,685,835.0
2023-10-02,S004_P0016,707,758.0
2023-10-09,S004_P0016,1172,891.0
2023-10-16,S004_P0016,726,1227.0
2023-10-23,S004_P0016,755,1085.0
2023-10-30,S004_P0016,1072,784.0
2023-11-06,S004_P0016,805,1670.0
2023-11-13,S004_P0016,946,982.0
2023-11-20,S004_P0016,1402,1885.0
2023-11-27,S004_P0016,1124,728.0
2023-12-04,S004_P0016,877,1311.0
2023-12-11,S004_P0016,1354,1094.0
2023-12-18,S004_P0016,621,963.0
2023-12-25,S004_P0016,948,1152.0
2022-01-03,S004_P0017,906,
2022-01-10,S004_P0017,1185,
2022-01-17,S004_P0017,1193,
2022-01-24,S004_P0017,1182,
2022-01-31,S004_P0017,648,
2022-02-07,S004_P0017,978,
2022-02-14,S004_P0017,1161,
2022-02-21,S004_P0017,845,
2022-02-28,S004_P0017,889,
2022-03-07,S004_P0017,582,
2022-03-14,S004_P0017,1058,
2022-03-21,S004_P0017,893,
2022-03-28,S004_P0017,918,
2022-04-04,S004_P0017,1030,
2022-04-11,S004_P0017,1439,
2022-04-18,S004_P0017,1408,
2022-04-25,S004_P0017,994,
2022-05-02,S004_P0017,892,
2022-05-09,S004_P0017,1410,
2022-05-16,S004_P0017,1069,
2022-05-23,S004_P0017,776,
2022-05-30,S004_P0017,684,
2022-06-06,S004_P0017,733,
2022-06-13,S004_P0017,789,
2022-06-20,S004_P0017,598,
2022-06-27,S004_P0017,1082,
2022-07-04,S004_P0017,1215,
2022-07-11,S004_P0017,754,
2022-07-18,S004_P0017,1197,
2022-07-25,S004_P0017,865,
2022-08-01,S004_P0017,667,
2022-08-08,S004_P0017,927,
2022-08-15,S004_P0017,547,
2022-08-22,S004_P0017,1322,
2022-08-29,S004_P0017,575,
2022-09-05,S004_P0017,1231,
2022-09-12,S004_P0017,931,
2022-09-19,S004_P0017,490,
2022-09-26,S004_P0017,1270,
2022-10-03,S004_P0017,775,
2022-10-10,S004_P0017,573,
2022-10-17,S004_P0017,1034,
2022-10-24,S004_P0017,1065,
2022-10-31,S004_P0017,490,
2022-11-07,S004_P0017,1418,
2022-11-14,S004_P0017,664,
2022-11-21,S004_P0017,1216,
2022-11-28,S004_P0017,508,
2022-12-05,S004_P0017,1056,
2022-12-12,S004_P0017,1000,
2022-12-19,S004_P0017,1342,
2022-12-26,S004_P0017,895,
2023-01-02,S004_P0017,842,906.0
2023-01-09,S004_P0017,941,1185.0
2023-01-16,S004_P0017,651,1193.0
2023-01-23,S004_P0017,907,1182.0
2023-01-30,S004_P0017,532,648.0
2023-02-06,S004_P0017,712,978.0
2023-02-13,S004_P0017,1417,1161.0
2023-02-20,S004_P0017,643,845.0
2023-02-27,S004_P0017,1008,889.0
2023-03-06,S004_P0017,560,582.0
2023-03-13,S004_P0017,964,1058.0
2023-03-20,S004_P0017,1251,893.0
2023-03-27,S004_P0017,1058,918.0
2023-04-03,S004_P0017,614,1030.0
2023-04-10,S004_P0017,1237,1439.0
2023-04-17,S004_P0017,856,1408.0
2023-04-24,S004_P0017,932,994.0
2023-05-01,S004_P0017,893,892.0
2023-05-08,S004_P0017,850,1410.0
2023-05-15,S004_P0017,1153,1069.0
2023-05-22,S004_P0017,1037,776.0
2023-05-29,S004_P0017,1153,684.0
2023-06-05,S004_P0017,881,733.0
2023-06-12,S004_P0017,753,789.0
2023-06-19,S004_P0017,628,598.0
2023-06-26,S004_P0017,997,1082.0
2023-07-03,S004_P0017,1160,1215.0
2023-07-10,S004_P0017,535,754.0
2023-07-17,S004_P0017,718,1197.0
2023-07-24,S004_P0017,585,865.0
2023-07-31,S004_P0017,1172,667.0
2023-08-07,S004_P0017,1176,927.0
2023-08-14,S004_P0017,1129,547.0
2023-08-21,S004_P0017,903,1322.0
2023-08-28,S004_P0017,1074,575.0
2023-09-04,S004_P0017,655,1231.0
2023-09-11,S004_P0017,584,931.0
2023-09-18,S004_P0017,1061,490.0
2023-09-25,S004_P0017,949,1270.0
2023-10-02,S004_P0017,1228,775.0
2023-10-09,S004_P0017,559,573.0
2023-10-16,S004_P0017,1624,1034.0
2023-10-23,S004_P0017,1364,1065.0
2023-10-30,S004_P0017,736,490.0
2023-11-06,S004_P0017,1208,1418.0
2023-11-13,S004_P0017,778,664.0
2023-11-20,S004_P0017,1213,1216.0
2023-11-27,S004_P0017,1297,508.0
2023-12-04,S004_P0017,1062,1056.0
2023-12-11,S004_P0017,1226,1000.0
2023-12-18,S004_P0017,598,1342.0
2023-12-25,S004_P0017,1369,895.0
2022-01-03,S004_P0018,846,
2022-01-10,S004_P0018,997,
2022-01-17,S004_P0018,1053,
2022-01-24,S004_P0018,1317,
2022-01-31,S004_P0018,793,
2022-02-07,S004_P0018,918,
2022-02-14,S004_P0018,878,
2022-02-21,S004_P0018,1317,
2022-02-28,S004_P0018,829,
2022-03-07,S004_P0018,797,
2022-03-14,S004_P0018,736,
2022-03-21,S004_P0018,1134,
2022-03-28,S004_P0018,641,
2022-04-04,S004_P0018,912,
2022-04-11,S004_P0018,1157,
2022-04-18,S004_P0018,938,
2022-04-25,S004_P0018,1070,
2022-05-02,S004_P0018,1076,
2022-05-09,S004_P0018,848,
2022-05-16,S004_P0018,930,
2022-05-23,S004_P0018,987,
2022-05-30,S004_P0018,865,
2022-06-06,S004_P0018,455,
2022-06-13,S004_P0018,971,
2022-06-20,S004_P0018,753,
2022-06-27,S004_P0018,916,
2022-07-04,S004_P0018,857,
2022-07-11,S004_P0018,1147,
2022-07-18,S004_P0018,1449,
2022-07-25,S004_P0018,522,
2022-08-01,S004_P0018,990,
2022-08-08,S004_P0018,713,
2022-08-15,S004_P0018,582,
2022-08-22,S004_P0018,658,
2022-08-29,S004_P0018,1600,
2022-09-05,S004_P0018,794,
2022-09-12,S004_P0018,600,
2022-09-19,S004_P0018,680,
2022-09-26,S004_P0018,822,
2022-10-03,S004_P0018,473,
2022-10-10,S004_P0018,503,
2022-10-17,S004_P0018,1034,
2022-10-24,S004_P0018,1065,
2022-10-31,S004_P0018,412,
2022-11-07,S004_P0018,1029,
2022-11-14,S004_P0018,634,
2022-11-21,S004_P0018,674,
2022-11-28,S004_P0018,622,
2022-12-05,S004_P0018,1053,
2022-12-12,S004_P0018,1760,
2022-12-19,S004_P0018,975,
2022-12-26,S004_P0018,869,
2023-01-02,S004_P0018,1114,846.0
2023-01-09,S004_P0018,1122,997.0
2023-01-16,S004_P0018,688,1053.0
2023-01-23,S004_P0018,1021,1317.0
2023-01-30,S004_P0018,1366,793.0
2023-02-06,S004_P0018,1098,918.0
2023-02-13,S004_P0018,592,878.0
2023-02-20,S004_P0018,665,1317.0
2023-02-27,S004_P0018,872,829.0
2023-03-06,S004_P0018,639,797.0
2023-03-13,S004_P0018,661,736.0
2023-03-20,S004_P0018,901,1134.0
2023-03-27,S004_P0018,553,641.0
2023-04-03,S004_P0018,835,912.0
2023-04-10,S004_P0018,963,1157.0
2023-04-17,S004_P0018,632,938.0
2023-04-24,S004_P0018,1801,1070.0
2023-05-01,S004_P0018,863,1076.0
2023-05-08,S004_P0018,1214,848.0
2023-05-15,S004_P0018,541,930.0
2023-05-22,S004_P0018,748,987.0
2023-05-29,S004_P0018,999,865.0
2023-06-05,S004_P0018,774,455.0
2023-06-12,S004_P0018,721,971.0
2023-06-19,S004_P0018,925,753.0
2023-06-26,S004_P0018,1149,916.0
2023-07-03,S004_P0018,995,857.0
2023-07-10,S004_P0018,553,1147.0
2023-07-17,S004_P0018,548,1449.0
2023-07-24,S004_P0018,1044,522.0
2023-07-31,S004_P0018,1124,990.0
2023-08-07,S004_P0018,807,713.0
2023-08-14,S004_P0018,1377,582.0
2023-08-21,S004_P0018,939,658.0
2023-08-28,S004_P0018,858,1600.0
2023-09-04,S004_P0018,737,794.0
2023-09-11,S004_P0018,717,600.0
2023-09-18,S004_P0018,1066,680.0
2023-09-25,S004_P0018,1376,822.0
2023-10-02,S004_P0018,1233,473.0
2023-10-09,S004_P0018,927,503.0
2023-10-16,S004_P0018,672,1034.0
2023-10-23,S004_P0018,1162,1065.0
2023-10-30,S004_P0018,920,412.0
2023-11-06,S004_P0018,915,1029.0
2023-11-13,S004_P0018,1240,634.0
2023-11-20,S004_P0018,1231,674.0
2023-11-27,S004_P0018,436,622.0
2023-12-04,S004_P0018,1115,1053.0
2023-12-11,S004_P0018,620,1760.0
2023-12-18,S004_P0018,662,975.0
2023-12-25,S004_P0018,605,869.0
2022-01-03,S004_P0019,800,
2022-01-10,S004_P0019,537,
2022-01-17,S004_P0019,633,
2022-01-24,S004_P0019,1158,
2022-01-31,S004_P0019,487,
2022-02-07,S004_P0019,897,
2022-02-14,S004_P0019,835,
2022-02-21,S004_P0019,1760,
2022-02-28,S004_P0019,1328,
2022-03-07,S004_P0019,963,
2022-03-14,S004_P0019,732,
2022-03-21,S004_P0019,584,
2022-03-28,S004_P0019,1044,
2022-04-04,S004_P0019,1178,
2022-04-11,S004_P0019,1208,
2022-04-18,S004_P0019,1277,
2022-04-25,S004_P0019,1180,
2022-05-02,S004_P0019,629,
2022-05-09,S004_P0019,989,
2022-05-16,S004_P0019,810,
2022-05-23,S004_P0019,1604,
2022-05-30,S004_P0019,1249,
2022-06-06,S004_P0019,818,
2022-06-13,S004_P0019,1054,
2022-06-20,S004_P0019,1096,
2022-06-27,S004_P0019,521,
2022-07-04,S004_P0019,755,
2022-07-11,S004_P0019,1160,
2022-07-18,S004_P0019,475,
2022-07-25,S004_P0019,1304,
2022-08-01,S004_P0019,1230,
2022-08-08,S004_P0019,732,
2022-08-15,S004_P0019,991,
2022-08-22,S004_P0019,516,
2022-08-29,S004_P0019,941,
2022-09-05,S004_P0019,1207,
2022-09-12,S004_P0019,1230,
2022-09-19,S004_P0019,1249,
2022-09-26,S004_P0019,518,
2022-10-03,S004_P0019,892,
2022-10-10,S004_P0019,756,
2022-10-17,S004_P0019,914,
2022-10-24,S004_P0019,1151,
2022-10-31,S004_P0019,979,
2022-11-07,S004_P0019,1080,
2022-11-14,S004_P0019,993,
2022-11-21,S004_P0019,656,
2022-11-28,S004_P0019,604,
2022-12-05,S004_P0019,939,
2022-12-12,S004_P0019,691,
2022-12-19,S004_P0019,1022,
2022-12-26,S004_P0019,614,
2023-01-02,S004_P0019,1055,800.0
2023-01-09,S004_P0019,654,537.0
2023-01-16,S004_P0019,984,633.0
2023-01-23,S004_P0019,1222,1158.0
2023-01-30,S004_P0019,1078,487.0
2023-02-06,S004_P0019,736,897.0
2023-02-13,S004_P0019,690,835.0
2023-02-20,S004_P0019,1414,1760.0
2023-02-27,S004_P0019,535,1328.0
2023-03-06,S004_P0019,514,963.0
2023-03-13,S004_P0019,1066,732.0
2023-03-20,S004_P0019,468,584.0
2023-03-27,S004_P0019,1191,1044.0
2023-04-03,S004_P0019,1157,1178.0
2023-04-10,S004_P0019,1099,1208.0
2023-04-17,S004_P0019,954,1277.0
2023-04-24,S004_P0019,1106,1180.0
2023-05-01,S004_P0019,1405,629.0
2023-05-08,S004_P0019,901,989.0
2023-05-15,S004_P0019,1551,810.0
2023-05-22,S004_P0019,639,1604.0
2023-05-29,S004_P0019,1321,1249.0
2023-06-05,S004_P0019,736,818.0
2023-06-12,S004_P0019,970,1054.0
2023-06-19,S004_P0019,639,1096.0
2023-06-26,S004_P0019,1076,521.0
2023-07-03,S004_P0019,1182,755.0
2023-07-10,S004_P0019,390,1160.0
2023-07-17,S004_P0019,1114,475.0
2023-07-24,S004_P0019,521,1304.0
2023-07-31,S004_P0019,1578,1230.0
2023-08-07,S004_P0019,947,732.0
2023-08-14,S004_P0019,1536,991.0
2023-08-21,S004_P0019,794,516.0
2023-08-28,S004_P0019,1131,941.0
2023-09-04,S004_P0019,791,1207.0
2023-09-11,S004_P0019,713,1230.0
2023-09-18,S004_P0019,849,1249.0
2023-09-25,S004_P0019,1460,518.0
2023-10-02,S004_P0019,1331,892.0
2023-10-09,S004_P0019,1425,756.0
2023-10-16,S004_P0019,955,914.0
2023-10-23,S004_P0019,575,1151.0
2023-10-30,S004_P0019,1214,979.0
2023-11-06,S004_P0019,1177,1080.0
2023-11-13,S004_P0019,992,993.0
2023-11-20,S004_P0019,1029,656.0
2023-11-27,S004_P0019,686,604.0
2023-12-04,S004_P0019,1071,939.0
2023-12-11,S004_P0019,629,691.0
2023-12-18,S004_P0019,388,1022.0
2023-12-25,S004_P0019,906,614.0
2022-01-03,S004_P0020,958,
2022-01-10,S004_P0020,1406,
2022-01-17,S004_P0020,688,
2022-01-24,S004_P0020,1078,
2022-01-31,S004_P0020,639,
2022-02-07,S004_P0020,977,
2022-02-14,S004_P0020,1147,
2022-02-21,S004_P0020,932,
2022-02-28,S004_P0020,1550,
2022-03-07,S004_P0020,1617,
2022-03-14,S004_P0020,404,
2022-03-21,S004_P0020,800,
2022-03-28,S004_P0020,501,
2022-04-04,S004_P0020,698,
2022-04-11,S004_P0020,720,
2022-04-18,S004_P0020,445,
2022-04-25,S004_P0020,1030,
2022-05-02,S004_P0020,957,
2022-05-09,S004_P0020,1031,
2022-05-16,S004_P0020,850,
2022-05-23,S004_P0020,395,
2022-05-30,S004_P0020,1314,
2022-06-06,S004_P0020,437,
2022-06-13,S004_P0020,921,
2022-06-20,S004_P0020,1357,
2022-06-27,S004_P0020,942,
2022-07-04,S004_P0020,1280,
2022-07-11,S004_P0020,967,
2022-07-18,S004_P0020,1258,
2022-07-25,S004_P0020,1332,
2022-08-01,S004_P0020,687,
2022-08-08,S004_P0020,740,
2022-08-15,S004_P0020,1242,
2022-08-22,S004_P0020,677,
2022-08-29,S004_P0020,1077,
2022-09-05,S004_P0020,1234,
2022-09-12,S004_P0020,716,
2022-09-19,S004_P0020,748,
2022-09-26,S004_P0020,1184,
2022-10-03,S004_P0020,1198,
2022-10-10,S004_P0020,1518,
2022-10-17,S004_P0020,914,
2022-10-24,S004_P0020,943,
2022-10-31,S004_P0020,1000,
2022-11-07,S004_P0020,936,
2022-11-14,S004_P0020,671,
2022-11-21,S004_P0020,1065,
2022-11-28,S004_P0020,684,
2022-12-05,S004_P0020,1023,
2022-12-12,S004_P0020,934,
2022-12-19,S004_P0020,703,
2022-12-26,S004_P0020,883,
2023-01-02,S004_P0020,1046,958.0
2023-01-09,S004_P0020,757,1406.0
2023-01-16,S004_P0020,740,688.0
2023-01-23,S004_P0020,792,1078.0
2023-01-30,S004_P0020,1093,639.0
2023-02-06,S004_P0020,1083,977.0
2023-02-13,S004_P0020,960,1147.0
2023-02-20,S004_P0020,510,932.0
2023-02-27,S004_P0020,798,1550.0
2023-03-06,S004_P0020,1041,1617.0
2023-03-13,S004_P0020,857,404.0
2023-03-20,S004_P0020,655,800.0
2023-03-27,S004_P0020,1263,501.0
2023-04-03,S004_P0020,712,698.0
2023-04-10,S004_P0020,999,720.0
2023-04-17,S004_P0020,1013,445.0
2023-04-24,S004_P0020,928,1030.0
2023-05-01,S004_P0020,952,957.0
2023-05-08,S004_P0020,545,1031.0
2023-05-15,S004_P0020,1213,850.0
2023-05-22,S004_P0020,689,395.0
2023-05-29,S004_P0020,984,1314.0
2023-06-05,S004_P0020,724,437.0
2023-06-12,S004_P0020,977,921.0
2023-06-19,S004_P0020,1102,1357.0
2023-06-26,S004_P0020,578,942.0
2023-07-03,S004_P0020,1186,1280.0
2023-07-10,S004_P0020,617,967.0
2023-07-17,S004_P0020,919,1258.0
2023-07-24,S004_P0020,819,1332.0
2023-07-31,S004_P0020,962,687.0
2023-08-07,S004_P0020,809,740.0
2023-08-14,S004_P0020,837,1242.0
2023-08-21,S004_P0020,873,677.0
2023-08-28,S004_P0020,800,1077.0
2023-09-04,S004_P0020,1145,1234.0
2023-09-11,S004_P0020,1052,716.0
2023-09-18,S004_P0020,1267,748.0
2023-09-25,S004_P0020,983,1184.0
2023-10-02,S004_P0020,819,1198.0
2023-10-09,S004_P0020,768,1518.0
2023-10-16,S004_P0020,1224,914.0
2023-10-23,S004_P0020,1348,943.0
2023-10-30,S004_P0020,788,1000.0
2023-11-06,S004_P0020,1732,936.0
2023-11-13,S004_P0020,1328,671.0
2023-11-20,S004_P0020,1150,1065.0
2023-11-27,S004_P0020,672,684.0
2023-12-04,S004_P0020,705,1023.0
2023-12-11,S004_P0020,1725,934.0
2023-12-18,S004_P0020,1099,703.0
2023-12-25,S004_P0020,858,883.0
2022-01-03,S005_P0001,1025,
2022-01-10,S005_P0001,621,
2022-01-17,S005_P0001,850,
2022-01-24,S005_P0001,625,
2022-01-31,S005_P0001,1195,
2022-02-07,S005_P0001,511,
2022-02-14,S005_P0001,604,
2022-02-21,S005_P0001,828,
2022-02-28,S005_P0001,1460,
2022-03-07,S005_P0001,1092,
2022-03-14,S005_P0001,680,
2022-03-21,S005_P0001,839,
2022-03-28,S005_P0001,768,
2022-04-04,S005_P0001,861,
2022-04-11,S005_P0001,837,
2022-04-18,S005_P0001,373,
2022-04-25,S005_P0001,791,
2022-05-02,S005_P0001,1273,
2022-05-09,S005_P0001,748,
2022-05-16,S005_P0001,1391,
2022-05-23,S005_P0001,911,
2022-05-30,S005_P0001,303,
2022-06-06,S005_P0001,899,
2022-06-13,S005_P0001,1585,
2022-06-20,S005_P0001,765,
2022-06-27,S005_P0001,1076,
2022-07-04,S005_P0001,700,
2022-07-11,S005_P0001,1139,
2022-07-18,S005_P0001,875,
2022-07-25,S005_P0001,1400,
2022-08-01,S005_P0001,851,
2022-08-08,S005_P0001,590,
2022-08-15,S005_P0001,1099,
2022-08-22,S005_P0001,869,
2022-08-29,S005_P0001,860,
2022-09-05,S005_P0001,1237,
2022-09-12,S005_P0001,788,
2022-09-19,S005_P0001,964,
2022-09-26,S005_P0001,1376,
2022-10-03,S005_P0001,576,
2022-10-10,S005_P0001,1215,
2022-10-17,S005_P0001,560,
2022-10-24,S005_P0001,735,
2022-10-31,S005_P0001,980,
2022-11-07,S005_P0001,721,
2022-11-14,S005_P0001,1116,
2022-11-21,S005_P0001,821,
2022-11-28,S005_P0001,1236,
2022-12-05,S005_P0001,1164,
2022-12-12,S005_P0001,1254,
2022-12-19,S005_P0001,775,
2022-12-26,S005_P0001,577,
2023-01-02,S005_P0001,724,1025.0
2023-01-09,S005_P0001,551,621.0
2023-01-16,S005_P0001,644,850.0
2023-01-23,S005_P0001,1080,625.0
2023-01-30,S005_P0001,858,1195.0
2023-02-06,S005_P0001,1408,511.0
2023-02-13,S005_P0001,1215,604.0
2023-02-20,S005_P0001,1305,828.0
2023-02-27,S005_P0001,1029,1460.0
2023-03-06,S005_P0001,547,1092.0
2023-03-13,S005_P0001,487,680.0
2023-03-20,S005_P0001,705,839.0
2023-03-27,S005_P0001,1002,768.0
2023-04-03,S005_P0001,836,861.0
2023-04-10,S005_P0001,808,837.0
2023-04-17,S005_P0001,798,373.0
2023-04-24,S005_P0001,1181,791.0
2023-05-01,S005_P0001,944,1273.0
2023-05-08,S005_P0001,522,748.0
2023-05-15,S005_P0001,956,1391.0
2023-05-22,S005_P0001,936,911.0
2023-05-29,S005_P0001,712,303.0
2023-06-05,S005_P0001,672,899.0
2023-06-12,S005_P0001,961,1585.0
2023-06-19,S005_P0001,675,765.0
2023-06-26,S005_P0001,853,1076.0
2023-07-03,S005_P0001,666,700.0
2023-07-10,S005_P0001,560,1139.0
2023-07-17,S005_P0001,1247,875.0
2023-07-24,S005_P0001,1619,1400.0
2023-07-31,S005_P0001,1113,851.0
2023-08-07,S005_P0001,711,590.0
2023-08-14,S005_P0001,1103,1099.0
2023-08-21,S005_P0001,914,869.0
2023-08-28,S005_P0001,544,860.0
2023-09-04,S005_P0001,944,1237.0
2023-09-11,S005_P0001,2268,788.0
2023-09-18,S005_P0001,1436,964.0
2023-09-25,S005_P0001,681,1376.0
2023-10-02,S005_P0001,568,576.0
2023-10-09,S005_P0001,1087,1215.0
2023-10-16,S005_P0001,1733,560.0
2023-10-23,S005_P0001,856,735.0
2023-10-30,S005_P0001,1109,980.0
2023-11-06,S005_P0001,951,721.0
2023-11-13,S005_P0001,1074,1116.0
2023-11-20,S005_P0001,703,821.0
2023-11-27,S005_P0001,793,1236.0
2023-12-04,S005_P0001,563,1164.0
2023-12-11,S005_P0001,809,1254.0
2023-12-18,S005_P0001,863,775.0
2023-12-25,S005_P0001,743,577.0
2022-01-03,S005_P0002,810,
2022-01-10,S005_P0002,1515,
2022-01-17,S005_P0002,1621,
2022-01-24,S005_P0002,595,
2022-01-31,S005_P0002,559,
2022-02-07,S005_P0002,1162,
2022-02-14,S005_P0002,1090,
2022-02-21,S005_P0002,1374,
2022-02-28,S005_P0002,565,
2022-03-07,S005_P0002,773,
2022-03-14,S005_P0002,1196,
2022-03-21,S005_P0002,968,
2022-03-28,S005_P0002,495,
2022-04-04,S005_P0002,1004,
2022-04-11,S005_P0002,415,
2022-04-18,S005_P0002,1087,
2022-04-25,S005_P0002,818,
2022-05-02,S005_P0002,964,
2022-05-09,S005_P0002,1167,
2022-05-16,S005_P0002,1173,
2022-05-23,S005_P0002,644,
2022-05-30,S005_P0002,714,
2022-06-06,S005_P0002,758,
2022-06-13,S005_P0002,653,
2022-06-20,S005_P0002,604,
2022-06-27,S005_P0002,1382,
2022-07-04,S005_P0002,705,
2022-07-11,S005_P0002,863,
2022-07-18,S005_P0002,984,
2022-07-25,S005_P0002,920,
2022-08-01,S005_P0002,398,
2022-08-08,S005_P0002,1147,
2022-08-15,S005_P0002,799,
2022-08-22,S005_P0002,992,
2022-08-29,S005_P0002,434,
2022-09-05,S005_P0002,810,
2022-09-12,S005_P0002,1118,
2022-09-19,S005_P0002,304,
2022-09-26,S005_P0002,967,
2022-10-03,S005_P0002,781,
2022-10-10,S005_P0002,685,
2022-10-17,S005_P0002,655,
2022-10-24,S005_P0002,938,
2022-10-31,S005_P0002,1347,
2022-11-07,S005_P0002,812,
2022-11-14,S005_P0002,962,
2022-11-21,S005_P0002,559,
2022-11-28,S005_P0002,557,
2022-12-05,S005_P0002,1176,
2022-12-12,S005_P0002,1003,
2022-12-19,S005_P0002,1128,
2022-12-26,S005_P0002,1242,
2023-01-02,S005_P0002,932,810.0
2023-01-09,S005_P0002,739,1515.0
2023-01-16,S005_P0002,1042,1621.0
2023-01-23,S005_P0002,657,595.0
2023-01-30,S005_P0002,1039,559.0
2023-02-06,S005_P0002,1279,1162.0
2023-02-13,S005_P0002,1490,1090.0
2023-02-20,S005_P0002,603,1374.0
2023-02-27,S005_P0002,1198,565.0
2023-03-06,S005_P0002,1151,773.0
2023-03-13,S005_P0002,618,1196.0
2023-03-20,S005_P0002,852,968.0
2023-03-27,S005_P0002,1096,495.0
2023-04-03,S005_P0002,1149,1004.0
2023-04-10,S005_P0002,1332,415.0
2023-04-17,S005_P0002,638,1087.0
2023-04-24,S005_P0002,649,818.0
2023-05-01,S005_P0002,966,964.0
2023-05-08,S005_P0002,960,1167.0
2023-05-15,S005_P0002,729,1173.0
2023-05-22,S005_P0002,1013,644.0
2023-05-29,S005_P0002,732,714.0
2023-06-05,S005_P0002,454,758.0
2023-06-12,S005_P0002,1998,653.0
2023-06-19,S005_P0002,940,604.0
2023-06-26,S005_P0002,1258,1382.0
2023-07-03,S005_P0002,1342,705.0
2023-07-10,S005_P0002,1289,863.0
2023-07-17,S005_P0002,1172,984.0
2023-07-24,S005_P0002,1242,920.0
2023-07-31,S005_P0002,1007,398.0
2023-08-07,S005_P0002,1234,1147.0
2023-08-14,S005_P0002,1172,799.0
2023-08-21,S005_P0002,991,992.0
2023-08-28,S005_P0002,710,434.0
2023-09-04,S005_P0002,622,810.0
2023-09-11,S005_P0002,966,1118.0
2023-09-18,S005_P0002,1348,304.0
2023-09-25,S005_P0002,253,967.0
2023-10-02,S005_P0002,731,781.0
2023-10-09,S005_P0002,1079,685.0
2023-10-16,S005_P0002,773,655.0
2023-10-23,S005_P0002,730,938.0
2023-10-30,S005_P0002,986,1347.0
2023-11-06,S005_P0002,843,812.0
2023-11-13,S005_P0002,618,962.0
2023-11-20,S005_P0002,638,559.0
2023-11-27,S005_P0002,1010,557.0
2023-12-04,S005_P0002,870,1176.0
2023-12-11,S005_P0002,1455,1003.0
2023-12-18,S005_P0002,1396,1128.0
2023-12-25,S005_P0002,1394,1242.0
2022-01-03,S005_P0003,957,
2022-01-10,S005_P0003,1076,
2022-01-17,S005_P0003,956,
2022-01-24,S005_P0003,1518,
2022-01-31,S005_P0003,1241,
2022-02-07,S005_P0003,1258,
2022-02-14,S005_P0003,1243,
2022-02-21,S005_P0003,1093,
2022-02-28,S005_P0003,614,
2022-03-07,S005_P0003,732,
2022-03-14,S005_P0003,733,
2022-03-21,S005_P0003,984,
2022-03-28,S005_P0003,1162,
2022-04-04,S005_P0003,955,
2022-04-11,S005_P0003,1312,
2022-04-18,S005_P0003,1032,
2022-04-25,S005_P0003,981,
2022-05-02,S005_P0003,1088,
2022-05-09,S005_P0003,741,
2022-05-16,S005_P0003,865,
2022-05-23,S005_P0003,985,
2022-05-30,S005_P0003,1070,
2022-06-06,S005_P0003,608,
2022-06-13,S005_P0003,857,
2022-06-20,S005_P0003,1263,
2022-06-27,S005_P0003,1035,
2022-07-04,S005_P0003,871,
2022-07-11,S005_P0003,1409,
2022-07-18,S005_P0003,1469,
2022-07-25,S005_P0003,822,
2022-08-01,S005_P0003,1523,
2022-08-08,S005_P0003,954,
2022-08-15,S005_P0003,951,
2022-08-22,S005_P0003,1067,
2022-08-29,S005_P0003,1140,
2022-09-05,S005_P0003,1149,
2022-09-12,S005_P0003,949,
2022-09-19,S005_P0003,1029,
2022-09-26,S005_P0003,434,
2022-10-03,S005_P0003,1175,
2022-10-10,S005_P0003,454,
2022-10-17,S005_P0003,1170,
2022-10-24,S005_P0003,1093,
2022-10-31,S005_P0003,1032,
2022-11-07,S005_P0003,704,
2022-11-14,S005_P0003,1072,
2022-11-21,S005_P0003,1084,
2022-11-28,S005_P0003,871,
2022-12-05,S005_P0003,1107,
2022-12-12,S005_P0003,1447,
2022-12-19,S005_P0003,732,
2022-12-26,S005_P0003,697,
2023-01-02,S005_P0003,648,957.0
2023-01-09,S005_P0003,1239,1076.0
2023-01-16,S005_P0003,710,956.0
2023-01-23,S005_P0003,1461,1518.0
2023-01-30,S005_P0003,726,1241.0
2023-02-06,S005_P0003,1286,1258.0
2023-02-13,S005_P0003,855,1243.0
2023-02-20,S005_P0003,700,1093.0
2023-02-27,S005_P0003,750,614.0
2023-03-06,S005_P0003,1143,732.0
2023-03-13,S005_P0003,968,733.0
2023-03-20,S005_P0003,956,984.0
2023-03-27,S005_P0003,1122,1162.0
2023-04-03,S005_P0003,719,955.0
2023-04-10,S005_P0003,1009,1312.0
2023-04-17,S005_P0003,1129,1032.0
2023-04-24,S005_P0003,623,981.0
2023-05-01,S005_P0003,636,1088.0
2023-05-08,S005_P0003,963,741.0
2023-05-15,S005_P0003,991,865.0
2023-05-22,S005_P0003,789,985.0
2023-05-29,S005_P0003,745,1070.0
2023-06-05,S005_P0003,1175,608.0
2023-06-12,S005_P0003,579,857.0
2023-06-19,S005_P0003,936,1263.0
2023-06-26,S005_P0003,1988,1035.0
2023-07-03,S005_P0003,978,871.0
2023-07-10,S005_P0003,1616,1409.0
2023-07-17,S005_P0003,700,1469.0
2023-07-24,S005_P0003,1049,822.0
2023-07-31,S005_P0003,905,1523.0
2023-08-07,S005_P0003,1289,954.0
2023-08-14,S005_P0003,890,951.0
2023-08-21,S005_P0003,772,1067.0
2023-08-28,S005_P0003,581,1140.0
2023-09-04,S005_P0003,714,1149.0
2023-09-11,S005_P0003,861,949.0
2023-09-18,S005_P0003,1514,1029.0
2023-09-25,S005_P0003,1354,434.0
2023-10-02,S005_P0003,1710,1175.0
2023-10-09,S005_P0003,1533,454.0
2023-10-16,S005_P0003,679,1170.0
2023-10-23,S005_P0003,905,1093.0
2023-10-30,S005_P0003,989,1032.0
2023-11-06,S005_P0003,954,704.0
2023-11-13,S005_P0003,1049,1072.0
2023-11-20,S005_P0003,941,1084.0
2023-11-27,S005_P0003,1475,871.0
2023-12-04,S005_P0003,1108,1107.0
2023-12-11,S005_P0003,932,1447.0
2023-12-18,S005_P0003,732,732.0
2023-12-25,S005_P0003,1338,697.0
2022-01-03,S005_P0004,953,
2022-01-10,S005_P0004,626,
2022-01-17,S005_P0004,845,
2022-01-24,S005_P0004,937,
2022-01-31,S005_P0004,1311,
2022-02-07,S005_P0004,855,
2022-02-14,S005_P0004,1020,
2022-02-21,S005_P0004,1383,
2022-02-28,S005_P0004,995,
2022-03-07,S005_P0004,1254,
2022-03-14,S005_P0004,839,
2022-03-21,S005_P0004,1177,
2022-03-28,S005_P0004,1174,
2022-04-04,S005_P0004,1139,
2022-04-11,S005_P0004,939,
2022-04-18,S005_P0004,1003,
2022-04-25,S005_P0004,1482,
2022-05-02,S005_P0004,964,
2022-05-09,S005_P0004,1159,
2022-05-16,S005_P0004,880,
2022-05-23,S005_P0004,532,
2022-05-30,S005_P0004,782,
2022-06-06,S005_P0004,894,
2022-06-13,S005_P0004,968,
2022-06-20,S005_P0004,607,
2022-06-27,S005_P0004,798,
2022-07-04,S005_P0004,920,
2022-07-11,S005_P0004,1242,
2022-07-18,S005_P0004,712,
2022-07-25,S005_P0004,615,
2022-08-01,S005_P0004,1052,
2022-08-08,S005_P0004,874,
2022-08-15,S005_P0004,922,
2022-08-22,S005_P0004,1115,
2022-08-29,S005_P0004,1012,
2022-09-05,S005_P0004,737,
2022-09-12,S005_P0004,1023,
2022-09-19,S005_P0004,652,
2022-09-26,S005_P0004,998,
2022-10-03,S005_P0004,1093,
2022-10-10,S005_P0004,1103,
2022-10-17,S005_P0004,530,
2022-10-24,S005_P0004,511,
2022-10-31,S005_P0004,708,
2022-11-07,S005_P0004,558,
2022-11-14,S005_P0004,1127,
2022-11-21,S005_P0004,678,
2022-11-28,S005_P0004,840,
2022-12-05,S005_P0004,568,
2022-12-12,S005_P0004,603,
2022-12-19,S005_P0004,931,
2022-12-26,S005_P0004,948,
2023-01-02,S005_P0004,855,953.0
2023-01-09,S005_P0004,1094,626.0
2023-01-16,S005_P0004,1040,845.0
2023-01-23,S005_P0004,1013,937.0
2023-01-30,S005_P0004,1108,1311.0
2023-02-06,S005_P0004,730,855.0
2023-02-13,S005_P0004,1399,1020.0
2023-02-20,S005_P0004,595,1383.0
2023-02-27,S005_P0004,874,995.0
2023-03-06,S005_P0004,894,1254.0
2023-03-13,S005_P0004,970,839.0
2023-03-20,S005_P0004,561,1177.0
2023-03-27,S005_P0004,1088,1174.0
2023-04-03,S005_P0004,635,1139.0
2023-04-10,S005_P0004,903,939.0
2023-04-17,S005_P0004,649,1003.0
2023-04-24,S005_P0004,1861,1482.0
2023-05-01,S005_P0004,869,964.0
2023-05-08,S005_P0004,543,1159.0
2023-05-15,S005_P0004,1460,880.0
2023-05-22,S005_P0004,956,532.0
2023-05-29,S005_P0004,557,782.0
2023-06-05,S005_P0004,980,894.0
2023-06-12,S005_P0004,1088,968.0
2023-06-19,S005_P0004,1297,607.0
2023-06-26,S005_P0004,687,798.0
2023-07-03,S005_P0004,1287,920.0
2023-07-10,S005_P0004,812,1242.0
2023-07-17,S005_P0004,1314,712.0
2023-07-24,S005_P0004,1364,615.0
2023-07-31,S005_P0004,1200,1052.0
2023-08-07,S005_P0004,292,874.0
2023-08-14,S005_P0004,718,922.0
2023-08-21,S005_P0004,786,1115.0
2023-08-28,S005_P0004,845,1012.0
2023-09-04,S005_P0004,957,737.0
2023-09-11,S005_P0004,1418,1023.0
2023-09-18,S005_P0004,905,652.0
2023-09-25,S005_P0004,972,998.0
2023-10-02,S005_P0004,554,1093.0
2023-10-09,S005_P0004,762,1103.0
2023-10-16,S005_P0004,1371,530.0
2023-10-23,S005_P0004,1269,511.0
2023-10-30,S005_P0004,1040,708.0
2023-11-06,S005_P0004,706,558.0
2023-11-13,S005_P0004,1491,1127.0
2023-11-20,S005_P0004,1375,678.0
2023-11-27,S005_P0004,563,840.0
2023-12-04,S005_P0004,1122,568.0
2023-12-11,S005_P0004,1149,603.0
2023-12-18,S005_P0004,983,931.0
2023-12-25,S005_P0004,846,948.0
2022-01-03,S005_P0005,680,
2022-01-10,S005_P0005,1049,
2022-01-17,S005_P0005,898,
2022-01-24,S005_P0005,1308,
2022-01-31,S005_P0005,1167,
2022-02-07,S005_P0005,570,
2022-02-14,S005_P0005,834,
2022-02-21,S005_P0005,725,
2022-02-28,S005_P0005,897,
2022-03-07,S005_P0005,932,
2022-03-14,S005_P0005,818,
2022-03-21,S005_P0005,637,
2022-03-28,S005_P0005,667,
2022-04-04,S005_P0005,1308,
2022-04-11,S005_P0005,878,
2022-04-18,S005_P0005,686,
2022-04-25,S005_P0005,1044,
2022-05-02,S005_P0005,697,
2022-05-09,S005_P0005,539,
2022-05-16,S005_P0005,689,
2022-05-23,S005_P0005,910,
2022-05-30,S005_P0005,1232,
2022-06-06,S005_P0005,1863,
2022-06-13,S005_P0005,924,
2022-06-20,S005_P0005,1244,
2022-06-27,S005_P0005,1029,
2022-07-04,S005_P0005,1193,
2022-07-11,S005_P0005,748,
2022-07-18,S005_P0005,777,
2022-07-25,S005_P0005,1380,
2022-08-01,S005_P0005,1180,
2022-08-08,S005_P0005,1459,
2022-08-15,S005_P0005,638,
2022-08-22,S005_P0005,595,
2022-08-29,S005_P0005,473,
2022-09-05,S005_P0005,1281,
2022-09-12,S005_P0005,1165,
2022-09-19,S005_P0005,869,
2022-09-26,S005_P0005,1634,
2022-10-03,S005_P0005,645,
2022-10-10,S005_P0005,914,
2022-10-17,S005_P0005,1366,
2022-10-24,S005_P0005,871,
2022-10-31,S005_P0005,1303,
2022-11-07,S005_P0005,1009,
2022-11-14,S005_P0005,1533,
2022-11-21,S005_P0005,1313,
2022-11-28,S005_P0005,981,
2022-12-05,S005_P0005,846,
2022-12-12,S005_P0005,997,
2022-12-19,S005_P0005,1346,
2022-12-26,S005_P0005,1609,
2023-01-02,S005_P0005,1242,680.0
2023-01-09,S005_P0005,950,1049.0
2023-01-16,S005_P0005,828,898.0
2023-01-23,S005_P0005,733,1308.0
2023-01-30,S005_P0005,773,1167.0
2023-02-06,S005_P0005,832,570.0
2023-02-13,S005_P0005,1188,834.0
2023-02-20,S005_P0005,692,725.0
2023-02-27,S005_P0005,883,897.0
2023-03-06,S005_P0005,649,932.0
2023-03-13,S005_P0005,1406,818.0
2023-03-20,S005_P0005,1071,637.0
2023-03-27,S005_P0005,1183,667.0
2023-04-03,S005_P0005,1173,1308.0
2023-04-10,S005_P0005,586,878.0
2023-04-17,S005_P0005,1213,686.0
2023-04-24,S005_P0005,1141,1044.0
2023-05-01,S005_P0005,1238,697.0
2023-05-08,S005_P0005,994,539.0
2023-05-15,S005_P0005,417,689.0
2023-05-22,S005_P0005,1600,910.0
2023-05-29,S005_P0005,900,1232.0
2023-06-05,S005_P0005,1191,1863.0
2023-06-12,S005_P0005,1173,924.0
2023-06-19,S005_P0005,1030,1244.0
2023-06-26,S005_P0005,741,1029.0
2023-07-03,S005_P0005,779,1193.0
2023-07-10,S005_P0005,973,748.0
2023-07-17,S005_P0005,957,777.0
2023-07-24,S005_P0005,1206,1380.0
2023-07-31,S005_P0005,1292,1180.0
2023-08-07,S005_P0005,1322,1459.0
2023-08-14,S005_P0005,488,638.0
2023-08-21,S005_P0005,793,595.0
2023-08-28,S005_P0005,667,473.0
2023-09-04,S005_P0005,893,1281.0
2023-09-11,S005_P0005,1001,1165.0
2023-09-18,S005_P0005,690,869.0
2023-09-25,S005_P0005,869,1634.0
2023-10-02,S005_P0005,854,645.0
2023-10-09,S005_P0005,547,914.0
2023-10-16,S005_P0005,1433,1366.0
2023-10-23,S005_P0005,964,871.0
2023-10-30,S005_P0005,1035,1303.0
2023-11-06,S005_P0005,1146,1009.0
2023-11-13,S005_P0005,804,1533.0
2023-11-20,S005_P0005,1376,1313.0
2023-11-27,S005_P0005,959,981.0
2023-12-04,S005_P0005,686,846.0
2023-12-11,S005_P0005,998,997.0
2023-12-18,S005_P0005,855,1346.0
2023-12-25,S005_P0005,1599,1609.0
2022-01-03,S005_P0006,914,
2022-01-10,S005_P0006,626,
2022-01-17,S005_P0006,1117,
2022-01-24,S005_P0006,722,
2022-01-31,S005_P0006,999,
2022-02-07,S005_P0006,1119,
2022-02-14,S005_P0006,775,
2022-02-21,S005_P0006,698,
2022-02-28,S005_P0006,746,
2022-03-07,S005_P0006,725,
2022-03-14,S005_P0006,852,
2022-03-21,S005_P0006,1402,
2022-03-28,S005_P0006,1187,
2022-04-04,S005_P0006,1253,
2022-04-11,S005_P0006,406,
2022-04-18,S005_P0006,638,
2022-04-25,S005_P0006,1000,
2022-05-02,S005_P0006,1041,
2022-05-09,S005_P0006,1150,
2022-05-16,S005_P0006,807,
2022-05-23,S005_P0006,772,
2022-05-30,S005_P0006,1056,
2022-06-06,S005_P0006,1321,
2022-06-13,S005_P0006,615,
2022-06-20,S005_P0006,927,
2022-06-27,S005_P0006,760,
2022-07-04,S005_P0006,256,
2022-07-11,S005_P0006,1249,
2022-07-18,S005_P0006,714,
2022-07-25,S005_P0006,760,
2022-08-01,S005_P0006,1300,
2022-08-08,S005_P0006,622,
2022-08-15,S005_P0006,856,
2022-08-22,S005_P0006,1218,
2022-08-29,S005_P0006,1019,
2022-09-05,S005_P0006,1501,
2022-09-12,S005_P0006,1244,
2022-09-19,S005_P0006,598,
2022-09-26,S005_P0006,994,
2022-10-03,S005_P0006,1466,
2022-10-10,S005_P0006,1023,
2022-10-17,S005_P0006,648,
2022-10-24,S005_P0006,1509,
2022-10-31,S005_P0006,1166,
2022-11-07,S005_P0006,1383,
2022-11-14,S005_P0006,1233,
2022-11-21,S005_P0006,645,
2022-11-28,S005_P0006,827,
2022-12-05,S005_P0006,819,
2022-12-12,S005_P0006,451,
2022-12-19,S005_P0006,585,
2022-12-26,S005_P0006,932,
2023-01-02,S005_P0006,809,914.0
2023-01-09,S005_P0006,453,626.0
2023-01-16,S005_P0006,1035,1117.0
2023-01-23,S005_P0006,942,722.0
2023-01-30,S005_P0006,745,999.0
2023-02-06,S005_P0006,812,1119.0
2023-02-13,S005_P0006,579,775.0
2023-02-20,S005_P0006,621,698.0
2023-02-27,S005_P0006,1271,746.0
2023-03-06,S005_P0006,856,725.0
2023-03-13,S005_P0006,1151,852.0
2023-03-20,S005_P0006,1207,1402.0
2023-03-27,S005_P0006,909,1187.0
2023-04-03,S005_P0006,1095,1253.0
2023-04-10,S005_P0006,719,406.0
2023-04-17,S005_P0006,683,638.0
2023-04-24,S005_P0006,477,1000.0
2023-05-01,S005_P0006,554,1041.0
2023-05-08,S005_P0006,876,1150.0
2023-05-15,S005_P0006,934,807.0
2023-05-22,S005_P0006,844,772.0
2023-05-29,S005_P0006,569,1056.0
2023-06-05,S005_P0006,867,1321.0
2023-06-12,S005_P0006,1475,615.0
2023-06-19,S005_P0006,896,927.0
2023-06-26,S005_P0006,1440,760.0
2023-07-03,S005_P0006,1054,256.0
2023-07-10,S005_P0006,1274,1249.0
2023-07-17,S005_P0006,947,714.0
2023-07-24,S005_P0006,873,760.0
2023-07-31,S005_P0006,1473,1300.0
2023-08-07,S005_P0006,786,622.0
2023-08-14,S005_P0006,577,856.0
2023-08-21,S005_P0006,1038,1218.0
2023-08-28,S005_P0006,880,1019.0
2023-09-04,S005_P0006,650,1501.0
2023-09-11,S005_P0006,1477,1244.0
2023-09-18,S005_P0006,851,598.0
2023-09-25,S005_P0006,1662,994.0
2023-10-02,S005_P0006,1065,1466.0
2023-10-09,S005_P0006,1094,1023.0
2023-10-16,S005_P0006,798,648.0
2023-10-23,S005_P0006,1276,1509.0
2023-10-30,S005_P0006,766,1166.0
2023-11-06,S005_P0006,1452,1383.0
2023-11-13,S005_P0006,587,1233.0
2023-11-20,S005_P0006,857,645.0
2023-11-27,S005_P0006,726,827.0
2023-12-04,S005_P0006,1346,819.0
2023-12-11,S005_P0006,859,451.0
2023-12-18,S005_P0006,1328,585.0
2023-12-25,S005_P0006,1307,932.0
2022-01-03,S005_P0007,1116,
2022-01-10,S005_P0007,1445,
2022-01-17,S005_P0007,287,
2022-01-24,S005_P0007,1026,
2022-01-31,S005_P0007,855,
2022-02-07,S005_P0007,545,
2022-02-14,S005_P0007,644,
2022-02-21,S005_P0007,925,
2022-02-28,S005_P0007,1138,
2022-03-07,S005_P0007,1310,
2022-03-14,S005_P0007,531,
2022-03-21,S005_P0007,923,
2022-03-28,S005_P0007,591,
2022-04-04,S005_P0007,1417,
2022-04-11,S005_P0007,653,
2022-04-18,S005_P0007,1658,
2022-04-25,S005_P0007,1325,
2022-05-02,S005_P0007,826,
2022-05-09,S005_P0007,748,
2022-05-16,S005_P0007,1006,
2022-05-23,S005_P0007,1554,
2022-05-30,S005_P0007,836,
2022-06-06,S005_P0007,792,
2022-06-13,S005_P0007,1245,
2022-06-20,S005_P0007,1290,
2022-06-27,S005_P0007,513,
2022-07-04,S005_P0007,1412,
2022-07-11,S005_P0007,1081,
2022-07-18,S005_P0007,872,
2022-07-25,S005_P0007,982,
2022-08-01,S005_P0007,1129,
2022-08-08,S005_P0007,985,
2022-08-15,S005_P0007,841,
2022-08-22,S005_P0007,1009,
2022-08-29,S005_P0007,722,
2022-09-05,S005_P0007,766,
2022-09-12,S005_P0007,667,
2022-09-19,S005_P0007,1179,
2022-09-26,S005_P0007,815,
2022-10-03,S005_P0007,1424,
2022-10-10,S005_P0007,836,
2022-10-17,S005_P0007,1745,
2022-10-24,S005_P0007,969,
2022-10-31,S005_P0007,1293,
2022-11-07,S005_P0007,794,
2022-11-14,S005_P0007,1727,
2022-11-21,S005_P0007,740,
2022-11-28,S005_P0007,1099,
2022-12-05,S005_P0007,1050,
2022-12-12,S005_P0007,400,
2022-12-19,S005_P0007,1038,
2022-12-26,S005_P0007,943,
2023-01-02,S005_P0007,847,1116.0
2023-01-09,S005_P0007,1204,1445.0
2023-01-16,S005_P0007,604,287.0
2023-01-23,S005_P0007,1194,1026.0
2023-01-30,S005_P0007,1408,855.0
2023-02-06,S005_P0007,938,545.0
2023-02-13,S005_P0007,1040,644.0
2023-02-20,S005_P0007,1245,925.0
2023-02-27,S005_P0007,808,1138.0
2023-03-06,S005_P0007,928,1310.0
2023-03-13,S005_P0007,1289,531.0
2023-03-20,S005_P0007,799,923.0
2023-03-27,S005_P0007,586,591.0
2023-04-03,S005_P0007,1210,1417.0
2023-04-10,S005_P0007,599,653.0
2023-04-17,S005_P0007,784,1658.0
2023-04-24,S005_P0007,675,1325.0
2023-05-01,S005_P0007,1428,826.0
2023-05-08,S005_P0007,1176,748.0
2023-05-15,S005_P0007,1071,1006.0
2023-05-22,S005_P0007,1440,1554.0
2023-05-29,S005_P0007,1111,836.0
2023-06-05,S005_P0007,492,792.0
2023-06-12,S005_P0007,394,1245.0
2023-06-19,S005_P0007,1433,1290.0
2023-06-26,S005_P0007,749,513.0
2023-07-03,S005_P0007,950,1412.0
2023-07-10,S005_P0007,1043,1081.0
2023-07-17,S005_P0007,993,872.0
2023-07-24,S005_P0007,985,982.0
2023-07-31,S005_P0007,754,1129.0
2023-08-07,S005_P0007,214,985.0
2023-08-14,S005_P0007,1307,841.0
2023-08-21,S005_P0007,800,1009.0
2023-08-28,S005_P0007,1013,722.0
2023-09-04,S005_P0007,704,766.0
2023-09-11,S005_P0007,679,667.0
2023-09-18,S005_P0007,773,1179.0
2023-09-25,S005_P0007,1104,815.0
2023-10-02,S005_P0007,721,1424.0
2023-10-09,S005_P0007,1083,836.0
2023-10-16,S005_P0007,1279,1745.0
2023-10-23,S005_P0007,964,969.0
2023-10-30,S005_P0007,879,1293.0
2023-11-06,S005_P0007,1142,794.0
2023-11-13,S005_P0007,1022,1727.0
2023-11-20,S005_P0007,670,740.0
2023-11-27,S005_P0007,858,1099.0
2023-12-04,S005_P0007,1383,1050.0
2023-12-11,S005_P0007,1059,400.0
2023-12-18,S005_P0007,539,1038.0
2023-12-25,S005_P0007,883,943.0
2022-01-03,S005_P0008,1041,
2022-01-10,S005_P0008,761,
2022-01-17,S005_P0008,1225,
2022-01-24,S005_P0008,799,
2022-01-31,S005_P0008,1570,
2022-02-07,S005_P0008,811,
2022-02-14,S005_P0008,1341,
2022-02-21,S005_P0008,821,
2022-02-28,S005_P0008,1215,
2022-03-07,S005_P0008,928,
2022-03-14,S005_P0008,724,
2022-03-21,S005_P0008,874,
2022-03-28,S005_P0008,1190,
2022-04-04,S005_P0008,1523,
2022-04-11,S005_P0008,697,
2022-04-18,S005_P0008,668,
2022-04-25,S005_P0008,997,
2022-05-02,S005_P0008,802,
2022-05-09,S005_P0008,773,
2022-05-16,S005_P0008,977,
2022-05-23,S005_P0008,802,
2022-05-30,S005_P0008,808,
2022-06-06,S005_P0008,694,
2022-06-13,S005_P0008,695,
2022-06-20,S005_P0008,1037,
2022-06-27,S005_P0008,1453,
2022-07-04,S005_P0008,915,
2022-07-11,S005_P0008,1343,
2022-07-18,S005_P0008,1073,
2022-07-25,S005_P0008,640,
2022-08-01,S005_P0008,686,
2022-08-08,S005_P0008,869,
2022-08-15,S005_P0008,1107,
2022-08-22,S005_P0008,1044,
2022-08-29,S005_P0008,751,
2022-09-05,S005_P0008,720,
2022-09-12,S005_P0008,1075,
2022-09-19,S005_P0008,538,
2022-09-26,S005_P0008,749,
2022-10-03,S005_P0008,857,
2022-10-10,S005_P0008,1206,
2022-10-17,S005_P0008,1029,
2022-10-24,S005_P0008,603,
2022-10-31,S005_P0008,1173,
2022-11-07,S005_P0008,720,
2022-11-14,S005_P0008,972,
2022-11-21,S005_P0008,569,
2022-11-28,S005_P0008,497,
2022-12-05,S005_P0008,621,
2022-12-12,S005_P0008,444,
2022-12-19,S005_P0008,903,
2022-12-26,S005_P0008,1122,
2023-01-02,S005_P0008,649,1041.0
2023-01-09,S005_P0008,351,761.0
2023-01-16,S005_P0008,963,1225.0
2023-01-23,S005_P0008,839,799.0
2023-01-30,S005_P0008,599,1570.0
2023-02-06,S005_P0008,1451,811.0
2023-02-13,S005_P0008,911,1341.0
2023-02-20,S005_P0008,609,821.0
2023-02-27,S005_P0008,751,1215.0
2023-03-06,S005_P0008,744,928.0
2023-03-13,S005_P0008,1307,724.0
2023-03-20,S005_P0008,1076,874.0
2023-03-27,S005_P0008,504,1190.0
2023-04-03,S005_P0008,809,1523.0
2023-04-10,S005_P0008,1181,697.0
2023-04-17,S005_P0008,854,668.0
2023-04-24,S005_P0008,1285,997.0
2023-05-01,S005_P0008,702,802.0
2023-05-08,S005_P0008,1184,773.0
2023-05-15,S005_P0008,730,977.0
2023-05-22,S005_P0008,1320,802.0
2023-05-29,S005_P0008,990,808.0
2023-06-05,S005_P0008,1197,694.0
2023-06-12,S005_P0008,1143,695.0
2023-06-19,S005_P0008,515,1037.0
2023-06-26,S005_P0008,1595,1453.0
2023-07-03,S005_P0008,784,915.0
2023-07-10,S005_P0008,1356,1343.0
2023-07-17,S005_P0008,901,1073.0
2023-07-24,S005_P0008,875,640.0
2023-07-31,S005_P0008,1126,686.0
2023-08-07,S005_P0008,1505,869.0
2023-08-14,S005_P0008,1134,1107.0
2023-08-21,S005_P0008,668,1044.0
2023-08-28,S005_P0008,1050,751.0
2023-09-04,S005_P0008,888,720.0
2023-09-11,S005_P0008,1414,1075.0
2023-09-18,S005_P0008,827,538.0
2023-09-25,S005_P0008,631,749.0
2023-10-02,S005_P0008,954,857.0
2023-10-09,S005_P0008,704,1206.0
2023-10-16,S005_P0008,723,1029.0
2023-10-23,S005_P0008,1443,603.0
2023-10-30,S005_P0008,724,1173.0
2023-11-06,S005_P0008,1019,720.0
2023-11-13,S005_P0008,599,972.0
2023-11-20,S005_P0008,1211,569.0
2023-11-27,S005_P0008,670,497.0
2023-12-04,S005_P0008,1429,621.0
2023-12-11,S005_P0008,1123,444.0
2023-12-18,S005_P0008,666,903.0
2023-12-25,S005_P0008,865,1122.0
2022-01-03,S005_P0009,998,
2022-01-10,S005_P0009,1216,
2022-01-17,S005_P0009,807,
2022-01-24,S005_P0009,795,
2022-01-31,S005_P0009,902,
2022-02-07,S005_P0009,1257,
2022-02-14,S005_P0009,1866,
2022-02-21,S005_P0009,1157,
2022-02-28,S005_P0009,1162,
2022-03-07,S005_P0009,1062,
2022-03-14,S005_P0009,824,
2022-03-21,S005_P0009,1103,
2022-03-28,S005_P0009,1157,
2022-04-04,S005_P0009,1029,
2022-04-11,S005_P0009,1045,
2022-04-18,S005_P0009,637,
2022-04-25,S005_P0009,847,
2022-05-02,S005_P0009,1234,
2022-05-09,S005_P0009,1071,
2022-05-16,S005_P0009,1162,
2022-05-23,S005_P0009,863,
2022-05-30,S005_P0009,653,
2022-06-06,S005_P0009,401,
2022-06-13,S005_P0009,904,
2022-06-20,S005_P0009,1333,
2022-06-27,S005_P0009,848,
2022-07-04,S005_P0009,1061,
2022-07-11,S005_P0009,473,
2022-07-18,S005_P0009,917,
2022-07-25,S005_P0009,790,
2022-08-01,S005_P0009,964,
2022-08-08,S005_P0009,684,
2022-08-15,S005_P0009,1660,
2022-08-22,S005_P0009,898,
2022-08-29,S005_P0009,1135,
2022-09-05,S005_P0009,1176,
2022-09-12,S005_P0009,1098,
2022-09-19,S005_P0009,1193,
2022-09-26,S005_P0009,730,
2022-10-03,S005_P0009,1107,
2022-10-10,S005_P0009,671,
2022-10-17,S005_P0009,1777,
2022-10-24,S005_P0009,847,
2022-10-31,S005_P0009,864,
2022-11-07,S005_P0009,1486,
2022-11-14,S005_P0009,932,
2022-11-21,S005_P0009,1102,
2022-11-28,S005_P0009,1486,
2022-12-05,S005_P0009,827,
2022-12-12,S005_P0009,1352,
2022-12-19,S005_P0009,1388,
2022-12-26,S005_P0009,1055,
2023-01-02,S005_P0009,918,998.0
2023-01-09,S005_P0009,635,1216.0
2023-01-16,S005_P0009,691,807.0
2023-01-23,S005_P0009,344,795.0
2023-01-30,S005_P0009,922,902.0
2023-02-06,S005_P0009,1395,1257.0
2023-02-13,S005_P0009,609,1866.0
2023-02-20,S005_P0009,751,1157.0
2023-02-27,S005_P0009,1024,1162.0
2023-03-06,S005_P0009,910,1062.0
2023-03-13,S005_P0009,915,824.0
2023-03-20,S005_P0009,831,1103.0
2023-03-27,S005_P0009,601,1157.0
2023-04-03,S005_P0009,1016,1029.0
2023-04-10,S005_P0009,435,1045.0
2023-04-17,S005_P0009,753,637.0
2023-04-24,S005_P0009,722,847.0
2023-05-01,S005_P0009,1004,1234.0
2023-05-08,S005_P0009,684,1071.0
2023-05-15,S005_P0009,1124,1162.0
2023-05-22,S005_P0009,947,863.0
2023-05-29,S005_P0009,944,653.0
2023-06-05,S005_P0009,890,401.0
2023-06-12,S005_P0009,1169,904.0
2023-06-19,S005_P0009,892,1333.0
2023-06-26,S005_P0009,806,848.0
2023-07-03,S005_P0009,1057,1061.0
2023-07-10,S005_P0009,628,473.0
2023-07-17,S005_P0009,853,917.0
2023-07-24,S005_P0009,1838,790.0
2023-07-31,S005_P0009,1108,964.0
2023-08-07,S005_P0009,1004,684.0
2023-08-14,S005_P0009,663,1660.0
2023-08-21,S005_P0009,948,898.0
2023-08-28,S005_P0009,684,1135.0
2023-09-04,S005_P0009,1057,1176.0
2023-09-11,S005_P0009,727,1098.0
2023-09-18,S005_P0009,1286,1193.0
2023-09-25,S005_P0009,798,730.0
2023-10-02,S005_P0009,1150,1107.0
2023-10-09,S005_P0009,620,671.0
2023-10-16,S005_P0009,1086,1777.0
2023-10-23,S005_P0009,391,847.0
2023-10-30,S005_P0009,829,864.0
2023-11-06,S005_P0009,613,1486.0
2023-11-13,S005_P0009,870,932.0
2023-11-20,S005_P0009,1085,1102.0
2023-11-27,S005_P0009,746,1486.0
2023-12-04,S005_P0009,1006,827.0
2023-12-11,S005_P0009,884,1352.0
2023-12-18,S005_P0009,387,1388.0
2023-12-25,S005_P0009,904,1055.0
2022-01-03,S005_P0010,1123,
2022-01-10,S005_P0010,882,
2022-01-17,S005_P0010,935,
2022-01-24,S005_P0010,1463,
2022-01-31,S005_P0010,680,
2022-02-07,S005_P0010,876,
2022-02-14,S005_P0010,1267,
2022-02-21,S005_P0010,897,
2022-02-28,S005_P0010,969,
2022-03-07,S005_P0010,1226,
2022-03-14,S005_P0010,1209,
2022-03-21,S005_P0010,1648,
2022-03-28,S005_P0010,448,
2022-04-04,S005_P0010,1644,
2022-04-11,S005_P0010,1017,
2022-04-18,S005_P0010,934,
2022-04-25,S005_P0010,799,
2022-05-02,S005_P0010,1162,
2022-05-09,S005_P0010,816,
2022-05-16,S005_P0010,918,
2022-05-23,S005_P0010,1794,
2022-05-30,S005_P0010,666,
2022-06-06,S005_P0010,1093,
2022-06-13,S005_P0010,1446,
2022-06-20,S005_P0010,1135,
2022-06-27,S005_P0010,797,
2022-07-04,S005_P0010,1143,
2022-07-11,S005_P0010,1011,
2022-07-18,S005_P0010,981,
2022-07-25,S005_P0010,1031,
2022-08-01,S005_P0010,1287,
2022-08-08,S005_P0010,1350,
2022-08-15,S005_P0010,992,
2022-08-22,S005_P0010,781,
2022-08-29,S005_P0010,660,
2022-09-05,S005_P0010,935,
2022-09-12,S005_P0010,356,
2022-09-19,S005_P0010,1126,
2022-09-26,S005_P0010,1140,
2022-10-03,S005_P0010,749,
2022-10-10,S005_P0010,515,
2022-10-17,S005_P0010,900,
2022-10-24,S005_P0010,917,
2022-10-31,S005_P0010,1069,
2022-11-07,S005_P0010,1320,
2022-11-14,S005_P0010,835,
2022-11-21,S005_P0010,1034,
2022-11-28,S005_P0010,1061,
2022-12-05,S005_P0010,1220,
2022-12-12,S005_P0010,685,
2022-12-19,S005_P0010,1798,
2022-12-26,S005_P0010,892,
2023-01-02,S005_P0010,1174,1123.0
2023-01-09,S005_P0010,721,882.0
2023-01-16,S005_P0010,943,935.0
2023-01-23,S005_P0010,1148,1463.0
2023-01-30,S005_P0010,757,680.0
2023-02-06,S005_P0010,826,876.0
2023-02-13,S005_P0010,1027,1267.0
2023-02-20,S005_P0010,1036,897.0
2023-02-27,S005_P0010,1092,969.0
2023-03-06,S005_P0010,622,1226.0
2023-03-13,S005_P0010,933,1209.0
2023-03-20,S005_P0010,701,1648.0
2023-03-27,S005_P0010,768,448.0
2023-04-03,S005_P0010,1150,1644.0
2023-04-10,S005_P0010,1367,1017.0
2023-04-17,S005_P0010,500,934.0
2023-04-24,S005_P0010,751,799.0
2023-05-01,S005_P0010,974,1162.0
2023-05-08,S005_P0010,474,816.0
2023-05-15,S005_P0010,434,918.0
2023-05-22,S005_P0010,1006,1794.0
2023-05-29,S005_P0010,612,666.0
2023-06-05,S005_P0010,1131,1093.0
2023-06-12,S005_P0010,820,1446.0
2023-06-19,S005_P0010,708,1135.0
2023-06-26,S005_P0010,563,797.0
2023-07-03,S005_P0010,838,1143.0
2023-07-10,S005_P0010,831,1011.0
2023-07-17,S005_P0010,1083,981.0
2023-07-24,S005_P0010,873,1031.0
2023-07-31,S005_P0010,1191,1287.0
2023-08-07,S005_P0010,729,1350.0
2023-08-14,S005_P0010,567,992.0
2023-08-21,S005_P0010,1118,781.0
2023-08-28,S005_P0010,1184,660.0
2023-09-04,S005_P0010,1141,935.0
2023-09-11,S005_P0010,1388,356.0
2023-09-18,S005_P0010,726,1126.0
2023-09-25,S005_P0010,876,1140.0
2023-10-02,S005_P0010,468,749.0
2023-10-09,S005_P0010,1341,515.0
2023-10-16,S005_P0010,624,900.0
2023-10-23,S005_P0010,1054,917.0
2023-10-30,S005_P0010,665,1069.0
2023-11-06,S005_P0010,1125,1320.0
2023-11-13,S005_P0010,840,835.0
2023-11-20,S005_P0010,745,1034.0
2023-11-27,S005_P0010,1044,1061.0
2023-12-04,S005_P0010,1394,1220.0
2023-12-11,S005_P0010,1003,685.0
2023-12-18,S005_P0010,851,1798.0
2023-12-25,S005_P0010,707,892.0
2022-01-03,S005_P0011,1065,
2022-01-10,S005_P0011,1020,
2022-01-17,S005_P0011,691,
2022-01-24,S005_P0011,785,
2022-01-31,S005_P0011,916,
2022-02-07,S005_P0011,702,
2022-02-14,S005_P0011,997,
2022-02-21,S005_P0011,389,
2022-02-28,S005_P0011,1328,
2022-03-07,S005_P0011,696,
2022-03-14,S005_P0011,816,
2022-03-21,S005_P0011,1179,
2022-03-28,S005_P0011,768,
2022-04-04,S005_P0011,1229,
2022-04-11,S005_P0011,995,
2022-04-18,S005_P0011,1427,
2022-04-25,S005_P0011,620,
2022-05-02,S005_P0011,801,
2022-05-09,S005_P0011,1019,
2022-05-16,S005_P0011,448,
2022-05-23,S005_P0011,1023,
2022-05-30,S005_P0011,1559,
2022-06-06,S005_P0011,1060,
2022-06-13,S005_P0011,1150,
2022-06-20,S005_P0011,873,
2022-06-27,S005_P0011,964,
2022-07-04,S005_P0011,981,
2022-07-11,S005_P0011,1295,
2022-07-18,S005_P0011,957,
2022-07-25,S005_P0011,453,
2022-08-01,S005_P0011,1183,
2022-08-08,S005_P0011,478,
2022-08-15,S005_P0011,908,
2022-08-22,S005_P0011,1354,
2022-08-29,S005_P0011,1077,
2022-09-05,S005_P0011,821,
2022-09-12,S005_P0011,1176,
2022-09-19,S005_P0011,809,
2022-09-26,S005_P0011,765,
2022-10-03,S005_P0011,1136,
2022-10-10,S005_P0011,915,
2022-10-17,S005_P0011,589,
2022-10-24,S005_P0011,1118,
2022-10-31,S005_P0011,768,
2022-11-07,S005_P0011,767,
2022-11-14,S005_P0011,1423,
2022-11-21,S005_P0011,1177,
2022-11-28,S005_P0011,787,
2022-12-05,S005_P0011,927,
2022-12-12,S005_P0011,1465,
2022-12-19,S005_P0011,685,
2022-12-26,S005_P0011,740,
2023-01-02,S005_P0011,811,1065.0
2023-01-09,S005_P0011,797,1020.0
2023-01-16,S005_P0011,1034,691.0
2023-01-23,S005_P0011,1079,785.0
2023-01-30,S005_P0011,870,916.0
2023-02-06,S005_P0011,534,702.0
2023-02-13,S005_P0011,829,997.0
2023-02-20,S005_P0011,1223,389.0
2023-02-27,S005_P0011,531,1328.0
2023-03-06,S005_P0011,775,696.0
2023-03-13,S005_P0011,1565,816.0
2023-03-20,S005_P0011,1066,1179.0
2023-03-27,S005_P0011,1057,768.0
2023-04-03,S005_P0011,1387,1229.0
2023-04-10,S005_P0011,1301,995.0
2023-04-17,S005_P0011,1181,1427.0
2023-04-24,S005_P0011,510,620.0
2023-05-01,S005_P0011,906,801.0
2023-05-08,S005_P0011,1357,1019.0
2023-05-15,S005_P0011,1447,448.0
2023-05-22,S005_P0011,861,1023.0
2023-05-29,S005_P0011,612,1559.0
2023-06-05,S005_P0011,730,1060.0
2023-06-12,S005_P0011,770,1150.0
2023-06-19,S005_P0011,1066,873.0
2023-06-26,S005_P0011,867,964.0
2023-07-03,S005_P0011,918,981.0
2023-07-10,S005_P0011,1020,1295.0
2023-07-17,S005_P0011,1887,957.0
2023-07-24,S005_P0011,958,453.0
2023-07-31,S005_P0011,982,1183.0
2023-08-07,S005_P0011,990,478.0
2023-08-14,S005_P0011,658,908.0
2023-08-21,S005_P0011,719,1354.0
2023-08-28,S005_P0011,1026,1077.0
2023-09-04,S005_P0011,932,821.0
2023-09-11,S005_P0011,993,1176.0
2023-09-18,S005_P0011,824,809.0
2023-09-25,S005_P0011,1079,765.0
2023-10-02,S005_P0011,713,1136.0
2023-10-09,S005_P0011,1164,915.0
2023-10-16,S005_P0011,1042,589.0
2023-10-23,S005_P0011,801,1118.0
2023-10-30,S005_P0011,1319,768.0
2023-11-06,S005_P0011,1196,767.0
2023-11-13,S005_P0011,871,1423.0
2023-11-20,S005_P0011,799,1177.0
2023-11-27,S005_P0011,1274,787.0
2023-12-04,S005_P0011,538,927.0
2023-12-11,S005_P0011,773,1465.0
2023-12-18,S005_P0011,917,685.0
2023-12-25,S005_P0011,750,740.0
2022-01-03,S005_P0012,882,
2022-01-10,S005_P0012,406,
2022-01-17,S005_P0012,483,
2022-01-24,S005_P0012,763,
2022-01-31,S005_P0012,644,
2022-02-07,S005_P0012,1339,
2022-02-14,S005_P0012,994,
2022-02-21,S005_P0012,1066,
2022-02-28,S005_P0012,965,
2022-03-07,S005_P0012,818,
2022-03-14,S005_P0012,1631,
2022-03-21,S005_P0012,663,
2022-03-28,S005_P0012,1452,
2022-04-04,S005_P0012,816,
2022-04-11,S005_P0012,1092,
2022-04-18,S005_P0012,892,
2022-04-25,S005_P0012,796,
2022-05-02,S005_P0012,752,
2022-05-09,S005_P0012,1480,
2022-05-16,S005_P0012,683,
2022-05-23,S005_P0012,596,
2022-05-30,S005_P0012,890,
2022-06-06,S005_P0012,1091,
2022-06-13,S005_P0012,349,
2022-06-20,S005_P0012,1298,
2022-06-27,S005_P0012,1010,
2022-07-04,S005_P0012,994,
2022-07-11,S005_P0012,675,
2022-07-18,S005_P0012,1589,
2022-07-25,S005_P0012,587,
2022-08-01,S005_P0012,1088,
2022-08-08,S005_P0012,1127,
2022-08-15,S005_P0012,1032,
2022-08-22,S005_P0012,1230,
2022-08-29,S005_P0012,842,
2022-09-05,S005_P0012,962,
2022-09-12,S005_P0012,688,
2022-09-19,S005_P0012,658,
2022-09-26,S005_P0012,708,
2022-10-03,S005_P0012,563,
2022-10-10,S005_P0012,989,
2022-10-17,S005_P0012,1215,
2022-10-24,S005_P0012,1189,
2022-10-31,S005_P0012,750,
2022-11-07,S005_P0012,1037,
2022-11-14,S005_P0012,921,
2022-11-21,S005_P0012,471,
2022-11-28,S005_P0012,1187,
2022-12-05,S005_P0012,1101,
2022-12-12,S005_P0012,602,
2022-12-19,S005_P0012,1000,
2022-12-26,S005_P0012,841,
2023-01-02,S005_P0012,1457,882.0
2023-01-09,S005_P0012,1119,406.0
2023-01-16,S005_P0012,1089,483.0
2023-01-23,S005_P0012,934,763.0
2023-01-30,S005_P0012,659,644.0
2023-02-06,S005_P0012,895,1339.0
2023-02-13,S005_P0012,440,994.0
2023-02-20,S005_P0012,903,1066.0
2023-02-27,S005_P0012,685,965.0
2023-03-06,S005_P0012,1476,818.0
2023-03-13,S005_P0012,1132,1631.0
2023-03-20,S005_P0012,924,663.0
2023-03-27,S005_P0012,1151,1452.0
2023-04-03,S005_P0012,488,816.0
2023-04-10,S005_P0012,1359,1092.0
2023-04-17,S005_P0012,720,892.0
2023-04-24,S005_P0012,737,796.0
2023-05-01,S005_P0012,1084,752.0
2023-05-08,S005_P0012,1208,1480.0
2023-05-15,S005_P0012,731,683.0
2023-05-22,S005_P0012,825,596.0
2023-05-29,S005_P0012,711,890.0
2023-06-05,S005_P0012,1721,1091.0
2023-06-12,S005_P0012,881,349.0
2023-06-19,S005_P0012,1162,1298.0
2023-06-26,S005_P0012,1108,1010.0
2023-07-03,S005_P0012,1207,994.0
2023-07-10,S005_P0012,684,675.0
2023-07-17,S005_P0012,1354,1589.0
2023-07-24,S005_P0012,784,587.0
2023-07-31,S005_P0012,777,1088.0
2023-08-07,S005_P0012,1074,1127.0
2023-08-14,S005_P0012,1039,1032.0
2023-08-21,S005_P0012,901,1230.0
2023-08-28,S005_P0012,1110,842.0
2023-09-04,S005_P0012,1073,962.0
2023-09-11,S005_P0012,680,688.0
2023-09-18,S005_P0012,606,658.0
2023-09-25,S005_P0012,1055,708.0
2023-10-02,S005_P0012,1436,563.0
2023-10-09,S005_P0012,535,989.0
2023-10-16,S005_P0012,469,1215.0
2023-10-23,S005_P0012,1414,1189.0
2023-10-30,S005_P0012,529,750.0
2023-11-06,S005_P0012,845,1037.0
2023-11-13,S005_P0012,1029,921.0
2023-11-20,S005_P0012,863,471.0
2023-11-27,S005_P0012,1552,1187.0
2023-12-04,S005_P0012,531,1101.0
2023-12-11,S005_P0012,1686,602.0
2023-12-18,S005_P0012,698,1000.0
2023-12-25,S005_P0012,507,841.0
2022-01-03,S005_P0013,1012,
2022-01-10,S005_P0013,855,
2022-01-17,S005_P0013,765,
2022-01-24,S005_P0013,1121,
2022-01-31,S005_P0013,679,
2022-02-07,S005_P0013,824,
2022-02-14,S005_P0013,747,
2022-02-21,S005_P0013,866,
2022-02-28,S005_P0013,828,
2022-03-07,S005_P0013,858,
2022-03-14,S005_P0013,1530,
2022-03-21,S005_P0013,1401,
2022-03-28,S005_P0013,1022,
2022-04-04,S005_P0013,1229,
2022-04-11,S005_P0013,1124,
2022-04-18,S005_P0013,1288,
2022-04-25,S005_P0013,686,
2022-05-02,S005_P0013,573,
2022-05-09,S005_P0013,1132,
2022-05-16,S005_P0013,1059,
2022-05-23,S005_P0013,935,
2022-05-30,S005_P0013,1251,
2022-06-06,S005_P0013,379,
2022-06-13,S005_P0013,1153,
2022-06-20,S005_P0013,1261,
2022-06-27,S005_P0013,959,
2022-07-04,S005_P0013,1083,
2022-07-11,S005_P0013,996,
2022-07-18,S005_P0013,1409,
2022-07-25,S005_P0013,1250,
2022-08-01,S005_P0013,1282,
2022-08-08,S005_P0013,1311,
2022-08-15,S005_P0013,1217,
2022-08-22,S005_P0013,815,
2022-08-29,S005_P0013,1048,
2022-09-05,S005_P0013,1115,
2022-09-12,S005_P0013,993,
2022-09-19,S005_P0013,750,
2022-09-26,S005_P0013,722,
2022-10-03,S005_P0013,797,
2022-10-10,S005_P0013,1101,
2022-10-17,S005_P0013,656,
2022-10-24,S005_P0013,553,
2022-10-31,S005_P0013,729,
2022-11-07,S005_P0013,699,
2022-11-14,S005_P0013,1066,
2022-11-21,S005_P0013,1047,
2022-11-28,S005_P0013,805,
2022-12-05,S005_P0013,1054,
2022-12-12,S005_P0013,1608,
2022-12-19,S005_P0013,729,
2022-12-26,S005_P0013,983,
2023-01-02,S005_P0013,914,1012.0
2023-01-09,S005_P0013,557,855.0
2023-01-16,S005_P0013,990,765.0
2023-01-23,S005_P0013,1505,1121.0
2023-01-30,S005_P0013,939,679.0
2023-02-06,S005_P0013,1381,824.0
2023-02-13,S005_P0013,1473,747.0
2023-02-20,S005_P0013,1416,866.0
2023-02-27,S005_P0013,813,828.0
2023-03-06,S005_P0013,831,858.0
2023-03-13,S005_P0013,1145,1530.0
2023-03-20,S005_P0013,1019,1401.0
2023-03-27,S005_P0013,1053,1022.0
2023-04-03,S005_P0013,1156,1229.0
2023-04-10,S005_P0013,614,1124.0
2023-04-17,S005_P0013,290,1288.0
2023-04-24,S005_P0013,896,686.0
2023-05-01,S005_P0013,692,573.0
2023-05-08,S005_P0013,1129,1132.0
2023-05-15,S005_P0013,1145,1059.0
2023-05-22,S005_P0013,917,935.0
2023-05-29,S005_P0013,301,1251.0
2023-06-05,S005_P0013,701,379.0
2023-06-12,S005_P0013,757,1153.0
2023-06-19,S005_P0013,504,1261.0
2023-06-26,S005_P0013,1462,959.0
2023-07-03,S005_P0013,455,1083.0
2023-07-10,S005_P0013,971,996.0
2023-07-17,S005_P0013,1000,1409.0
2023-07-24,S005_P0013,1117,1250.0
2023-07-31,S005_P0013,1178,1282.0
2023-08-07,S005_P0013,733,1311.0
2023-08-14,S005_P0013,836,1217.0
2023-08-21,S005_P0013,684,815.0
2023-08-28,S005_P0013,1127,1048.0
2023-09-04,S005_P0013,960,1115.0
2023-09-11,S005_P0013,1037,993.0
2023-09-18,S005_P0013,980,750.0
2023-09-25,S005_P0013,1113,722.0
2023-10-02,S005_P0013,762,797.0
2023-10-09,S005_P0013,451,1101.0
2023-10-16,S005_P0013,781,656.0
2023-10-23,S005_P0013,501,553.0
2023-10-30,S005_P0013,1324,729.0
2023-11-06,S005_P0013,827,699.0
2023-11-13,S005_P0013,720,1066.0
2023-11-20,S005_P0013,1311,1047.0
2023-11-27,S005_P0013,1459,805.0
2023-12-04,S005_P0013,808,1054.0
2023-12-11,S005_P0013,1529,1608.0
2023-12-18,S005_P0013,1088,729.0
2023-12-25,S005_P0013,1382,983.0
2022-01-03,S005_P0014,1247,
2022-01-10,S005_P0014,777,
2022-01-17,S005_P0014,948,
2022-01-24,S005_P0014,1024,
2022-01-31,S005_P0014,1238,
2022-02-07,S005_P0014,1448,
2022-02-14,S005_P0014,1013,
2022-02-21,S005_P0014,493,
2022-02-28,S005_P0014,1302,
2022-03-07,S005_P0014,625,
2022-03-14,S005_P0014,1324,
2022-03-21,S005_P0014,870,
2022-03-28,S005_P0014,1086,
2022-04-04,S005_P0014,954,
2022-04-11,S005_P0014,1277,
2022-04-18,S005_P0014,987,
2022-04-25,S005_P0014,1105,
2022-05-02,S005_P0014,677,
2022-05-09,S005_P0014,1033,
2022-05-16,S005_P0014,1110,
2022-05-23,S005_P0014,709,
2022-05-30,S005_P0014,937,
2022-06-06,S005_P0014,730,
2022-06-13,S005_P0014,1159,
2022-06-20,S005_P0014,464,
2022-06-27,S005_P0014,536,
2022-07-04,S005_P0014,910,
2022-07-11,S005_P0014,1062,
2022-07-18,S005_P0014,981,
2022-07-25,S005_P0014,1419,
2022-08-01,S005_P0014,976,
2022-08-08,S005_P0014,1043,
2022-08-15,S005_P0014,1276,
2022-08-22,S005_P0014,869,
2022-08-29,S005_P0014,1054,
2022-09-05,S005_P0014,1103,
2022-09-12,S005_P0014,874,
2022-09-19,S005_P0014,907,
2022-09-26,S005_P0014,1081,
2022-10-03,S005_P0014,832,
2022-10-10,S005_P0014,884,
2022-10-17,S005_P0014,1524,
2022-10-24,S005_P0014,964,
2022-10-31,S005_P0014,843,
2022-11-07,S005_P0014,1040,
2022-11-14,S005_P0014,825,
2022-11-21,S005_P0014,785,
2022-11-28,S005_P0014,1255,
2022-12-05,S005_P0014,906,
2022-12-12,S005_P0014,1923,
2022-12-19,S005_P0014,716,
2022-12-26,S005_P0014,612,
2023-01-02,S005_P0014,794,1247.0
2023-01-09,S005_P0014,918,777.0
2023-01-16,S005_P0014,987,948.0
2023-01-23,S005_P0014,1667,1024.0
2023-01-30,S005_P0014,1334,1238.0
2023-02-06,S005_P0014,1047,1448.0
2023-02-13,S005_P0014,1101,1013.0
2023-02-20,S005_P0014,827,493.0
2023-02-27,S005_P0014,586,1302.0
2023-03-06,S005_P0014,1368,625.0
2023-03-13,S005_P0014,555,1324.0
2023-03-20,S005_P0014,922,870.0
2023-03-27,S005_P0014,569,1086.0
2023-04-03,S005_P0014,348,954.0
2023-04-10,S005_P0014,819,1277.0
2023-04-17,S005_P0014,1137,987.0
2023-04-24,S005_P0014,915,1105.0
2023-05-01,S005_P0014,515,677.0
2023-05-08,S005_P0014,874,1033.0
2023-05-15,S005_P0014,808,1110.0
2023-05-22,S005_P0014,1122,709.0
2023-05-29,S005_P0014,658,937.0
2023-06-05,S005_P0014,980,730.0
2023-06-12,S005_P0014,1233,1159.0
2023-06-19,S005_P0014,802,464.0
2023-06-26,S005_P0014,640,536.0
2023-07-03,S005_P0014,1095,910.0
2023-07-10,S005_P0014,1286,1062.0
2023-07-17,S005_P0014,741,981.0
2023-07-24,S005_P0014,792,1419.0
2023-07-31,S005_P0014,511,976.0
2023-08-07,S005_P0014,537,1043.0
2023-08-14,S005_P0014,1045,1276.0
2023-08-21,S005_P0014,639,869.0
2023-08-28,S005_P0014,1345,1054.0
2023-09-04,S005_P0014,720,1103.0
2023-09-11,S005_P0014,1435,874.0
2023-09-18,S005_P0014,1002,907.0
2023-09-25,S005_P0014,985,1081.0
2023-10-02,S005_P0014,506,832.0
2023-10-09,S005_P0014,482,884.0
2023-10-16,S005_P0014,981,1524.0
2023-10-23,S005_P0014,1122,964.0
2023-10-30,S005_P0014,1097,843.0
2023-11-06,S005_P0014,1311,1040.0
2023-11-13,S005_P0014,1125,825.0
2023-11-20,S005_P0014,682,785.0
2023-11-27,S005_P0014,1015,1255.0
2023-12-04,S005_P0014,972,906.0
2023-12-11,S005_P0014,1366,1923.0
2023-12-18,S005_P0014,1016,716.0
2023-12-25,S005_P0014,691,612.0
2022-01-03,S005_P0015,951,
2022-01-10,S005_P0015,1668,
2022-01-17,S005_P0015,1354,
2022-01-24,S005_P0015,1138,
2022-01-31,S005_P0015,1350,
2022-02-07,S005_P0015,1494,
2022-02-14,S005_P0015,769,
2022-02-21,S005_P0015,1217,
2022-02-28,S005_P0015,1263,
2022-03-07,S005_P0015,1564,
2022-03-14,S005_P0015,706,
2022-03-21,S005_P0015,1449,
2022-03-28,S005_P0015,1006,
2022-04-04,S005_P0015,1046,
2022-04-11,S005_P0015,499,
2022-04-18,S005_P0015,866,
2022-04-25,S005_P0015,1021,
2022-05-02,S005_P0015,596,
2022-05-09,S005_P0015,1436,
2022-05-16,S005_P0015,815,
2022-05-23,S005_P0015,587,
2022-05-30,S005_P0015,883,
2022-06-06,S005_P0015,1259,
2022-06-13,S005_P0015,629,
2022-06-20,S005_P0015,1365,
2022-06-27,S005_P0015,1223,
2022-07-04,S005_P0015,1295,
2022-07-11,S005_P0015,850,
2022-07-18,S005_P0015,1319,
2022-07-25,S005_P0015,1189,
2022-08-01,S005_P0015,839,
2022-08-08,S005_P0015,1044,
2022-08-15,S005_P0015,925,
2022-08-22,S005_P0015,1053,
2022-08-29,S005_P0015,1084,
2022-09-05,S005_P0015,845,
2022-09-12,S005_P0015,910,
2022-09-19,S005_P0015,1104,
2022-09-26,S005_P0015,859,
2022-10-03,S005_P0015,1272,
2022-10-10,S005_P0015,807,
2022-10-17,S005_P0015,1101,
2022-10-24,S005_P0015,1173,
2022-10-31,S005_P0015,938,
2022-11-07,S005_P0015,896,
2022-11-14,S005_P0015,1353,
2022-11-21,S005_P0015,1128,
2022-11-28,S005_P0015,968,
2022-12-05,S005_P0015,834,
2022-12-12,S005_P0015,1157,
2022-12-19,S005_P0015,1044,
2022-12-26,S005_P0015,1064,
2023-01-02,S005_P0015,1283,951.0
2023-01-09,S005_P0015,1147,1668.0
2023-01-16,S005_P0015,848,1354.0
2023-01-23,S005_P0015,1361,1138.0
2023-01-30,S005_P0015,1212,1350.0
2023-02-06,S005_P0015,597,1494.0
2023-02-13,S005_P0015,592,769.0
2023-02-20,S005_P0015,1209,1217.0
2023-02-27,S005_P0015,1426,1263.0
2023-03-06,S005_P0015,1317,1564.0
2023-03-13,S005_P0015,1092,706.0
2023-03-20,S005_P0015,1212,1449.0
2023-03-27,S005_P0015,1278,1006.0
2023-04-03,S005_P0015,1100,1046.0
2023-04-10,S005_P0015,1062,499.0
2023-04-17,S005_P0015,611,866.0
2023-04-24,S005_P0015,1069,1021.0
2023-05-01,S005_P0015,860,596.0
2023-05-08,S005_P0015,1007,1436.0
2023-05-15,S005_P0015,1006,815.0
2023-05-22,S005_P0015,1014,587.0
2023-05-29,S005_P0015,668,883.0
2023-06-05,S005_P0015,282,1259.0
2023-06-12,S005_P0015,1682,629.0
2023-06-19,S005_P0015,1347,1365.0
2023-06-26,S005_P0015,622,1223.0
2023-07-03,S005_P0015,1266,1295.0
2023-07-10,S005_P0015,758,850.0
2023-07-17,S005_P0015,871,1319.0
2023-07-24,S005_P0015,1732,1189.0
2023-07-31,S005_P0015,1167,839.0
2023-08-07,S005_P0015,630,1044.0
2023-08-14,S005_P0015,1063,925.0
2023-08-21,S005_P0015,937,1053.0
2023-08-28,S005_P0015,605,1084.0
2023-09-04,S005_P0015,1393,845.0
2023-09-11,S005_P0015,1449,910.0
2023-09-18,S005_P0015,1020,1104.0
2023-09-25,S005_P0015,749,859.0
2023-10-02,S005_P0015,1317,1272.0
2023-10-09,S005_P0015,724,807.0
2023-10-16,S005_P0015,1142,1101.0
2023-10-23,S005_P0015,783,1173.0
2023-10-30,S005_P0015,776,938.0
2023-11-06,S005_P0015,1317,896.0
2023-11-13,S005_P0015,1288,1353.0
2023-11-20,S005_P0015,679,1128.0
2023-11-27,S005_P0015,1322,968.0
2023-12-04,S005_P0015,595,834.0
2023-12-11,S005_P0015,1007,1157.0
2023-12-18,S005_P0015,1033,1044.0
2023-12-25,S005_P0015,734,1064.0
2022-01-03,S005_P0016,997,
2022-01-10,S005_P0016,1128,
2022-01-17,S005_P0016,686,
2022-01-24,S005_P0016,485,
2022-01-31,S005_P0016,1050,
2022-02-07,S005_P0016,808,
2022-02-14,S005_P0016,1186,
2022-02-21,S005_P0016,605,
2022-02-28,S005_P0016,406,
2022-03-07,S005_P0016,872,
2022-03-14,S005_P0016,1194,
2022-03-21,S005_P0016,907,
2022-03-28,S005_P0016,905,
2022-04-04,S005_P0016,871,
2022-04-11,S005_P0016,914,
2022-04-18,S005_P0016,1183,
2022-04-25,S005_P0016,1517,
2022-05-02,S005_P0016,1349,
2022-05-09,S005_P0016,760,
2022-05-16,S005_P0016,1669,
2022-05-23,S005_P0016,903,
2022-05-30,S005_P0016,969,
2022-06-06,S005_P0016,602,
2022-06-13,S005_P0016,1419,
2022-06-20,S005_P0016,834,
2022-06-27,S005_P0016,1110,
2022-07-04,S005_P0016,1457,
2022-07-11,S005_P0016,1395,
2022-07-18,S005_P0016,1502,
2022-07-25,S005_P0016,895,
2022-08-01,S005_P0016,1214,
2022-08-08,S005_P0016,671,
2022-08-15,S005_P0016,833,
2022-08-22,S005_P0016,1202,
2022-08-29,S005_P0016,680,
2022-09-05,S005_P0016,1178,
2022-09-12,S005_P0016,1559,
2022-09-19,S005_P0016,562,
2022-09-26,S005_P0016,1039,
2022-10-03,S005_P0016,369,
2022-10-10,S005_P0016,815,
2022-10-17,S005_P0016,1094,
2022-10-24,S005_P0016,830,
2022-10-31,S005_P0016,1305,
2022-11-07,S005_P0016,1087,
2022-11-14,S005_P0016,977,
2022-11-21,S005_P0016,684,
2022-11-28,S005_P0016,925,
2022-12-05,S005_P0016,1262,
2022-12-12,S005_P0016,520,
2022-12-19,S005_P0016,745,
2022-12-26,S005_P0016,1004,
2023-01-02,S005_P0016,900,997.0
2023-01-09,S005_P0016,635,1128.0
2023-01-16,S005_P0016,854,686.0
2023-01-23,S005_P0016,1460,485.0
2023-01-30,S005_P0016,710,1050.0
2023-02-06,S005_P0016,1253,808.0
2023-02-13,S005_P0016,1322,1186.0
2023-02-20,S005_P0016,1206,605.0
2023-02-27,S005_P0016,800,406.0
2023-03-06,S005_P0016,1150,872.0
2023-03-13,S005_P0016,702,1194.0
2023-03-20,S005_P0016,448,907.0
2023-03-27,S005_P0016,631,905.0
2023-04-03,S005_P0016,684,871.0
2023-04-10,S005_P0016,919,914.0
2023-04-17,S005_P0016,829,1183.0
2023-04-24,S005_P0016,1011,1517.0
2023-05-01,S005_P0016,701,1349.0
2023-05-08,S005_P0016,838,760.0
2023-05-15,S005_P0016,1215,1669.0
2023-05-22,S005_P0016,1015,903.0
2023-05-29,S005_P0016,947,969.0
2023-06-05,S005_P0016,892,602.0
2023-06-12,S005_P0016,1278,1419.0
2023-06-19,S005_P0016,541,834.0
2023-06-26,S005_P0016,929,1110.0
2023-07-03,S005_P0016,1069,1457.0
2023-07-10,S005_P0016,1111,1395.0
2023-07-17,S005_P0016,1013,1502.0
2023-07-24,S005_P0016,852,895.0
2023-07-31,S005_P0016,1642,1214.0
2023-08-07,S005_P0016,1038,671.0
2023-08-14,S005_P0016,1184,833.0
2023-08-21,S005_P0016,665,1202.0
2023-08-28,S005_P0016,670,680.0
2023-09-04,S005_P0016,1288,1178.0
2023-09-11,S005_P0016,1319,1559.0
2023-09-18,S005_P0016,374,562.0
2023-09-25,S005_P0016,987,1039.0
2023-10-02,S005_P0016,1005,369.0
2023-10-09,S005_P0016,846,815.0
2023-10-16,S005_P0016,978,1094.0
2023-10-23,S005_P0016,1002,830.0
2023-10-30,S005_P0016,1338,1305.0
2023-11-06,S005_P0016,1014,1087.0
2023-11-13,S005_P0016,580,977.0
2023-11-20,S005_P0016,1530,684.0
2023-11-27,S005_P0016,814,925.0
2023-12-04,S005_P0016,1196,1262.0
2023-12-11,S005_P0016,1132,520.0
2023-12-18,S005_P0016,1102,745.0
2023-12-25,S005_P0016,613,1004.0
2022-01-03,S005_P0017,1042,
2022-01-10,S005_P0017,814,
2022-01-17,S005_P0017,1360,
2022-01-24,S005_P0017,834,
2022-01-31,S005_P0017,993,
2022-02-07,S005_P0017,1217,
2022-02-14,S005_P0017,1445,
2022-02-21,S005_P0017,1214,
2022-02-28,S005_P0017,955,
2022-03-07,S005_P0017,601,
2022-03-14,S005_P0017,873,
2022-03-21,S005_P0017,674,
2022-03-28,S005_P0017,887,
2022-04-04,S005_P0017,884,
2022-04-11,S005_P0017,1305,
2022-04-18,S005_P0017,686,
2022-04-25,S005_P0017,805,
2022-05-02,S005_P0017,1243,
2022-05-09,S005_P0017,537,
2022-05-16,S005_P0017,961,
2022-05-23,S005_P0017,442,
2022-05-30,S005_P0017,1131,
2022-06-06,S005_P0017,1293,
2022-06-13,S005_P0017,1265,
2022-06-20,S005_P0017,1998,
2022-06-27,S005_P0017,1012,
2022-07-04,S005_P0017,752,
2022-07-11,S005_P0017,643,
2022-07-18,S005_P0017,1143,
2022-07-25,S005_P0017,774,
2022-08-01,S005_P0017,766,
2022-08-08,S005_P0017,1012,
2022-08-15,S005_P0017,1059,
2022-08-22,S005_P0017,419,
2022-08-29,S005_P0017,1002,
2022-09-05,S005_P0017,524,
2022-09-12,S005_P0017,997,
2022-09-19,S005_P0017,661,
2022-09-26,S005_P0017,936,
2022-10-03,S005_P0017,1085,
2022-10-10,S005_P0017,943,
2022-10-17,S005_P0017,822,
2022-10-24,S005_P0017,845,
2022-10-31,S005_P0017,648,
2022-11-07,S005_P0017,725,
2022-11-14,S005_P0017,962,
2022-11-21,S005_P0017,1108,
2022-11-28,S005_P0017,1121,
2022-12-05,S005_P0017,1337,
2022-12-12,S005_P0017,966,
2022-12-19,S005_P0017,1081,
2022-12-26,S005_P0017,1249,
2023-01-02,S005_P0017,865,1042.0
2023-01-09,S005_P0017,797,814.0
2023-01-16,S005_P0017,1145,1360.0
2023-01-23,S005_P0017,930,834.0
2023-01-30,S005_P0017,654,993.0
2023-02-06,S005_P0017,932,1217.0
2023-02-13,S005_P0017,1013,1445.0
2023-02-20,S005_P0017,942,1214.0
2023-02-27,S005_P0017,881,955.0
2023-03-06,S005_P0017,932,601.0
2023-03-13,S005_P0017,1254,873.0
2023-03-20,S005_P0017,1104,674.0
2023-03-27,S005_P0017,690,887.0
2023-04-03,S005_P0017,681,884.0
2023-04-10,S005_P0017,411,1305.0
2023-04-17,S005_P0017,819,686.0
2023-04-24,S005_P0017,851,805.0
2023-05-01,S005_P0017,978,1243.0
2023-05-08,S005_P0017,757,537.0
2023-05-15,S005_P0017,785,961.0
2023-05-22,S005_P0017,938,442.0
2023-05-29,S005_P0017,1080,1131.0
2023-06-05,S005_P0017,1224,1293.0
2023-06-12,S005_P0017,1136,1265.0
2023-06-19,S005_P0017,1470,1998.0
2023-06-26,S005_P0017,859,1012.0
2023-07-03,S005_P0017,1215,752.0
2023-07-10,S005_P0017,771,643.0
2023-07-17,S005_P0017,1446,1143.0
2023-07-24,S005_P0017,1442,774.0
2023-07-31,S005_P0017,829,766.0
2023-08-07,S005_P0017,1271,1012.0
2023-08-14,S005_P0017,686,1059.0
2023-08-21,S005_P0017,649,419.0
2023-08-28,S005_P0017,1198,1002.0
2023-09-04,S005_P0017,833,524.0
2023-09-11,S005_P0017,455,997.0
2023-09-18,S005_P0017,817,661.0
2023-09-25,S005_P0017,562,936.0
2023-10-02,S005_P0017,881,1085.0
2023-10-09,S005_P0017,1107,943.0
2023-10-16,S005_P0017,1103,822.0
2023-10-23,S005_P0017,1471,845.0
2023-10-30,S005_P0017,839,648.0
2023-11-06,S005_P0017,1084,725.0
2023-11-13,S005_P0017,1209,962.0
2023-11-20,S005_P0017,743,1108.0
2023-11-27,S005_P0017,1184,1121.0
2023-12-04,S005_P0017,931,1337.0
2023-12-11,S005_P0017,800,966.0
2023-12-18,S005_P0017,909,1081.0
2023-12-25,S005_P0017,945,1249.0
2022-01-03,S005_P0018,704,
2022-01-10,S005_P0018,1089,
2022-01-17,S005_P0018,414,
2022-01-24,S005_P0018,966,
2022-01-31,S005_P0018,683,
2022-02-07,S005_P0018,669,
2022-02-14,S005_P0018,855,
2022-02-21,S005_P0018,1280,
2022-02-28,S005_P0018,1315,
2022-03-07,S005_P0018,913,
2022-03-14,S005_P0018,1072,
2022-03-21,S005_P0018,846,
2022-03-28,S005_P0018,1268,
2022-04-04,S005_P0018,919,
2022-04-11,S005_P0018,967,
2022-04-18,S005_P0018,1423,
2022-04-25,S005_P0018,780,
2022-05-02,S005_P0018,1176,
2022-05-09,S005_P0018,588,
2022-05-16,S005_P0018,1400,
2022-05-23,S005_P0018,1179,
2022-05-30,S005_P0018,317,
2022-06-06,S005_P0018,412,
2022-06-13,S005_P0018,1061,
2022-06-20,S005_P0018,806,
2022-06-27,S005_P0018,1146,
2022-07-04,S005_P0018,1749,
2022-07-11,S005_P0018,1112,
2022-07-18,S005_P0018,1125,
2022-07-25,S005_P0018,555,
2022-08-01,S005_P0018,1135,
2022-08-08,S005_P0018,920,
2022-08-15,S005_P0018,1233,
2022-08-22,S005_P0018,1055,
2022-08-29,S005_P0018,1050,
2022-09-05,S005_P0018,843,
2022-09-12,S005_P0018,583,
2022-09-19,S005_P0018,863,
2022-09-26,S005_P0018,908,
2022-10-03,S005_P0018,1105,
2022-10-10,S005_P0018,1300,
2022-10-17,S005_P0018,720,
2022-10-24,S005_P0018,913,
2022-10-31,S005_P0018,1017,
2022-11-07,S005_P0018,900,
2022-11-14,S005_P0018,1052,
2022-11-21,S005_P0018,570,
2022-11-28,S005_P0018,409,
2022-12-05,S005_P0018,781,
2022-12-12,S005_P0018,953,
2022-12-19,S005_P0018,428,
2022-12-26,S005_P0018,900,
2023-01-02,S005_P0018,1483,704.0
2023-01-09,S005_P0018,1008,1089.0
2023-01-16,S005_P0018,1495,414.0
2023-01-23,S005_P0018,898,966.0
2023-01-30,S005_P0018,1102,683.0
2023-02-06,S005_P0018,244,669.0
2023-02-13,S005_P0018,1142,855.0
2023-02-20,S005_P0018,672,1280.0
2023-02-27,S005_P0018,629,1315.0
2023-03-06,S005_P0018,1078,913.0
2023-03-13,S005_P0018,789,1072.0
2023-03-20,S005_P0018,474,846.0
2023-03-27,S005_P0018,767,1268.0
2023-04-03,S005_P0018,1579,919.0
2023-04-10,S005_P0018,468,967.0
2023-04-17,S005_P0018,1002,1423.0
2023-04-24,S005_P0018,891,780.0
2023-05-01,S005_P0018,1577,1176.0
2023-05-08,S005_P0018,1257,588.0
2023-05-15,S005_P0018,1218,1400.0
2023-05-22,S005_P0018,1089,1179.0
2023-05-29,S005_P0018,974,317.0
2023-06-05,S005_P0018,1339,412.0
2023-06-12,S005_P0018,1028,1061.0
2023-06-19,S005_P0018,786,806.0
2023-06-26,S005_P0018,652,1146.0
2023-07-03,S005_P0018,1476,1749.0
2023-07-10,S005_P0018,812,1112.0
2023-07-17,S005_P0018,856,1125.0
2023-07-24,S005_P0018,1005,555.0
2023-07-31,S005_P0018,558,1135.0
2023-08-07,S005_P0018,764,920.0
2023-08-14,S005_P0018,895,1233.0
2023-08-21,S005_P0018,865,1055.0
2023-08-28,S005_P0018,1085,1050.0
2023-09-04,S005_P0018,871,843.0
2023-09-11,S005_P0018,811,583.0
2023-09-18,S005_P0018,1449,863.0
2023-09-25,S005_P0018,901,908.0
2023-10-02,S005_P0018,1492,1105.0
2023-10-09,S005_P0018,876,1300.0
2023-10-16,S005_P0018,818,720.0
2023-10-23,S005_P0018,610,913.0
2023-10-30,S005_P0018,752,1017.0
2023-11-06,S005_P0018,928,900.0
2023-11-13,S005_P0018,1077,1052.0
2023-11-20,S005_P0018,624,570.0
2023-11-27,S005_P0018,1371,409.0
2023-12-04,S005_P0018,443,781.0
2023-12-11,S005_P0018,949,953.0
2023-12-18,S005_P0018,814,428.0
2023-12-25,S005_P0018,668,900.0
2022-01-03,S005_P0019,1007,
2022-01-10,S005_P0019,1250,
2022-01-17,S005_P0019,1150,
2022-01-24,S005_P0019,1043,
2022-01-31,S005_P0019,646,
2022-02-07,S005_P0019,803,
2022-02-14,S005_P0019,992,
2022-02-21,S005_P0019,1108,
2022-02-28,S005_P0019,620,
2022-03-07,S005_P0019,896,
2022-03-14,S005_P0019,802,
2022-03-21,S005_P0019,812,
2022-03-28,S005_P0019,1146,
2022-04-04,S005_P0019,646,
2022-04-11,S005_P0019,1064,
2022-04-18,S005_P0019,832,
2022-04-25,S005_P0019,924,
2022-05-02,S005_P0019,1054,
2022-05-09,S005_P0019,495,
2022-05-16,S005_P0019,984,
2022-05-23,S005_P0019,631,
2022-05-30,S005_P0019,890,
2022-06-06,S005_P0019,518,
2022-06-13,S005_P0019,919,
2022-06-20,S005_P0019,913,
2022-06-27,S005_P0019,1118,
2022-07-04,S005_P0019,454,
2022-07-11,S005_P0019,739,
2022-07-18,S005_P0019,1286,
2022-07-25,S005_P0019,838,
2022-08-01,S005_P0019,1259,
2022-08-08,S005_P0019,787,
2022-08-15,S005_P0019,840,
2022-08-22,S005_P0019,1333,
2022-08-29,S005_P0019,1448,
2022-09-05,S005_P0019,922,
2022-09-12,S005_P0019,791,
2022-09-19,S005_P0019,630,
2022-09-26,S005_P0019,1583,
2022-10-03,S005_P0019,706,
2022-10-10,S005_P0019,702,
2022-10-17,S005_P0019,1440,
2022-10-24,S005_P0019,1111,
2022-10-31,S005_P0019,674,
2022-11-07,S005_P0019,1634,
2022-11-14,S005_P0019,1287,
2022-11-21,S005_P0019,1484,
2022-11-28,S005_P0019,1596,
2022-12-05,S005_P0019,717,
2022-12-12,S005_P0019,1102,
2022-12-19,S005_P0019,712,
2022-12-26,S005_P0019,778,
2023-01-02,S005_P0019,1123,1007.0
2023-01-09,S005_P0019,1012,1250.0
2023-01-16,S005_P0019,643,1150.0
2023-01-23,S005_P0019,616,1043.0
2023-01-30,S005_P0019,841,646.0
2023-02-06,S005_P0019,811,803.0
2023-02-13,S005_P0019,1374,992.0
2023-02-20,S005_P0019,625,1108.0
2023-02-27,S005_P0019,851,620.0
2023-03-06,S005_P0019,713,896.0
2023-03-13,S005_P0019,900,802.0
2023-03-20,S005_P0019,1083,812.0
2023-03-27,S005_P0019,826,1146.0
2023-04-03,S005_P0019,934,646.0
2023-04-10,S005_P0019,820,1064.0
2023-04-17,S005_P0019,820,832.0
2023-04-24,S005_P0019,1626,924.0
2023-05-01,S005_P0019,598,1054.0
2023-05-08,S005_P0019,822,495.0
2023-05-15,S005_P0019,970,984.0
2023-05-22,S005_P0019,1142,631.0
2023-05-29,S005_P0019,376,890.0
2023-06-05,S005_P0019,1159,518.0
2023-06-12,S005_P0019,1359,919.0
2023-06-19,S005_P0019,1057,913.0
2023-06-26,S005_P0019,999,1118.0
2023-07-03,S005_P0019,737,454.0
2023-07-10,S005_P0019,468,739.0
2023-07-17,S005_P0019,921,1286.0
2023-07-24,S005_P0019,704,838.0
2023-07-31,S005_P0019,489,1259.0
2023-08-07,S005_P0019,947,787.0
2023-08-14,S005_P0019,657,840.0
2023-08-21,S005_P0019,1350,1333.0
2023-08-28,S005_P0019,605,1448.0
2023-09-04,S005_P0019,870,922.0
2023-09-11,S005_P0019,686,791.0
2023-09-18,S005_P0019,1377,630.0
2023-09-25,S005_P0019,1306,1583.0
2023-10-02,S005_P0019,1066,706.0
2023-10-09,S005_P0019,929,702.0
2023-10-16,S005_P0019,943,1440.0
2023-10-23,S005_P0019,1267,1111.0
2023-10-30,S005_P0019,1104,674.0
2023-11-06,S005_P0019,1084,1634.0
2023-11-13,S005_P0019,833,1287.0
2023-11-20,S005_P0019,669,1484.0
2023-11-27,S005_P0019,921,1596.0
2023-12-04,S005_P0019,1233,717.0
2023-12-11,S005_P0019,839,1102.0
2023-12-18,S005_P0019,970,712.0
2023-12-25,S005_P0019,960,778.0
2022-01-03,S005_P0020,624,
2022-01-10,S005_P0020,1032,
2022-01-17,S005_P0020,870,
2022-01-24,S005_P0020,1010,
2022-01-31,S005_P0020,856,
2022-02-07,S005_P0020,644,
2022-02-14,S005_P0020,1030,
2022-02-21,S005_P0020,1142,
2022-02-28,S005_P0020,1334,
2022-03-07,S005_P0020,1916,
2022-03-14,S005_P0020,1183,
2022-03-21,S005_P0020,978,
2022-03-28,S005_P0020,1309,
2022-04-04,S005_P0020,1376,
2022-04-11,S005_P0020,910,
2022-04-18,S005_P0020,849,
2022-04-25,S005_P0020,1059,
2022-05-02,S005_P0020,928,
2022-05-09,S005_P0020,706,
2022-05-16,S005_P0020,683,
2022-05-23,S005_P0020,576,
2022-05-30,S005_P0020,1271,
2022-06-06,S005_P0020,977,
2022-06-13,S005_P0020,863,
2022-06-20,S005_P0020,1169,
2022-06-27,S005_P0020,900,
2022-07-04,S005_P0020,1406,
2022-07-11,S005_P0020,990,
2022-07-18,S005_P0020,1169,
2022-07-25,S005_P0020,613,
2022-08-01,S005_P0020,937,
2022-08-08,S005_P0020,1363,
2022-08-15,S005_P0020,1135,
2022-08-22,S005_P0020,914,
2022-08-29,S005_P0020,623,
2022-09-05,S005_P0020,1317,
2022-09-12,S005_P0020,653,
2022-09-19,S005_P0020,874,
2022-09-26,S005_P0020,1338,
2022-10-03,S005_P0020,1259,
2022-10-10,S005_P0020,534,
2022-10-17,S005_P0020,1080,
2022-10-24,S005_P0020,898,
2022-10-31,S005_P0020,879,
2022-11-07,S005_P0020,1120,
2022-11-14,S005_P0020,758,
2022-11-21,S005_P0020,1083,
2022-11-28,S005_P0020,1045,
2022-12-05,S005_P0020,1045,
2022-12-12,S005_P0020,391,
2022-12-19,S005_P0020,1181,
2022-12-26,S005_P0020,739,
2023-01-02,S005_P0020,804,624.0
2023-01-09,S005_P0020,825,1032.0
2023-01-16,S005_P0020,835,870.0
2023-01-23,S005_P0020,1021,1010.0
2023-01-30,S005_P0020,747,856.0
2023-02-06,S005_P0020,750,644.0
2023-02-13,S005_P0020,553,1030.0
2023-02-20,S005_P0020,1091,1142.0
2023-02-27,S005_P0020,397,1334.0
2023-03-06,S005_P0020,893,1916.0
2023-03-13,S005_P0020,376,1183.0
2023-03-20,S005_P0020,1088,978.0
2023-03-27,S005_P0020,978,1309.0
2023-04-03,S005_P0020,1040,1376.0
2023-04-10,S005_P0020,1600,910.0
2023-04-17,S005_P0020,1412,849.0
2023-04-24,S005_P0020,833,1059.0
2023-05-01,S005_P0020,737,928.0
2023-05-08,S005_P0020,1445,706.0
2023-05-15,S005_P0020,789,683.0
2023-05-22,S005_P0020,682,576.0
2023-05-29,S005_P0020,951,1271.0
2023-06-05,S005_P0020,568,977.0
2023-06-12,S005_P0020,924,863.0
2023-06-19,S005_P0020,946,1169.0
2023-06-26,S005_P0020,959,900.0
2023-07-03,S005_P0020,749,1406.0
2023-07-10,S005_P0020,1079,990.0
2023-07-17,S005_P0020,1336,1169.0
2023-07-24,S005_P0020,1069,613.0
2023-07-31,S005_P0020,593,937.0
2023-08-07,S005_P0020,1148,1363.0
2023-08-14,S005_P0020,1295,1135.0
2023-08-21,S005_P0020,613,914.0
2023-08-28,S005_P0020,1225,623.0
2023-09-04,S005_P0020,911,1317.0
2023-09-11,S005_P0020,704,653.0
2023-09-18,S005_P0020,731,874.0
2023-09-25,S005_P0020,1565,1338.0
2023-10-02,S005_P0020,985,1259.0
2023-10-09,S005_P0020,933,534.0
2023-10-16,S005_P0020,722,1080.0
2023-10-23,S005_P0020,746,898.0
2023-10-30,S005_P0020,814,879.0
2023-11-06,S005_P0020,1186,1120.0
2023-11-13,S005_P0020,1610,758.0
2023-11-20,S005_P0020,1333,1083.0
2023-11-27,S005_P0020,829,1045.0
2023-12-04,S005_P0020,1224,1045.0
2023-12-11,S005_P0020,991,391.0
2023-12-18,S005_P0020,1071,1181.0
2023-12-25,S005_P0020,835,739.0
